population_group_id,population_group_name,measure_id,measure_name,location_id,location_name,sex_id,sex_name,age_id,age_name,cause_id,cause_name,rei_id,rei_name,metric_id,metric_name,year_start,year_end,val,upper,lower
1,All Population,1,Deaths,7,Democratic People's Republic of Korea,3,Both,27,Age-standardized,414,Stomach cancer,98,Tobacco,2,Percent,1990,2023,-0.23774853104186847,0.32496766773037505,-0.5452787335634746
1,All Population,1,Deaths,7,Democratic People's Republic of Korea,3,Both,27,Age-standardized,411,Esophageal cancer,98,Tobacco,2,Percent,1990,2023,-0.25542505132988014,0.09976764560907066,-0.5103378791405913
1,All Population,1,Deaths,7,Democratic People's Republic of Korea,3,Both,27,Age-standardized,426,"Tracheal, bronchus, and lung cancer",98,Tobacco,2,Percent,1990,2023,-0.13212775164738827,0.1642693168868483,-0.34187819606666137
1,All Population,1,Deaths,7,Democratic People's Republic of Korea,3,Both,27,Age-standardized,417,Liver cancer,98,Tobacco,2,Percent,1990,2023,-0.19795731329077934,0.33269256669529046,-0.531358264664703
1,All Population,1,Deaths,7,Democratic People's Republic of Korea,3,Both,27,Age-standardized,456,Pancreatic cancer,98,Tobacco,2,Percent,1990,2023,-0.21291841984450327,0.27797141982638957,-0.5337930301707543
1,All Population,1,Deaths,7,Democratic People's Republic of Korea,3,Both,27,Age-standardized,423,Larynx cancer,98,Tobacco,2,Percent,1990,2023,-0.06133286211638071,0.18372140927290687,-0.28092113374815814
1,All Population,1,Deaths,7,Democratic People's Republic of Korea,3,Both,27,Age-standardized,429,Breast cancer,98,Tobacco,2,Percent,1990,2023,-0.02208084914900992,0.13719497926923796,-0.15931495856768907
1,All Population,1,Deaths,7,Democratic People's Republic of Korea,3,Both,27,Age-standardized,432,Cervical cancer,98,Tobacco,2,Percent,1990,2023,-0.005469540407325444,2.883044954103215,-0.7504927501897463
1,All Population,1,Deaths,7,Democratic People's Republic of Korea,3,Both,27,Age-standardized,438,Prostate cancer,98,Tobacco,2,Percent,1990,2023,-0.20782470356387922,0.192284831579724,-0.4996559273404631
1,All Population,1,Deaths,7,Democratic People's Republic of Korea,3,Both,27,Age-standardized,471,Kidney cancer,98,Tobacco,2,Percent,1990,2023,-0.26196391228975874,0.14753067557583768,-0.5512275810730121
1,All Population,1,Deaths,7,Democratic People's Republic of Korea,3,Both,27,Age-standardized,474,Bladder cancer,98,Tobacco,2,Percent,1990,2023,-0.22459411717068686,0.20362984519273988,-0.5222344562977822
1,All Population,1,Deaths,7,Democratic People's Republic of Korea,3,Both,27,Age-standardized,447,Nasopharynx cancer,98,Tobacco,2,Percent,1990,2023,-0.3247734324273511,0.04597198529495448,-0.5795816059450056
1,All Population,1,Deaths,7,Democratic People's Republic of Korea,3,Both,27,Age-standardized,450,Other pharynx cancer,98,Tobacco,2,Percent,1990,2023,-0.17974496091133993,0.12801141361020374,-0.46994474832746785
1,All Population,1,Deaths,26,Papua New Guinea,3,Both,27,Age-standardized,417,Liver cancer,98,Tobacco,2,Percent,1990,2023,-0.10058982189578412,0.4210607419897709,-0.4253959575581274
1,All Population,1,Deaths,28,Solomon Islands,3,Both,27,Age-standardized,423,Larynx cancer,98,Tobacco,2,Percent,1990,2023,-0.02707326112908484,0.08354434284907994,-0.1351075361136725
1,All Population,1,Deaths,28,Solomon Islands,3,Both,27,Age-standardized,411,Esophageal cancer,98,Tobacco,2,Percent,1990,2023,-0.08747209075087882,0.23802909713545697,-0.3355984949160903
1,All Population,1,Deaths,28,Solomon Islands,3,Both,27,Age-standardized,414,Stomach cancer,98,Tobacco,2,Percent,1990,2023,-0.1302763381633117,0.3106091794247999,-0.4629117051041121
1,All Population,1,Deaths,28,Solomon Islands,3,Both,27,Age-standardized,450,Other pharynx cancer,98,Tobacco,2,Percent,1990,2023,-0.043978999800462625,0.2198739998989503,-0.2657043567486984
1,All Population,1,Deaths,28,Solomon Islands,3,Both,27,Age-standardized,426,"Tracheal, bronchus, and lung cancer",98,Tobacco,2,Percent,1990,2023,-0.05931464182986211,0.18043303069173566,-0.26004574800562
1,All Population,1,Deaths,26,Papua New Guinea,3,Both,27,Age-standardized,423,Larynx cancer,98,Tobacco,2,Percent,1990,2023,-0.09663530092256334,0.13638591262462604,-0.2958960747401962
1,All Population,1,Deaths,26,Papua New Guinea,3,Both,27,Age-standardized,444,Lip and oral cavity cancer,98,Tobacco,2,Percent,1990,2023,-0.10058953801558086,0.3761237507245492,-0.43312856401413696
1,All Population,1,Deaths,28,Solomon Islands,3,Both,27,Age-standardized,456,Pancreatic cancer,98,Tobacco,2,Percent,1990,2023,-0.07332151849549233,0.33459594364951817,-0.3876728464575683
1,All Population,1,Deaths,41,Uzbekistan,3,Both,27,Age-standardized,423,Larynx cancer,98,Tobacco,2,Percent,1990,2023,-0.05351273043529507,0.09379662059785074,-0.18364686030602229
1,All Population,1,Deaths,28,Solomon Islands,3,Both,27,Age-standardized,429,Breast cancer,98,Tobacco,2,Percent,1990,2023,0.12897683020202486,0.3348590807547115,-0.06981510799476022
1,All Population,1,Deaths,26,Papua New Guinea,3,Both,27,Age-standardized,432,Cervical cancer,98,Tobacco,2,Percent,1990,2023,-0.10347060545677084,0.5943542716151934,-0.45624840589514815
1,All Population,1,Deaths,26,Papua New Guinea,3,Both,27,Age-standardized,438,Prostate cancer,98,Tobacco,2,Percent,1990,2023,-0.223203129320832,0.4567268020555996,-0.5984159518081613
1,All Population,1,Deaths,26,Papua New Guinea,3,Both,27,Age-standardized,447,Nasopharynx cancer,98,Tobacco,2,Percent,1990,2023,-0.05639736182628411,0.3964369880849439,-0.36690107640637953
1,All Population,1,Deaths,26,Papua New Guinea,3,Both,27,Age-standardized,487,Leukemia,98,Tobacco,2,Percent,1990,2023,-0.21245823366442232,0.3792546946493467,-0.5072874642447343
1,All Population,1,Deaths,41,Uzbekistan,3,Both,27,Age-standardized,426,"Tracheal, bronchus, and lung cancer",98,Tobacco,2,Percent,1990,2023,-0.05073016805857933,0.12100367855189259,-0.20566108324696944
1,All Population,1,Deaths,41,Uzbekistan,3,Both,27,Age-standardized,450,Other pharynx cancer,98,Tobacco,2,Percent,1990,2023,-0.07127228598898966,0.259477645960397,-0.3648873200515937
1,All Population,1,Deaths,26,Papua New Guinea,3,Both,27,Age-standardized,441,Colon and rectum cancer,98,Tobacco,2,Percent,1990,2023,-0.14281502589137532,0.37701831978883,-0.48704800812639615
1,All Population,1,Deaths,26,Papua New Guinea,3,Both,27,Age-standardized,474,Bladder cancer,98,Tobacco,2,Percent,1990,2023,-0.20908041066122188,0.3194837596074496,-0.5134044819994728
1,All Population,1,Deaths,28,Solomon Islands,3,Both,27,Age-standardized,444,Lip and oral cavity cancer,98,Tobacco,2,Percent,1990,2023,-0.0898148520858269,0.2289442057196735,-0.3694758173949171
1,All Population,1,Deaths,20,Viet Nam,3,Both,27,Age-standardized,438,Prostate cancer,98,Tobacco,2,Percent,1990,2023,-0.08012989706823075,0.14323883080477107,-0.30125689498657227
1,All Population,1,Deaths,20,Viet Nam,3,Both,27,Age-standardized,441,Colon and rectum cancer,98,Tobacco,2,Percent,1990,2023,-0.11258232098961901,0.255356228045074,-0.3708164962559152
1,All Population,1,Deaths,24,Marshall Islands,3,Both,27,Age-standardized,411,Esophageal cancer,98,Tobacco,2,Percent,1990,2023,-0.011527106698115278,0.5907177046354704,-0.3541204835354971
1,All Population,1,Deaths,24,Marshall Islands,3,Both,27,Age-standardized,414,Stomach cancer,98,Tobacco,2,Percent,1990,2023,-0.06179118579409343,0.5889758851423431,-0.4609421143173572
1,All Population,1,Deaths,20,Viet Nam,3,Both,27,Age-standardized,444,Lip and oral cavity cancer,98,Tobacco,2,Percent,1990,2023,-0.061745638569127605,0.22395724688788082,-0.284617943240537
1,All Population,1,Deaths,24,Marshall Islands,3,Both,27,Age-standardized,426,"Tracheal, bronchus, and lung cancer",98,Tobacco,2,Percent,1990,2023,-0.039826345987424384,0.255378251394098,-0.26247425144758313
1,All Population,1,Deaths,22,Fiji,3,Both,27,Age-standardized,444,Lip and oral cavity cancer,98,Tobacco,2,Percent,1990,2023,-0.3112570457041894,0.028369038575311076,-0.5720612980107904
1,All Population,1,Deaths,20,Viet Nam,3,Both,27,Age-standardized,487,Leukemia,98,Tobacco,2,Percent,1990,2023,0.17944140195159486,0.7889425863665671,-0.1907397071674357
1,All Population,1,Deaths,47,Czechia,3,Both,27,Age-standardized,423,Larynx cancer,98,Tobacco,2,Percent,1990,2023,-0.07344211863619646,-0.024066919351806465,-0.1277689097358693
1,All Population,1,Deaths,47,Czechia,3,Both,27,Age-standardized,447,Nasopharynx cancer,98,Tobacco,2,Percent,1990,2023,-0.16078751462412993,0.05701740470256013,-0.32327783399000454
1,All Population,1,Deaths,28,Solomon Islands,3,Both,27,Age-standardized,471,Kidney cancer,98,Tobacco,2,Percent,1990,2023,-0.12991460363651766,0.23124589989675812,-0.40326828452831864
1,All Population,1,Deaths,26,Papua New Guinea,3,Both,27,Age-standardized,450,Other pharynx cancer,98,Tobacco,2,Percent,1990,2023,-0.09862794239268227,0.2751816035846368,-0.39706849023154595
1,All Population,1,Deaths,41,Uzbekistan,3,Both,27,Age-standardized,456,Pancreatic cancer,98,Tobacco,2,Percent,1990,2023,0.1387780312095617,0.7351238807464766,-0.29718993734045596
1,All Population,1,Deaths,26,Papua New Guinea,3,Both,27,Age-standardized,456,Pancreatic cancer,98,Tobacco,2,Percent,1990,2023,-0.15484812345145874,0.44560224503461254,-0.494832715381515
1,All Population,1,Deaths,20,Viet Nam,3,Both,27,Age-standardized,423,Larynx cancer,98,Tobacco,2,Percent,1990,2023,-0.012701343271540464,0.06745389013328691,-0.07676150288573871
1,All Population,1,Deaths,20,Viet Nam,3,Both,27,Age-standardized,447,Nasopharynx cancer,98,Tobacco,2,Percent,1990,2023,-0.05941768682984775,0.24236091981272073,-0.29627929558017124
1,All Population,1,Deaths,20,Viet Nam,3,Both,27,Age-standardized,450,Other pharynx cancer,98,Tobacco,2,Percent,1990,2023,-0.05046937692434369,0.10357575813032424,-0.17730896503153976
1,All Population,1,Deaths,24,Marshall Islands,3,Both,27,Age-standardized,417,Liver cancer,98,Tobacco,2,Percent,1990,2023,-0.0016151659453049099,0.49328334780364136,-0.3902486142495112
1,All Population,1,Deaths,28,Solomon Islands,3,Both,27,Age-standardized,417,Liver cancer,98,Tobacco,2,Percent,1990,2023,-0.017858854885539243,0.40361675253852614,-0.3374768035989726
1,All Population,1,Deaths,47,Czechia,3,Both,27,Age-standardized,450,Other pharynx cancer,98,Tobacco,2,Percent,1990,2023,-0.13179065723945882,-0.005515225500795076,-0.2526458254056305
1,All Population,1,Deaths,22,Fiji,3,Both,27,Age-standardized,447,Nasopharynx cancer,98,Tobacco,2,Percent,1990,2023,-0.3165240218630574,0.009571693932631591,-0.5313342959022498
1,All Population,1,Deaths,22,Fiji,3,Both,27,Age-standardized,487,Leukemia,98,Tobacco,2,Percent,1990,2023,-0.4698821320400028,-0.1806535437743629,-0.6694717269254706
1,All Population,1,Deaths,24,Marshall Islands,3,Both,27,Age-standardized,429,Breast cancer,98,Tobacco,2,Percent,1990,2023,0.06500111103588144,0.26790452014016725,-0.1112318019647526
1,All Population,1,Deaths,24,Marshall Islands,3,Both,27,Age-standardized,471,Kidney cancer,98,Tobacco,2,Percent,1990,2023,-0.0781927502016788,0.4248803962943866,-0.4004390012169262
1,All Population,1,Deaths,28,Solomon Islands,3,Both,27,Age-standardized,447,Nasopharynx cancer,98,Tobacco,2,Percent,1990,2023,-0.1314357214554696,0.20146595035317283,-0.3682137112992434
1,All Population,1,Deaths,28,Solomon Islands,3,Both,27,Age-standardized,487,Leukemia,98,Tobacco,2,Percent,1990,2023,-0.25182094515936226,0.21462154606904296,-0.5251297933119685
1,All Population,1,Deaths,43,Albania,3,Both,27,Age-standardized,438,Prostate cancer,98,Tobacco,2,Percent,1990,2023,-0.31380348435497735,0.00908644145483392,-0.5455830716101678
1,All Population,1,Deaths,43,Albania,3,Both,27,Age-standardized,441,Colon and rectum cancer,98,Tobacco,2,Percent,1990,2023,-0.014044506452144808,0.5216838280723863,-0.41768112288596904
1,All Population,1,Deaths,39,Tajikistan,3,Both,27,Age-standardized,411,Esophageal cancer,98,Tobacco,2,Percent,1990,2023,-0.29966153475421126,0.0859642858587003,-0.5732976437409095
1,All Population,1,Deaths,24,Marshall Islands,3,Both,27,Age-standardized,444,Lip and oral cavity cancer,98,Tobacco,2,Percent,1990,2023,-0.005267215890235729,0.5555504478840656,-0.37396994941721773
1,All Population,1,Deaths,39,Tajikistan,3,Both,27,Age-standardized,426,"Tracheal, bronchus, and lung cancer",98,Tobacco,2,Percent,1990,2023,-0.3492490190030585,-0.1389493729225663,-0.5053865812298624
1,All Population,1,Deaths,6,China,3,Both,27,Age-standardized,417,Liver cancer,98,Tobacco,2,Percent,1990,2023,-0.0034117027995482843,0.20512392896229212,-0.18793597880720472
1,All Population,1,Deaths,24,Marshall Islands,3,Both,27,Age-standardized,447,Nasopharynx cancer,98,Tobacco,2,Percent,1990,2023,-0.09302326722533487,0.39574335389460946,-0.4027556140093701
1,All Population,1,Deaths,24,Marshall Islands,3,Both,27,Age-standardized,487,Leukemia,98,Tobacco,2,Percent,1990,2023,-0.14276651630698425,0.635498435368752,-0.5189620323540021
1,All Population,1,Deaths,39,Tajikistan,3,Both,27,Age-standardized,456,Pancreatic cancer,98,Tobacco,2,Percent,1990,2023,-0.4869210284398402,-0.0712195364011173,-0.7325264601029563
1,All Population,1,Deaths,6,China,3,Both,27,Age-standardized,429,Breast cancer,98,Tobacco,2,Percent,1990,2023,-0.15095250180640107,-0.042313074643321055,-0.25129731819177625
1,All Population,1,Deaths,6,China,3,Both,27,Age-standardized,432,Cervical cancer,98,Tobacco,2,Percent,1990,2023,-0.33496863532040455,0.16988124402352875,-0.5852814435229713
1,All Population,1,Deaths,28,Solomon Islands,3,Both,27,Age-standardized,432,Cervical cancer,98,Tobacco,2,Percent,1990,2023,0.07191586688846142,1.193578579846395,-0.5059667003817654
1,All Population,1,Deaths,28,Solomon Islands,3,Both,27,Age-standardized,438,Prostate cancer,98,Tobacco,2,Percent,1990,2023,-0.028451647215804995,0.43409598582525155,-0.37156604487636524
1,All Population,1,Deaths,26,Papua New Guinea,3,Both,27,Age-standardized,411,Esophageal cancer,98,Tobacco,2,Percent,1990,2023,-0.14666217990422653,0.3531404513607378,-0.452671462321356
1,All Population,1,Deaths,26,Papua New Guinea,3,Both,27,Age-standardized,414,Stomach cancer,98,Tobacco,2,Percent,1990,2023,-0.1830420752341002,0.44087387546990064,-0.5308238474393058
1,All Population,1,Deaths,26,Papua New Guinea,3,Both,27,Age-standardized,426,"Tracheal, bronchus, and lung cancer",98,Tobacco,2,Percent,1990,2023,-0.1018741569478756,0.16988875399624917,-0.2969640017915367
1,All Population,1,Deaths,26,Papua New Guinea,3,Both,27,Age-standardized,429,Breast cancer,98,Tobacco,2,Percent,1990,2023,0.03794077478222373,0.24050151211480597,-0.13803389162111473
1,All Population,1,Deaths,26,Papua New Guinea,3,Both,27,Age-standardized,471,Kidney cancer,98,Tobacco,2,Percent,1990,2023,-0.2161948750172976,0.302088883286983,-0.5244411497179858
1,All Population,1,Deaths,14,Maldives,3,Both,27,Age-standardized,411,Esophageal cancer,98,Tobacco,2,Percent,1990,2023,0.11750288772927046,0.6470842146591379,-0.1939845118161799
1,All Population,1,Deaths,14,Maldives,3,Both,27,Age-standardized,414,Stomach cancer,98,Tobacco,2,Percent,1990,2023,0.04110641303349411,0.7279677373202876,-0.3595857511470105
1,All Population,1,Deaths,43,Albania,3,Both,27,Age-standardized,411,Esophageal cancer,98,Tobacco,2,Percent,1990,2023,0.03194991608110221,0.43053835848819066,-0.22929911058886188
1,All Population,1,Deaths,43,Albania,3,Both,27,Age-standardized,426,"Tracheal, bronchus, and lung cancer",98,Tobacco,2,Percent,1990,2023,-0.06533082118237116,0.06328412554235896,-0.18597363530912103
1,All Population,1,Deaths,7,Democratic People's Republic of Korea,3,Both,27,Age-standardized,441,Colon and rectum cancer,98,Tobacco,2,Percent,1990,2023,-0.16649299739723233,0.4956319325882588,-0.5564905253843879
1,All Population,1,Deaths,7,Democratic People's Republic of Korea,3,Both,27,Age-standardized,444,Lip and oral cavity cancer,98,Tobacco,2,Percent,1990,2023,-0.17609841829300021,0.2330763731521189,-0.4891670319403198
1,All Population,1,Deaths,22,Fiji,3,Both,27,Age-standardized,432,Cervical cancer,98,Tobacco,2,Percent,1990,2023,-0.2428886063133656,0.4945209143759048,-0.623767633067026
1,All Population,1,Deaths,22,Fiji,3,Both,27,Age-standardized,438,Prostate cancer,98,Tobacco,2,Percent,1990,2023,-0.22878668976552788,0.1565906412842726,-0.48183445100133593
1,All Population,1,Deaths,22,Fiji,3,Both,27,Age-standardized,441,Colon and rectum cancer,98,Tobacco,2,Percent,1990,2023,-0.295082706636015,0.19832438904659988,-0.591719240894413
1,All Population,1,Deaths,7,Democratic People's Republic of Korea,3,Both,27,Age-standardized,487,Leukemia,98,Tobacco,2,Percent,1990,2023,-0.3462264735844773,0.057348379446688906,-0.6237276384406303
1,All Population,1,Deaths,24,Marshall Islands,3,Both,27,Age-standardized,432,Cervical cancer,98,Tobacco,2,Percent,1990,2023,-0.022824582907383466,1.442561433093518,-0.6350540121577131
1,All Population,1,Deaths,24,Marshall Islands,3,Both,27,Age-standardized,438,Prostate cancer,98,Tobacco,2,Percent,1990,2023,-0.15519604834157236,0.301609272328589,-0.4546564750210853
1,All Population,1,Deaths,18,Thailand,3,Both,27,Age-standardized,417,Liver cancer,98,Tobacco,2,Percent,1990,2023,-0.2641672293070286,-0.05439716732226341,-0.4065553740185515
1,All Population,1,Deaths,12,Lao People's Democratic Republic,3,Both,27,Age-standardized,423,Larynx cancer,98,Tobacco,2,Percent,1990,2023,-0.030005263467646492,0.17399526029184148,-0.16576744521509143
1,All Population,1,Deaths,12,Lao People's Democratic Republic,3,Both,27,Age-standardized,444,Lip and oral cavity cancer,98,Tobacco,2,Percent,1990,2023,-0.09895120479828964,0.19566019309297333,-0.3367204775688058
1,All Population,1,Deaths,43,Albania,3,Both,27,Age-standardized,456,Pancreatic cancer,98,Tobacco,2,Percent,1990,2023,-0.06203880386525492,0.33424581139963777,-0.3886459250187752
1,All Population,1,Deaths,12,Lao People's Democratic Republic,3,Both,27,Age-standardized,447,Nasopharynx cancer,98,Tobacco,2,Percent,1990,2023,-0.14248010855874368,0.18595239321919138,-0.38731169911465374
1,All Population,1,Deaths,12,Lao People's Democratic Republic,3,Both,27,Age-standardized,487,Leukemia,98,Tobacco,2,Percent,1990,2023,-0.16084202784301826,0.3685403223343645,-0.4945325285477135
1,All Population,1,Deaths,18,Thailand,3,Both,27,Age-standardized,432,Cervical cancer,98,Tobacco,2,Percent,1990,2023,-0.5523578871407931,-0.1635295708311142,-0.7476270243970065
1,All Population,1,Deaths,28,Solomon Islands,3,Both,27,Age-standardized,441,Colon and rectum cancer,98,Tobacco,2,Percent,1990,2023,-0.07392769483084921,0.4864378543321227,-0.44611368669873547
1,All Population,1,Deaths,28,Solomon Islands,3,Both,27,Age-standardized,474,Bladder cancer,98,Tobacco,2,Percent,1990,2023,-0.1089393400909777,0.21145257473850954,-0.36786673723911156
1,All Population,1,Deaths,24,Marshall Islands,3,Both,27,Age-standardized,441,Colon and rectum cancer,98,Tobacco,2,Percent,1990,2023,-0.01247510962316021,0.7893481048124967,-0.45168633888815884
1,All Population,1,Deaths,24,Marshall Islands,3,Both,27,Age-standardized,474,Bladder cancer,98,Tobacco,2,Percent,1990,2023,-0.09286226508494064,0.41379855982200736,-0.43550673077493757
1,All Population,1,Deaths,22,Fiji,3,Both,27,Age-standardized,423,Larynx cancer,98,Tobacco,2,Percent,1990,2023,-0.12616507400879481,0.02369223188421852,-0.2554752449615929
1,All Population,1,Deaths,22,Fiji,3,Both,27,Age-standardized,426,"Tracheal, bronchus, and lung cancer",98,Tobacco,2,Percent,1990,2023,-0.21362096654846663,-0.0458212102358597,-0.3623913874397662
1,All Population,1,Deaths,20,Viet Nam,3,Both,27,Age-standardized,414,Stomach cancer,98,Tobacco,2,Percent,1990,2023,-0.10312853103824952,0.2278475902685515,-0.3528986733224712
1,All Population,1,Deaths,20,Viet Nam,3,Both,27,Age-standardized,417,Liver cancer,98,Tobacco,2,Percent,1990,2023,-0.07795575631707648,0.13860370027899294,-0.2695284900860268
1,All Population,1,Deaths,20,Viet Nam,3,Both,27,Age-standardized,429,Breast cancer,98,Tobacco,2,Percent,1990,2023,-0.07901837482567545,0.017443621908607855,-0.18508095178495523
1,All Population,1,Deaths,20,Viet Nam,3,Both,27,Age-standardized,432,Cervical cancer,98,Tobacco,2,Percent,1990,2023,-0.5955055830658615,-0.0773464487744342,-0.8236116033868677
1,All Population,1,Deaths,20,Viet Nam,3,Both,27,Age-standardized,474,Bladder cancer,98,Tobacco,2,Percent,1990,2023,-0.12267791421429407,0.08334174147400328,-0.27901231226675055
1,All Population,1,Deaths,16,Philippines,3,Both,27,Age-standardized,411,Esophageal cancer,98,Tobacco,2,Percent,1990,2023,-0.21393409263594632,-0.04173363630908202,-0.3652126791840283
1,All Population,1,Deaths,16,Philippines,3,Both,27,Age-standardized,414,Stomach cancer,98,Tobacco,2,Percent,1990,2023,-0.37595370365031905,-0.15006650899515525,-0.5417435087838008
1,All Population,1,Deaths,16,Philippines,3,Both,27,Age-standardized,426,"Tracheal, bronchus, and lung cancer",98,Tobacco,2,Percent,1990,2023,-0.1689523643386381,-0.08010194427529721,-0.24199381670777337
1,All Population,1,Deaths,24,Marshall Islands,3,Both,27,Age-standardized,423,Larynx cancer,98,Tobacco,2,Percent,1990,2023,-0.022025491083907067,0.17671010180863972,-0.19832744977607394
1,All Population,1,Deaths,18,Thailand,3,Both,27,Age-standardized,438,Prostate cancer,98,Tobacco,2,Percent,1990,2023,-0.378543068209106,-0.21823238834210618,-0.5001466675863575
1,All Population,1,Deaths,18,Thailand,3,Both,27,Age-standardized,474,Bladder cancer,98,Tobacco,2,Percent,1990,2023,-0.3074803767470904,-0.17094714141971776,-0.41332377084735505
1,All Population,1,Deaths,24,Marshall Islands,3,Both,27,Age-standardized,450,Other pharynx cancer,98,Tobacco,2,Percent,1990,2023,0.007004282147352572,0.42727813081619875,-0.32519445301523564
1,All Population,1,Deaths,22,Fiji,3,Both,27,Age-standardized,450,Other pharynx cancer,98,Tobacco,2,Percent,1990,2023,-0.2257655274984928,0.0304402288776384,-0.4468410876736449
1,All Population,1,Deaths,47,Czechia,3,Both,27,Age-standardized,438,Prostate cancer,98,Tobacco,2,Percent,1990,2023,-0.3578105450786121,-0.11445215525418817,-0.5261111247718433
1,All Population,1,Deaths,47,Czechia,3,Both,27,Age-standardized,441,Colon and rectum cancer,98,Tobacco,2,Percent,1990,2023,-0.2160999320739386,0.03278843023910075,-0.4156381085613558
1,All Population,1,Deaths,43,Albania,3,Both,27,Age-standardized,487,Leukemia,98,Tobacco,2,Percent,1990,2023,0.052290383487884215,0.4946871157162432,-0.27670582251726034
1,All Population,1,Deaths,22,Fiji,3,Both,27,Age-standardized,456,Pancreatic cancer,98,Tobacco,2,Percent,1990,2023,-0.3311133707344188,0.006648819991937852,-0.5638647821891651
1,All Population,1,Deaths,24,Marshall Islands,3,Both,27,Age-standardized,456,Pancreatic cancer,98,Tobacco,2,Percent,1990,2023,-0.059684684762454074,0.5684719152662673,-0.45424248082545887
1,All Population,1,Deaths,14,Maldives,3,Both,27,Age-standardized,417,Liver cancer,98,Tobacco,2,Percent,1990,2023,0.01152539708671832,0.41908377099222704,-0.29177219349847444
1,All Population,1,Deaths,14,Maldives,3,Both,27,Age-standardized,429,Breast cancer,98,Tobacco,2,Percent,1990,2023,0.030437060718259325,0.1880778585714129,-0.11744214334440378
1,All Population,1,Deaths,18,Thailand,3,Both,27,Age-standardized,411,Esophageal cancer,98,Tobacco,2,Percent,1990,2023,-0.2947718550277645,-0.157775441577064,-0.4272959367774352
1,All Population,1,Deaths,45,Bulgaria,3,Both,27,Age-standardized,423,Larynx cancer,98,Tobacco,2,Percent,1990,2023,-5.533124995086809e-06,0.05964584843778134,-0.05440382696177358
1,All Population,1,Deaths,45,Bulgaria,3,Both,27,Age-standardized,444,Lip and oral cavity cancer,98,Tobacco,2,Percent,1990,2023,0.023330916178019953,0.21768709406129744,-0.13310927489746213
1,All Population,1,Deaths,45,Bulgaria,3,Both,27,Age-standardized,447,Nasopharynx cancer,98,Tobacco,2,Percent,1990,2023,0.11274021231670527,0.38105899663740267,-0.12151087253370721
1,All Population,1,Deaths,45,Bulgaria,3,Both,27,Age-standardized,450,Other pharynx cancer,98,Tobacco,2,Percent,1990,2023,0.010375049796965805,0.14766193112383702,-0.11227303167325427
1,All Population,1,Deaths,16,Philippines,3,Both,27,Age-standardized,429,Breast cancer,98,Tobacco,2,Percent,1990,2023,-0.3001272590208596,-0.18306092384633982,-0.40952733428587146
1,All Population,1,Deaths,16,Philippines,3,Both,27,Age-standardized,456,Pancreatic cancer,98,Tobacco,2,Percent,1990,2023,-0.34519170460172466,-0.14735829038951997,-0.5104745802906248
1,All Population,1,Deaths,12,Lao People's Democratic Republic,3,Both,27,Age-standardized,411,Esophageal cancer,98,Tobacco,2,Percent,1990,2023,-0.09119423930078462,0.3345561855658641,-0.3778248627537652
1,All Population,1,Deaths,12,Lao People's Democratic Republic,3,Both,27,Age-standardized,414,Stomach cancer,98,Tobacco,2,Percent,1990,2023,-0.16974728431063268,0.37230908145774366,-0.5134780591858725
1,All Population,1,Deaths,16,Philippines,3,Both,27,Age-standardized,471,Kidney cancer,98,Tobacco,2,Percent,1990,2023,-0.3047606866649994,-0.07867163530501647,-0.4717960637038813
1,All Population,1,Deaths,47,Czechia,3,Both,27,Age-standardized,411,Esophageal cancer,98,Tobacco,2,Percent,1990,2023,-0.058736914966961505,0.08815671885248294,-0.19070228840286282
1,All Population,1,Deaths,18,Thailand,3,Both,27,Age-standardized,441,Colon and rectum cancer,98,Tobacco,2,Percent,1990,2023,-0.29075349627299324,-0.07295723446411086,-0.4311678487691186
1,All Population,1,Deaths,18,Thailand,3,Both,27,Age-standardized,444,Lip and oral cavity cancer,98,Tobacco,2,Percent,1990,2023,-0.3023552234534471,-0.11306871509416097,-0.46187618433141064
1,All Population,1,Deaths,47,Czechia,3,Both,27,Age-standardized,426,"Tracheal, bronchus, and lung cancer",98,Tobacco,2,Percent,1990,2023,-0.16277666893456086,-0.09410493749478974,-0.2273932162531593
1,All Population,1,Deaths,47,Czechia,3,Both,27,Age-standardized,456,Pancreatic cancer,98,Tobacco,2,Percent,1990,2023,-0.21055342210931932,0.027530424379200474,-0.37528476689899803
1,All Population,1,Deaths,18,Thailand,3,Both,27,Age-standardized,487,Leukemia,98,Tobacco,2,Percent,1990,2023,-0.4663635732104149,-0.2853802917780918,-0.6008238332843435
1,All Population,1,Deaths,12,Lao People's Democratic Republic,3,Both,27,Age-standardized,438,Prostate cancer,98,Tobacco,2,Percent,1990,2023,-0.31253084152727584,-0.016239795986602884,-0.5209507417663728
1,All Population,1,Deaths,14,Maldives,3,Both,27,Age-standardized,432,Cervical cancer,98,Tobacco,2,Percent,1990,2023,-0.1282477883947406,1.3429444958380412,-0.7178128641873482
1,All Population,1,Deaths,14,Maldives,3,Both,27,Age-standardized,471,Kidney cancer,98,Tobacco,2,Percent,1990,2023,0.02929266957536049,0.46882307133213214,-0.2692873249488745
1,All Population,1,Deaths,6,China,3,Both,27,Age-standardized,438,Prostate cancer,98,Tobacco,2,Percent,1990,2023,-0.06604549639519498,0.19150629940676672,-0.2908222976483185
1,All Population,1,Deaths,6,China,3,Both,27,Age-standardized,474,Bladder cancer,98,Tobacco,2,Percent,1990,2023,0.01334458311487258,0.23339277637114958,-0.14368512321144578
1,All Population,1,Deaths,14,Maldives,3,Both,27,Age-standardized,474,Bladder cancer,98,Tobacco,2,Percent,1990,2023,-0.04077816426563118,0.25471626283050586,-0.2966776034942625
1,All Population,1,Deaths,47,Czechia,3,Both,27,Age-standardized,414,Stomach cancer,98,Tobacco,2,Percent,1990,2023,-0.2043632503517477,0.03411230822542015,-0.3775006946304344
1,All Population,1,Deaths,47,Czechia,3,Both,27,Age-standardized,417,Liver cancer,98,Tobacco,2,Percent,1990,2023,-0.15092564056213653,0.08157663954333474,-0.35312641203941286
1,All Population,1,Deaths,12,Lao People's Democratic Republic,3,Both,27,Age-standardized,417,Liver cancer,98,Tobacco,2,Percent,1990,2023,-0.008819328963030374,0.5398836950414985,-0.3328886872412919
1,All Population,1,Deaths,18,Thailand,3,Both,27,Age-standardized,414,Stomach cancer,98,Tobacco,2,Percent,1990,2023,-0.385088437628448,-0.21739777855300274,-0.5222685757613226
1,All Population,1,Deaths,18,Thailand,3,Both,27,Age-standardized,426,"Tracheal, bronchus, and lung cancer",98,Tobacco,2,Percent,1990,2023,-0.20245047050587278,-0.09218245509199745,-0.28247210854029203
1,All Population,1,Deaths,12,Lao People's Democratic Republic,3,Both,27,Age-standardized,441,Colon and rectum cancer,98,Tobacco,2,Percent,1990,2023,-0.07461993667847851,0.7054918009625019,-0.46216211861369183
1,All Population,1,Deaths,47,Czechia,3,Both,27,Age-standardized,444,Lip and oral cavity cancer,98,Tobacco,2,Percent,1990,2023,-0.14916046264913796,0.003981739999003721,-0.2877939598845599
1,All Population,1,Deaths,35,Georgia,3,Both,27,Age-standardized,417,Liver cancer,98,Tobacco,2,Percent,1990,2023,0.4181320601396537,0.9360311791213164,0.0737154828540419
1,All Population,1,Deaths,35,Georgia,3,Both,27,Age-standardized,429,Breast cancer,98,Tobacco,2,Percent,1990,2023,0.144422350763677,0.3267982490006139,-0.019008267076244534
1,All Population,1,Deaths,47,Czechia,3,Both,27,Age-standardized,487,Leukemia,98,Tobacco,2,Percent,1990,2023,-0.1073708458958454,0.1395637821387375,-0.2955972577664396
1,All Population,1,Deaths,18,Thailand,3,Both,27,Age-standardized,429,Breast cancer,98,Tobacco,2,Percent,1990,2023,-0.3343895065536016,-0.25294297303726365,-0.41432514064837295
1,All Population,1,Deaths,18,Thailand,3,Both,27,Age-standardized,456,Pancreatic cancer,98,Tobacco,2,Percent,1990,2023,-0.32530772100413347,-0.15557337390310194,-0.46681190055053867
1,All Population,1,Deaths,41,Uzbekistan,3,Both,27,Age-standardized,444,Lip and oral cavity cancer,98,Tobacco,2,Percent,1990,2023,-0.053426261898756114,0.2797443384477537,-0.37478704448755135
1,All Population,1,Deaths,12,Lao People's Democratic Republic,3,Both,27,Age-standardized,429,Breast cancer,98,Tobacco,2,Percent,1990,2023,0.047610031424350864,0.19314402067539327,-0.08314243074618609
1,All Population,1,Deaths,12,Lao People's Democratic Republic,3,Both,27,Age-standardized,432,Cervical cancer,98,Tobacco,2,Percent,1990,2023,-0.013195287331025232,1.7636325368115502,-0.662874904033647
1,All Population,1,Deaths,35,Georgia,3,Both,27,Age-standardized,432,Cervical cancer,98,Tobacco,2,Percent,1990,2023,0.20619853969250834,1.425961846367585,-0.427535748431191
1,All Population,1,Deaths,35,Georgia,3,Both,27,Age-standardized,438,Prostate cancer,98,Tobacco,2,Percent,1990,2023,0.23114421267404403,0.648380122078988,-0.09774251144008156
1,All Population,1,Deaths,37,Kyrgyzstan,3,Both,27,Age-standardized,411,Esophageal cancer,98,Tobacco,2,Percent,1990,2023,-0.08611710002468448,0.05830268451670566,-0.2314966362833215
1,All Population,1,Deaths,18,Thailand,3,Both,27,Age-standardized,471,Kidney cancer,98,Tobacco,2,Percent,1990,2023,-0.4360890476297789,-0.27604344750589666,-0.5501373661374045
1,All Population,1,Deaths,47,Czechia,3,Both,27,Age-standardized,429,Breast cancer,98,Tobacco,2,Percent,1990,2023,-0.23684116316980836,-0.06505885544570372,-0.38009113669936245
1,All Population,1,Deaths,16,Philippines,3,Both,27,Age-standardized,417,Liver cancer,98,Tobacco,2,Percent,1990,2023,-0.27404034305321445,-0.08463136291383781,-0.453470306099317
1,All Population,1,Deaths,12,Lao People's Democratic Republic,3,Both,27,Age-standardized,471,Kidney cancer,98,Tobacco,2,Percent,1990,2023,-0.17318171565895102,0.2725899136217269,-0.4598545054726111
1,All Population,1,Deaths,12,Lao People's Democratic Republic,3,Both,27,Age-standardized,474,Bladder cancer,98,Tobacco,2,Percent,1990,2023,-0.14108078223623097,0.1711527806253882,-0.3911846473152761
1,All Population,1,Deaths,35,Georgia,3,Both,27,Age-standardized,474,Bladder cancer,98,Tobacco,2,Percent,1990,2023,0.3414341797548619,0.6464818740329656,0.05549686411523756
1,All Population,1,Deaths,37,Kyrgyzstan,3,Both,27,Age-standardized,426,"Tracheal, bronchus, and lung cancer",98,Tobacco,2,Percent,1990,2023,-0.08350123235351703,-0.009265990669040705,-0.15459909813995154
1,All Population,1,Deaths,43,Albania,3,Both,27,Age-standardized,423,Larynx cancer,98,Tobacco,2,Percent,1990,2023,-0.0036227438333691886,0.1086376801750608,-0.12414488712673853
1,All Population,1,Deaths,43,Albania,3,Both,27,Age-standardized,444,Lip and oral cavity cancer,98,Tobacco,2,Percent,1990,2023,-0.06772088997819611,0.2631769839477736,-0.3329548669500806
1,All Population,1,Deaths,43,Albania,3,Both,27,Age-standardized,447,Nasopharynx cancer,98,Tobacco,2,Percent,1990,2023,-0.05586216479432748,0.30096532493953904,-0.3117411647695921
1,All Population,1,Deaths,43,Albania,3,Both,27,Age-standardized,450,Other pharynx cancer,98,Tobacco,2,Percent,1990,2023,0.024749498670686758,0.4581859078525801,-0.24168058687262167
1,All Population,1,Deaths,22,Fiji,3,Both,27,Age-standardized,411,Esophageal cancer,98,Tobacco,2,Percent,1990,2023,-0.29826056145440266,0.07810435938001126,-0.534678714299199
1,All Population,1,Deaths,22,Fiji,3,Both,27,Age-standardized,414,Stomach cancer,98,Tobacco,2,Percent,1990,2023,-0.32629515345673116,0.07004594147337115,-0.6014371831035625
1,All Population,1,Deaths,47,Czechia,3,Both,27,Age-standardized,432,Cervical cancer,98,Tobacco,2,Percent,1990,2023,-0.0971739904902535,0.3842187513305638,-0.3800630881569068
1,All Population,1,Deaths,47,Czechia,3,Both,27,Age-standardized,471,Kidney cancer,98,Tobacco,2,Percent,1990,2023,-0.3122129693175361,-0.1224006297784811,-0.4627014057391395
1,All Population,1,Deaths,41,Uzbekistan,3,Both,27,Age-standardized,417,Liver cancer,98,Tobacco,2,Percent,1990,2023,0.09687699238233807,0.6692363669525133,-0.3233571011720161
1,All Population,1,Deaths,47,Czechia,3,Both,27,Age-standardized,474,Bladder cancer,98,Tobacco,2,Percent,1990,2023,-0.293797956794454,-0.14154249836066984,-0.419033434564582
1,All Population,1,Deaths,22,Fiji,3,Both,27,Age-standardized,417,Liver cancer,98,Tobacco,2,Percent,1990,2023,-0.21586606485711823,0.1384318880120698,-0.48787764321559923
1,All Population,1,Deaths,22,Fiji,3,Both,27,Age-standardized,429,Breast cancer,98,Tobacco,2,Percent,1990,2023,-0.05366986399511326,0.11494714835569156,-0.20835596115822608
1,All Population,1,Deaths,41,Uzbekistan,3,Both,27,Age-standardized,447,Nasopharynx cancer,98,Tobacco,2,Percent,1990,2023,-0.04026649536053669,0.43201358554410463,-0.3511037772491945
1,All Population,1,Deaths,43,Albania,3,Both,27,Age-standardized,414,Stomach cancer,98,Tobacco,2,Percent,1990,2023,-0.028637295597492726,0.3653410268360715,-0.33755308405822443
1,All Population,1,Deaths,43,Albania,3,Both,27,Age-standardized,417,Liver cancer,98,Tobacco,2,Percent,1990,2023,0.0790289482489557,0.5643003064113306,-0.30165701951861146
1,All Population,1,Deaths,12,Lao People's Democratic Republic,3,Both,27,Age-standardized,426,"Tracheal, bronchus, and lung cancer",98,Tobacco,2,Percent,1990,2023,-0.10453808100712837,0.08101212789929581,-0.24427237098788468
1,All Population,1,Deaths,43,Albania,3,Both,27,Age-standardized,429,Breast cancer,98,Tobacco,2,Percent,1990,2023,0.03704845999710936,0.22100938547713855,-0.11398567042832952
1,All Population,1,Deaths,14,Maldives,3,Both,27,Age-standardized,438,Prostate cancer,98,Tobacco,2,Percent,1990,2023,-0.34408655537617894,-0.04016188375386098,-0.5419966578001911
1,All Population,1,Deaths,14,Maldives,3,Both,27,Age-standardized,441,Colon and rectum cancer,98,Tobacco,2,Percent,1990,2023,-0.018881821747251063,0.5854044503918086,-0.4039491045834253
1,All Population,1,Deaths,41,Uzbekistan,3,Both,27,Age-standardized,487,Leukemia,98,Tobacco,2,Percent,1990,2023,-0.18995093838425306,0.24949206849862704,-0.4831433795292629
1,All Population,1,Deaths,43,Albania,3,Both,27,Age-standardized,432,Cervical cancer,98,Tobacco,2,Percent,1990,2023,0.3245074363739744,2.610766725631897,-0.5295200372036426
1,All Population,1,Deaths,43,Albania,3,Both,27,Age-standardized,471,Kidney cancer,98,Tobacco,2,Percent,1990,2023,-0.10822438527187918,0.26293934505007677,-0.3945024223095085
1,All Population,1,Deaths,16,Philippines,3,Both,27,Age-standardized,441,Colon and rectum cancer,98,Tobacco,2,Percent,1990,2023,-0.3247617146000654,-0.08526108026871794,-0.5020124318077316
1,All Population,1,Deaths,16,Philippines,3,Both,27,Age-standardized,444,Lip and oral cavity cancer,98,Tobacco,2,Percent,1990,2023,-0.22968007756300057,-0.041519071447874936,-0.4182324040102726
1,All Population,1,Deaths,8,Taiwan,3,Both,27,Age-standardized,411,Esophageal cancer,98,Tobacco,2,Percent,1990,2023,-0.19505085253318566,-0.018355918296467332,-0.38053868213883996
1,All Population,1,Deaths,8,Taiwan,3,Both,27,Age-standardized,414,Stomach cancer,98,Tobacco,2,Percent,1990,2023,-0.3784603853352984,-0.05688092369498806,-0.6027754806315287
1,All Population,1,Deaths,8,Taiwan,3,Both,27,Age-standardized,417,Liver cancer,98,Tobacco,2,Percent,1990,2023,-0.32144419799075724,-0.015408862882995814,-0.5689031277047903
1,All Population,1,Deaths,35,Georgia,3,Both,27,Age-standardized,423,Larynx cancer,98,Tobacco,2,Percent,1990,2023,0.08382727188956635,0.15938763629886776,0.013667258101502827
1,All Population,1,Deaths,10,Cambodia,3,Both,27,Age-standardized,423,Larynx cancer,98,Tobacco,2,Percent,1990,2023,-0.022802040822958433,0.09561655496228212,-0.11320257164451336
1,All Population,1,Deaths,10,Cambodia,3,Both,27,Age-standardized,444,Lip and oral cavity cancer,98,Tobacco,2,Percent,1990,2023,-0.08147781561459674,0.08111932554117562,-0.21498856444674128
1,All Population,1,Deaths,10,Cambodia,3,Both,27,Age-standardized,447,Nasopharynx cancer,98,Tobacco,2,Percent,1990,2023,-0.10119745838363485,0.11639735454730149,-0.27843631998281715
1,All Population,1,Deaths,14,Maldives,3,Both,27,Age-standardized,487,Leukemia,98,Tobacco,2,Percent,1990,2023,0.5422700205240928,1.7108689218677606,-0.06163919670750387
1,All Population,1,Deaths,27,Samoa,3,Both,27,Age-standardized,423,Larynx cancer,98,Tobacco,2,Percent,1990,2023,-0.014278726073531074,0.0901089050046848,-0.10729133075762803
1,All Population,1,Deaths,10,Cambodia,3,Both,27,Age-standardized,450,Other pharynx cancer,98,Tobacco,2,Percent,1990,2023,-0.05751061691658708,0.11365746659406448,-0.21543498465023175
1,All Population,1,Deaths,45,Bulgaria,3,Both,27,Age-standardized,414,Stomach cancer,98,Tobacco,2,Percent,1990,2023,0.06928062475776858,0.3692199842465035,-0.18904153697710552
1,All Population,1,Deaths,45,Bulgaria,3,Both,27,Age-standardized,417,Liver cancer,98,Tobacco,2,Percent,1990,2023,0.15677460091999668,0.548824099711188,-0.12461050478764565
1,All Population,1,Deaths,12,Lao People's Democratic Republic,3,Both,27,Age-standardized,450,Other pharynx cancer,98,Tobacco,2,Percent,1990,2023,-0.06269056726401834,0.21897683366332776,-0.27355398024485056
1,All Population,1,Deaths,35,Georgia,3,Both,27,Age-standardized,441,Colon and rectum cancer,98,Tobacco,2,Percent,1990,2023,0.2826838677106209,0.6963823845580648,-0.0751576646918539
1,All Population,1,Deaths,45,Bulgaria,3,Both,27,Age-standardized,429,Breast cancer,98,Tobacco,2,Percent,1990,2023,-0.15606930332659785,0.04416949505516643,-0.32612130946282286
1,All Population,1,Deaths,27,Samoa,3,Both,27,Age-standardized,450,Other pharynx cancer,98,Tobacco,2,Percent,1990,2023,-0.046655024739769006,0.15627229048507205,-0.2512030182831448
1,All Population,1,Deaths,27,Samoa,3,Both,27,Age-standardized,456,Pancreatic cancer,98,Tobacco,2,Percent,1990,2023,-0.09992789616544505,0.3422253557153978,-0.41204648540032773
1,All Population,1,Deaths,12,Lao People's Democratic Republic,3,Both,27,Age-standardized,456,Pancreatic cancer,98,Tobacco,2,Percent,1990,2023,-0.15688836675972764,0.4341806225442584,-0.4915779476168092
1,All Population,1,Deaths,35,Georgia,3,Both,27,Age-standardized,447,Nasopharynx cancer,98,Tobacco,2,Percent,1990,2023,0.30042619612181803,0.6208876702350763,0.07570575018394878
1,All Population,1,Deaths,35,Georgia,3,Both,27,Age-standardized,450,Other pharynx cancer,98,Tobacco,2,Percent,1990,2023,0.08831828643865468,0.2709293241311773,-0.07670798136720225
1,All Population,1,Deaths,33,Armenia,3,Both,27,Age-standardized,411,Esophageal cancer,98,Tobacco,2,Percent,1990,2023,-0.04884578451364349,0.0956042468721412,-0.1714357808255409
1,All Population,1,Deaths,33,Armenia,3,Both,27,Age-standardized,426,"Tracheal, bronchus, and lung cancer",98,Tobacco,2,Percent,1990,2023,-0.043819243330394206,0.017455956050223976,-0.1071383800110234
1,All Population,1,Deaths,27,Samoa,3,Both,27,Age-standardized,411,Esophageal cancer,98,Tobacco,2,Percent,1990,2023,-0.026719008433795696,0.4063873896988928,-0.3078896813546114
1,All Population,1,Deaths,18,Thailand,3,Both,27,Age-standardized,423,Larynx cancer,98,Tobacco,2,Percent,1990,2023,-0.12134166709286479,-0.0664301479166831,-0.17836257946823114
1,All Population,1,Deaths,10,Cambodia,3,Both,27,Age-standardized,426,"Tracheal, bronchus, and lung cancer",98,Tobacco,2,Percent,1990,2023,-0.11318835720413682,0.05336047049011563,-0.22492228915470097
1,All Population,1,Deaths,20,Viet Nam,3,Both,27,Age-standardized,411,Esophageal cancer,98,Tobacco,2,Percent,1990,2023,-0.022757591545650074,0.16942740894218214,-0.17344274500546986
1,All Population,1,Deaths,45,Bulgaria,3,Both,27,Age-standardized,432,Cervical cancer,98,Tobacco,2,Percent,1990,2023,0.10582913301321406,0.6825470451624958,-0.2649026326637362
1,All Population,1,Deaths,45,Bulgaria,3,Both,27,Age-standardized,471,Kidney cancer,98,Tobacco,2,Percent,1990,2023,0.10033127981559492,0.40184204071873975,-0.132390003011613
1,All Population,1,Deaths,8,Taiwan,3,Both,27,Age-standardized,429,Breast cancer,98,Tobacco,2,Percent,1990,2023,-0.2110326568952742,-0.07817069370300604,-0.31655808653454104
1,All Population,1,Deaths,33,Armenia,3,Both,27,Age-standardized,456,Pancreatic cancer,98,Tobacco,2,Percent,1990,2023,-0.04613522071156303,0.21048344145960285,-0.24367524012814396
1,All Population,1,Deaths,43,Albania,3,Both,27,Age-standardized,474,Bladder cancer,98,Tobacco,2,Percent,1990,2023,-0.09598051534722049,0.23627577006613967,-0.3607559058412622
1,All Population,1,Deaths,8,Taiwan,3,Both,27,Age-standardized,432,Cervical cancer,98,Tobacco,2,Percent,1990,2023,-0.4661735832986435,0.5772443023170807,-0.8018218850193022
1,All Population,1,Deaths,8,Taiwan,3,Both,27,Age-standardized,471,Kidney cancer,98,Tobacco,2,Percent,1990,2023,-0.3765624062970139,-0.03763236099577809,-0.6051577050076196
1,All Population,1,Deaths,10,Cambodia,3,Both,27,Age-standardized,456,Pancreatic cancer,98,Tobacco,2,Percent,1990,2023,-0.2559360565824352,0.08796695180331487,-0.48314409204676256
1,All Population,1,Deaths,27,Samoa,3,Both,27,Age-standardized,414,Stomach cancer,98,Tobacco,2,Percent,1990,2023,-0.04916330700937088,0.4735541896105817,-0.4226084780675421
1,All Population,1,Deaths,27,Samoa,3,Both,27,Age-standardized,426,"Tracheal, bronchus, and lung cancer",98,Tobacco,2,Percent,1990,2023,-0.01603383626126946,0.10195596042279394,-0.11756574248830279
1,All Population,1,Deaths,33,Armenia,3,Both,27,Age-standardized,471,Kidney cancer,98,Tobacco,2,Percent,1990,2023,0.0018537431444983921,0.28983257340931967,-0.20195345801093334
1,All Population,1,Deaths,20,Viet Nam,3,Both,27,Age-standardized,426,"Tracheal, bronchus, and lung cancer",98,Tobacco,2,Percent,1990,2023,-0.12876283981978826,-0.005107591266016543,-0.23259100646819034
1,All Population,1,Deaths,27,Samoa,3,Both,27,Age-standardized,429,Breast cancer,98,Tobacco,2,Percent,1990,2023,0.08499531019563514,0.24734146152908418,-0.07630638212975596
1,All Population,1,Deaths,10,Cambodia,3,Both,27,Age-standardized,411,Esophageal cancer,98,Tobacco,2,Percent,1990,2023,-0.11410048357963685,0.09558968859080229,-0.27878811012426385
1,All Population,1,Deaths,10,Cambodia,3,Both,27,Age-standardized,414,Stomach cancer,98,Tobacco,2,Percent,1990,2023,-0.2268880225961142,0.248785711639308,-0.5026774046934139
1,All Population,1,Deaths,41,Uzbekistan,3,Both,27,Age-standardized,432,Cervical cancer,98,Tobacco,2,Percent,1990,2023,0.13691217146984616,2.0338228444364534,-0.6303822032948171
1,All Population,1,Deaths,41,Uzbekistan,3,Both,27,Age-standardized,438,Prostate cancer,98,Tobacco,2,Percent,1990,2023,-0.31773279829468365,0.019767386886062995,-0.5702927589681249
1,All Population,1,Deaths,23,Kiribati,3,Both,27,Age-standardized,444,Lip and oral cavity cancer,98,Tobacco,2,Percent,1990,2023,0.003532142818023746,0.22815497295989157,-0.18624256547104143
1,All Population,1,Deaths,23,Kiribati,3,Both,27,Age-standardized,447,Nasopharynx cancer,98,Tobacco,2,Percent,1990,2023,0.010563882199922763,0.2847169989122045,-0.20288509310041025
1,All Population,1,Deaths,14,Maldives,3,Both,27,Age-standardized,423,Larynx cancer,98,Tobacco,2,Percent,1990,2023,0.027067063705461938,0.15054828754524263,-0.07151681170159048
1,All Population,1,Deaths,10,Cambodia,3,Both,27,Age-standardized,417,Liver cancer,98,Tobacco,2,Percent,1990,2023,-0.08706230558963668,0.32581823615528377,-0.3803324614187504
1,All Population,1,Deaths,10,Cambodia,3,Both,27,Age-standardized,429,Breast cancer,98,Tobacco,2,Percent,1990,2023,-0.06250462467700528,0.0376759884055145,-0.16466743284357144
1,All Population,1,Deaths,20,Viet Nam,3,Both,27,Age-standardized,456,Pancreatic cancer,98,Tobacco,2,Percent,1990,2023,-0.17285537136665752,0.10921937425976809,-0.4179901924832799
1,All Population,1,Deaths,23,Kiribati,3,Both,27,Age-standardized,487,Leukemia,98,Tobacco,2,Percent,1990,2023,-0.0015472662367414392,0.6250935093922289,-0.3889667638431665
1,All Population,1,Deaths,35,Georgia,3,Both,27,Age-standardized,411,Esophageal cancer,98,Tobacco,2,Percent,1990,2023,0.27676153563933753,0.5447916398102708,0.08043483604720637
1,All Population,1,Deaths,35,Georgia,3,Both,27,Age-standardized,414,Stomach cancer,98,Tobacco,2,Percent,1990,2023,0.31875597279214507,0.7217790283783283,0.010659380030535875
1,All Population,1,Deaths,22,Fiji,3,Both,27,Age-standardized,471,Kidney cancer,98,Tobacco,2,Percent,1990,2023,-0.4366070174302954,-0.15626678308081385,-0.6462603897642164
1,All Population,1,Deaths,20,Viet Nam,3,Both,27,Age-standardized,471,Kidney cancer,98,Tobacco,2,Percent,1990,2023,-0.07087022918477244,0.24482631483081774,-0.336810359938621
1,All Population,1,Deaths,27,Samoa,3,Both,27,Age-standardized,471,Kidney cancer,98,Tobacco,2,Percent,1990,2023,-0.12352670036780455,0.3361704676356648,-0.45123775215486917
1,All Population,1,Deaths,18,Thailand,3,Both,27,Age-standardized,447,Nasopharynx cancer,98,Tobacco,2,Percent,1990,2023,-0.3867218120465269,-0.24600851200919477,-0.5097677949663391
1,All Population,1,Deaths,18,Thailand,3,Both,27,Age-standardized,450,Other pharynx cancer,98,Tobacco,2,Percent,1990,2023,-0.21445294385024594,-0.1084423737334296,-0.3176779357645975
1,All Population,1,Deaths,16,Philippines,3,Both,27,Age-standardized,432,Cervical cancer,98,Tobacco,2,Percent,1990,2023,-0.39558287323303304,0.21991813186593262,-0.6824106593158099
1,All Population,1,Deaths,45,Bulgaria,3,Both,27,Age-standardized,411,Esophageal cancer,98,Tobacco,2,Percent,1990,2023,0.07323488795344034,0.2596289424440291,-0.09107503595449692
1,All Population,1,Deaths,45,Bulgaria,3,Both,27,Age-standardized,426,"Tracheal, bronchus, and lung cancer",98,Tobacco,2,Percent,1990,2023,-0.031174386800186506,0.036301144726851226,-0.09828354813035572
1,All Population,1,Deaths,8,Taiwan,3,Both,27,Age-standardized,423,Larynx cancer,98,Tobacco,2,Percent,1990,2023,-0.06524483868397264,0.03601767681682461,-0.1667969747742845
1,All Population,1,Deaths,35,Georgia,3,Both,27,Age-standardized,426,"Tracheal, bronchus, and lung cancer",98,Tobacco,2,Percent,1990,2023,0.0824930799152126,0.18078949139852363,-0.007056918140706589
1,All Population,1,Deaths,33,Armenia,3,Both,27,Age-standardized,414,Stomach cancer,98,Tobacco,2,Percent,1990,2023,-0.16963301776830197,0.05203608054316233,-0.33624258210013547
1,All Population,1,Deaths,35,Georgia,3,Both,27,Age-standardized,444,Lip and oral cavity cancer,98,Tobacco,2,Percent,1990,2023,0.15696039573858236,0.3971943793638577,-0.05607915459751002
1,All Population,1,Deaths,22,Fiji,3,Both,27,Age-standardized,474,Bladder cancer,98,Tobacco,2,Percent,1990,2023,-0.3406408069518539,-0.041932842529379726,-0.5707544824455969
1,All Population,1,Deaths,16,Philippines,3,Both,27,Age-standardized,438,Prostate cancer,98,Tobacco,2,Percent,1990,2023,-0.4476749942780235,-0.1973576008305639,-0.6086227347271669
1,All Population,1,Deaths,16,Philippines,3,Both,27,Age-standardized,474,Bladder cancer,98,Tobacco,2,Percent,1990,2023,-0.27635456711652123,-0.10739337832899903,-0.4109783531336964
1,All Population,1,Deaths,8,Taiwan,3,Both,27,Age-standardized,426,"Tracheal, bronchus, and lung cancer",98,Tobacco,2,Percent,1990,2023,-0.19448107964885952,-0.03253189875816397,-0.3316484668006625
1,All Population,1,Deaths,8,Taiwan,3,Both,27,Age-standardized,450,Other pharynx cancer,98,Tobacco,2,Percent,1990,2023,-0.05787060528393681,0.14427516804611887,-0.2642124859874559
1,All Population,1,Deaths,33,Armenia,3,Both,27,Age-standardized,417,Liver cancer,98,Tobacco,2,Percent,1990,2023,0.11506601369570724,0.5238868676035814,-0.1634108416220167
1,All Population,1,Deaths,33,Armenia,3,Both,27,Age-standardized,429,Breast cancer,98,Tobacco,2,Percent,1990,2023,-0.12497395654811262,-0.03130890247010509,-0.20699062533692933
1,All Population,1,Deaths,35,Georgia,3,Both,27,Age-standardized,456,Pancreatic cancer,98,Tobacco,2,Percent,1990,2023,0.3175553972656649,0.8472028775782576,-0.05245961960378609
1,All Population,1,Deaths,35,Georgia,3,Both,27,Age-standardized,487,Leukemia,98,Tobacco,2,Percent,1990,2023,0.7176426272440862,1.2347888661943027,0.3514820035369072
1,All Population,1,Deaths,8,Taiwan,3,Both,27,Age-standardized,474,Bladder cancer,98,Tobacco,2,Percent,1990,2023,-0.3080802144026238,0.0023701908841426865,-0.5448025838803894
1,All Population,1,Deaths,45,Bulgaria,3,Both,27,Age-standardized,456,Pancreatic cancer,98,Tobacco,2,Percent,1990,2023,0.011256008735008219,0.28633798219752066,-0.24040760146541354
1,All Population,1,Deaths,8,Taiwan,3,Both,27,Age-standardized,456,Pancreatic cancer,98,Tobacco,2,Percent,1990,2023,-0.3404783299939681,-0.007397530146895778,-0.5664582153048443
1,All Population,1,Deaths,35,Georgia,3,Both,27,Age-standardized,471,Kidney cancer,98,Tobacco,2,Percent,1990,2023,0.9139826100654935,1.6519731300259668,0.4391433332065528
1,All Population,1,Deaths,6,China,3,Both,27,Age-standardized,411,Esophageal cancer,98,Tobacco,2,Percent,1990,2023,0.1402676308726095,0.329406619594911,-0.019521061305333626
1,All Population,1,Deaths,6,China,3,Both,27,Age-standardized,414,Stomach cancer,98,Tobacco,2,Percent,1990,2023,0.10584083965751225,0.3675360278182934,-0.12658501836352987
1,All Population,1,Deaths,39,Tajikistan,3,Both,27,Age-standardized,414,Stomach cancer,98,Tobacco,2,Percent,1990,2023,-0.4625643622555858,-0.1090889916359116,-0.7170845271410391
1,All Population,1,Deaths,39,Tajikistan,3,Both,27,Age-standardized,417,Liver cancer,98,Tobacco,2,Percent,1990,2023,-0.39530211174562474,0.1095641760196857,-0.6739696367358566
1,All Population,1,Deaths,39,Tajikistan,3,Both,27,Age-standardized,429,Breast cancer,98,Tobacco,2,Percent,1990,2023,-0.3692758717584401,-0.2368773153689357,-0.4773263500355756
1,All Population,1,Deaths,39,Tajikistan,3,Both,27,Age-standardized,432,Cervical cancer,98,Tobacco,2,Percent,1990,2023,-0.47467773597325263,0.7349771349004219,-0.8692311109084719
1,All Population,1,Deaths,37,Kyrgyzstan,3,Both,27,Age-standardized,423,Larynx cancer,98,Tobacco,2,Percent,1990,2023,-0.01960076207884904,0.03118764661956943,-0.0753762013806701
1,All Population,1,Deaths,37,Kyrgyzstan,3,Both,27,Age-standardized,444,Lip and oral cavity cancer,98,Tobacco,2,Percent,1990,2023,-0.09313012853964496,0.11567373853067145,-0.2684266563818549
1,All Population,1,Deaths,37,Kyrgyzstan,3,Both,27,Age-standardized,447,Nasopharynx cancer,98,Tobacco,2,Percent,1990,2023,-0.06445496297576173,0.1712345256590453,-0.27437203986415676
1,All Population,1,Deaths,14,Maldives,3,Both,27,Age-standardized,426,"Tracheal, bronchus, and lung cancer",98,Tobacco,2,Percent,1990,2023,-0.04421723413552997,0.11970791674540301,-0.17749322519608712
1,All Population,1,Deaths,14,Maldives,3,Both,27,Age-standardized,456,Pancreatic cancer,98,Tobacco,2,Percent,1990,2023,-0.10281853250775845,0.40778309427013393,-0.4391759293127123
1,All Population,1,Deaths,10,Cambodia,3,Both,27,Age-standardized,432,Cervical cancer,98,Tobacco,2,Percent,1990,2023,-0.17894214817688672,0.8285777731004518,-0.669556717894144
1,All Population,1,Deaths,10,Cambodia,3,Both,27,Age-standardized,471,Kidney cancer,98,Tobacco,2,Percent,1990,2023,-0.19681070080655327,0.12821778694913588,-0.4179019846776214
1,All Population,1,Deaths,10,Cambodia,3,Both,27,Age-standardized,474,Bladder cancer,98,Tobacco,2,Percent,1990,2023,-0.16120162792730364,0.10883560137192641,-0.35775969023629084
1,All Population,1,Deaths,39,Tajikistan,3,Both,27,Age-standardized,423,Larynx cancer,98,Tobacco,2,Percent,1990,2023,-0.22155256166345685,-0.032325820917090096,-0.39644344087012984
1,All Population,1,Deaths,39,Tajikistan,3,Both,27,Age-standardized,447,Nasopharynx cancer,98,Tobacco,2,Percent,1990,2023,-0.38307955837089064,-0.004189761076181775,-0.6392972150560827
1,All Population,1,Deaths,39,Tajikistan,3,Both,27,Age-standardized,450,Other pharynx cancer,98,Tobacco,2,Percent,1990,2023,-0.3596070437119285,0.058997910630129526,-0.6513155773047893
1,All Population,1,Deaths,16,Philippines,3,Both,27,Age-standardized,487,Leukemia,98,Tobacco,2,Percent,1990,2023,-0.4182070175611754,-0.19847643265639867,-0.5698377413275306
1,All Population,1,Deaths,44,Bosnia and Herzegovina,3,Both,27,Age-standardized,438,Prostate cancer,98,Tobacco,2,Percent,1990,2023,0.042687768839571365,0.49077897336267456,-0.24309245086643072
1,All Population,1,Deaths,44,Bosnia and Herzegovina,3,Both,27,Age-standardized,441,Colon and rectum cancer,98,Tobacco,2,Percent,1990,2023,0.1207762944573373,0.6836397236342473,-0.22236522864506908
1,All Population,1,Deaths,33,Armenia,3,Both,27,Age-standardized,441,Colon and rectum cancer,98,Tobacco,2,Percent,1990,2023,-0.08217158866759476,0.18165313800981894,-0.3197315636562086
1,All Population,1,Deaths,33,Armenia,3,Both,27,Age-standardized,444,Lip and oral cavity cancer,98,Tobacco,2,Percent,1990,2023,-0.09315192575237348,0.06416557911755028,-0.2371102051813744
1,All Population,1,Deaths,8,Taiwan,3,Both,27,Age-standardized,444,Lip and oral cavity cancer,98,Tobacco,2,Percent,1990,2023,-0.051519954342092056,0.18567138862388144,-0.29800379847371655
1,All Population,1,Deaths,45,Bulgaria,3,Both,27,Age-standardized,438,Prostate cancer,98,Tobacco,2,Percent,1990,2023,-0.05715110139849262,0.32555405230293866,-0.2990921271294761
1,All Population,1,Deaths,45,Bulgaria,3,Both,27,Age-standardized,441,Colon and rectum cancer,98,Tobacco,2,Percent,1990,2023,0.027269101527242445,0.3827320806041193,-0.26096712104189956
1,All Population,1,Deaths,37,Kyrgyzstan,3,Both,27,Age-standardized,456,Pancreatic cancer,98,Tobacco,2,Percent,1990,2023,-0.056116439586920086,0.2146514875522299,-0.2712236670189409
1,All Population,1,Deaths,39,Tajikistan,3,Both,27,Age-standardized,438,Prostate cancer,98,Tobacco,2,Percent,1990,2023,-0.4341495897122479,-0.07369733274055772,-0.684196965441149
1,All Population,1,Deaths,39,Tajikistan,3,Both,27,Age-standardized,471,Kidney cancer,98,Tobacco,2,Percent,1990,2023,-0.40784199110491487,-0.04899155180693346,-0.6499419945804971
1,All Population,1,Deaths,39,Tajikistan,3,Both,27,Age-standardized,474,Bladder cancer,98,Tobacco,2,Percent,1990,2023,-0.4103796255747348,-0.11546042847101273,-0.6266242281193961
1,All Population,1,Deaths,8,Taiwan,3,Both,27,Age-standardized,447,Nasopharynx cancer,98,Tobacco,2,Percent,1990,2023,-0.18392055836064108,0.094380202869153,-0.4167776100719226
1,All Population,1,Deaths,8,Taiwan,3,Both,27,Age-standardized,487,Leukemia,98,Tobacco,2,Percent,1990,2023,-0.035667198649822714,0.39238857241324443,-0.36354882405755484
1,All Population,1,Deaths,29,Tonga,3,Both,27,Age-standardized,411,Esophageal cancer,98,Tobacco,2,Percent,1990,2023,-0.22698099685049128,0.06505510179339086,-0.4178136724139747
1,All Population,1,Deaths,45,Bulgaria,3,Both,27,Age-standardized,474,Bladder cancer,98,Tobacco,2,Percent,1990,2023,-0.011924293003054979,0.18852337725087487,-0.19220870265748297
1,All Population,1,Deaths,33,Armenia,3,Both,27,Age-standardized,432,Cervical cancer,98,Tobacco,2,Percent,1990,2023,-0.06446150427396084,1.4710997898594553,-0.6248243561024052
1,All Population,1,Deaths,33,Armenia,3,Both,27,Age-standardized,438,Prostate cancer,98,Tobacco,2,Percent,1990,2023,-0.26062932457955745,0.07136939428866113,-0.49253760483298237
1,All Population,1,Deaths,29,Tonga,3,Both,27,Age-standardized,414,Stomach cancer,98,Tobacco,2,Percent,1990,2023,-0.32715744729755225,0.03703078877928738,-0.573447807267082
1,All Population,1,Deaths,29,Tonga,3,Both,27,Age-standardized,426,"Tracheal, bronchus, and lung cancer",98,Tobacco,2,Percent,1990,2023,-0.13133035937807702,-0.007561753621932282,-0.24760287271656
1,All Population,1,Deaths,33,Armenia,3,Both,27,Age-standardized,474,Bladder cancer,98,Tobacco,2,Percent,1990,2023,-0.10454081752143309,0.041389364631877895,-0.24318092164561425
1,All Population,1,Deaths,51,Poland,3,Both,27,Age-standardized,414,Stomach cancer,98,Tobacco,2,Percent,1990,2023,-0.3530614669207019,-0.2089552039047992,-0.4756202197188413
1,All Population,1,Deaths,51,Poland,3,Both,27,Age-standardized,417,Liver cancer,98,Tobacco,2,Percent,1990,2023,0.051281209761984296,0.311383247827897,-0.16166482822073552
1,All Population,1,Deaths,29,Tonga,3,Both,27,Age-standardized,429,Breast cancer,98,Tobacco,2,Percent,1990,2023,-0.09903216537408818,0.027291764134703363,-0.21388155924071126
1,All Population,1,Deaths,41,Uzbekistan,3,Both,27,Age-standardized,441,Colon and rectum cancer,98,Tobacco,2,Percent,1990,2023,0.12632403003527282,0.7368540029818899,-0.32335348796821994
1,All Population,1,Deaths,41,Uzbekistan,3,Both,27,Age-standardized,474,Bladder cancer,98,Tobacco,2,Percent,1990,2023,-0.030190153532090667,0.36549104576144653,-0.3663388199758185
1,All Population,1,Deaths,48,Hungary,3,Both,27,Age-standardized,444,Lip and oral cavity cancer,98,Tobacco,2,Percent,1990,2023,-0.19455234365883806,-0.07523711551409915,-0.30888636483973464
1,All Population,1,Deaths,48,Hungary,3,Both,27,Age-standardized,447,Nasopharynx cancer,98,Tobacco,2,Percent,1990,2023,-0.16497637146263272,0.02639343435645033,-0.3154982329679785
1,All Population,1,Deaths,29,Tonga,3,Both,27,Age-standardized,471,Kidney cancer,98,Tobacco,2,Percent,1990,2023,-0.2965860783778695,-0.003848833614672969,-0.49412979495737824
1,All Population,1,Deaths,51,Poland,3,Both,27,Age-standardized,429,Breast cancer,98,Tobacco,2,Percent,1990,2023,-0.4081284876544703,-0.292372298644628,-0.5000026191536519
1,All Population,1,Deaths,14,Maldives,3,Both,27,Age-standardized,444,Lip and oral cavity cancer,98,Tobacco,2,Percent,1990,2023,-0.07544971227242106,0.24488743465446375,-0.3314427056059831
1,All Population,1,Deaths,14,Maldives,3,Both,27,Age-standardized,447,Nasopharynx cancer,98,Tobacco,2,Percent,1990,2023,-0.0024981135472160083,0.49201055869633875,-0.2844316304460661
1,All Population,1,Deaths,49,North Macedonia,3,Both,27,Age-standardized,423,Larynx cancer,98,Tobacco,2,Percent,1990,2023,-0.0050235737857150355,0.06319707973631843,-0.07862312992640064
1,All Population,1,Deaths,51,Poland,3,Both,27,Age-standardized,432,Cervical cancer,98,Tobacco,2,Percent,1990,2023,-0.10838071036633729,0.14530188607849648,-0.3165853304057186
1,All Population,1,Deaths,51,Poland,3,Both,27,Age-standardized,438,Prostate cancer,98,Tobacco,2,Percent,1990,2023,-0.5205999790417954,-0.37809276296803734,-0.6379548280196073
1,All Population,1,Deaths,51,Poland,3,Both,27,Age-standardized,471,Kidney cancer,98,Tobacco,2,Percent,1990,2023,-0.3179459915406593,-0.1858824161401499,-0.4481894654445797
1,All Population,1,Deaths,14,Maldives,3,Both,27,Age-standardized,450,Other pharynx cancer,98,Tobacco,2,Percent,1990,2023,-0.011106615313699811,0.18664519243755656,-0.1929052318702789
1,All Population,1,Deaths,48,Hungary,3,Both,27,Age-standardized,487,Leukemia,98,Tobacco,2,Percent,1990,2023,-0.16605024742413768,0.06681282988614272,-0.34824735303059173
1,All Population,1,Deaths,25,Micronesia (Federated States of),3,Both,27,Age-standardized,438,Prostate cancer,98,Tobacco,2,Percent,1990,2023,-0.29610587997811494,0.09475694123739213,-0.5421452350424274
1,All Population,1,Deaths,41,Uzbekistan,3,Both,27,Age-standardized,411,Esophageal cancer,98,Tobacco,2,Percent,1990,2023,-0.11082247410983839,0.24343454541527149,-0.3884521399443239
1,All Population,1,Deaths,41,Uzbekistan,3,Both,27,Age-standardized,414,Stomach cancer,98,Tobacco,2,Percent,1990,2023,-0.049362465315940414,0.44776181733189213,-0.40310095684901015
1,All Population,1,Deaths,19,Timor-Leste,3,Both,27,Age-standardized,441,Colon and rectum cancer,98,Tobacco,2,Percent,1990,2023,-0.20439325160192012,0.380293662043452,-0.5259809057773615
1,All Population,1,Deaths,49,North Macedonia,3,Both,27,Age-standardized,417,Liver cancer,98,Tobacco,2,Percent,1990,2023,0.036200046156849436,0.4372592273245107,-0.27923957481479755
1,All Population,1,Deaths,25,Micronesia (Federated States of),3,Both,27,Age-standardized,441,Colon and rectum cancer,98,Tobacco,2,Percent,1990,2023,-0.07756599418945893,0.4760732733842544,-0.4420898105272142
1,All Population,1,Deaths,19,Timor-Leste,3,Both,27,Age-standardized,444,Lip and oral cavity cancer,98,Tobacco,2,Percent,1990,2023,-0.19709994082241455,0.1490876652350688,-0.43695279792449204
1,All Population,1,Deaths,37,Kyrgyzstan,3,Both,27,Age-standardized,438,Prostate cancer,98,Tobacco,2,Percent,1990,2023,-0.2592296023644263,0.04123603612105854,-0.46750420364804224
1,All Population,1,Deaths,37,Kyrgyzstan,3,Both,27,Age-standardized,441,Colon and rectum cancer,98,Tobacco,2,Percent,1990,2023,0.002427977127736683,0.30046235116331554,-0.2389578167746377
1,All Population,1,Deaths,51,Poland,3,Both,27,Age-standardized,474,Bladder cancer,98,Tobacco,2,Percent,1990,2023,-0.3033107249190272,-0.19659288451935344,-0.4080428935063929
1,All Population,1,Deaths,44,Bosnia and Herzegovina,3,Both,27,Age-standardized,444,Lip and oral cavity cancer,98,Tobacco,2,Percent,1990,2023,0.037136552347054846,0.3562962589173204,-0.1739684594619862
1,All Population,1,Deaths,37,Kyrgyzstan,3,Both,27,Age-standardized,450,Other pharynx cancer,98,Tobacco,2,Percent,1990,2023,-0.06120592356420902,0.10988585836986287,-0.22129519185342733
1,All Population,1,Deaths,19,Timor-Leste,3,Both,27,Age-standardized,487,Leukemia,98,Tobacco,2,Percent,1990,2023,-0.11386147568609466,0.5872401139139614,-0.5434767111074956
1,All Population,1,Deaths,25,Micronesia (Federated States of),3,Both,27,Age-standardized,411,Esophageal cancer,98,Tobacco,2,Percent,1990,2023,-0.1202874592805175,0.19343605188315943,-0.3517452453904363
1,All Population,1,Deaths,25,Micronesia (Federated States of),3,Both,27,Age-standardized,414,Stomach cancer,98,Tobacco,2,Percent,1990,2023,-0.10123665783442706,0.4774855863357454,-0.45584450039344465
1,All Population,1,Deaths,44,Bosnia and Herzegovina,3,Both,27,Age-standardized,487,Leukemia,98,Tobacco,2,Percent,1990,2023,0.19042895593272516,0.6380549355739553,-0.10742663914787266
1,All Population,1,Deaths,45,Bulgaria,3,Both,27,Age-standardized,487,Leukemia,98,Tobacco,2,Percent,1990,2023,0.13739398392289215,0.45403851045710214,-0.09775578537417012
1,All Population,1,Deaths,37,Kyrgyzstan,3,Both,27,Age-standardized,414,Stomach cancer,98,Tobacco,2,Percent,1990,2023,-0.09299800130192935,0.13164865281414206,-0.27714388726272643
1,All Population,1,Deaths,37,Kyrgyzstan,3,Both,27,Age-standardized,417,Liver cancer,98,Tobacco,2,Percent,1990,2023,0.06469707515684259,0.41224721609385756,-0.19434786624553274
1,All Population,1,Deaths,37,Kyrgyzstan,3,Both,27,Age-standardized,487,Leukemia,98,Tobacco,2,Percent,1990,2023,0.019849989712669686,0.38058771440663125,-0.23058657226604462
1,All Population,1,Deaths,25,Micronesia (Federated States of),3,Both,27,Age-standardized,417,Liver cancer,98,Tobacco,2,Percent,1990,2023,-0.07478009684515297,0.37309975472555745,-0.3862691127638179
1,All Population,1,Deaths,39,Tajikistan,3,Both,27,Age-standardized,441,Colon and rectum cancer,98,Tobacco,2,Percent,1990,2023,-0.5231131223891156,-0.21078618999130136,-0.7337682593845204
1,All Population,1,Deaths,16,Philippines,3,Both,27,Age-standardized,423,Larynx cancer,98,Tobacco,2,Percent,1990,2023,-0.08531473737929719,0.0017268280011298997,-0.15784266505360756
1,All Population,1,Deaths,37,Kyrgyzstan,3,Both,27,Age-standardized,429,Breast cancer,98,Tobacco,2,Percent,1990,2023,-0.11152812295380121,0.012903067538921781,-0.22021033242317972
1,All Population,1,Deaths,37,Kyrgyzstan,3,Both,27,Age-standardized,432,Cervical cancer,98,Tobacco,2,Percent,1990,2023,0.29689508128966685,2.063688032171713,-0.44104350347646126
1,All Population,1,Deaths,25,Micronesia (Federated States of),3,Both,27,Age-standardized,429,Breast cancer,98,Tobacco,2,Percent,1990,2023,0.07949028791317192,0.3093863137446431,-0.11722315763877905
1,All Population,1,Deaths,25,Micronesia (Federated States of),3,Both,27,Age-standardized,432,Cervical cancer,98,Tobacco,2,Percent,1990,2023,0.07539706690859652,1.198603841997663,-0.5160653558509843
1,All Population,1,Deaths,41,Uzbekistan,3,Both,27,Age-standardized,429,Breast cancer,98,Tobacco,2,Percent,1990,2023,0.10096883384049242,0.33538004590990267,-0.07413092216273297
1,All Population,1,Deaths,16,Philippines,3,Both,27,Age-standardized,447,Nasopharynx cancer,98,Tobacco,2,Percent,1990,2023,-0.27079214459140744,-0.08446620421293259,-0.43010916111866354
1,All Population,1,Deaths,16,Philippines,3,Both,27,Age-standardized,450,Other pharynx cancer,98,Tobacco,2,Percent,1990,2023,-0.18819649581753556,-0.022181764779011306,-0.33136267582853063
1,All Population,1,Deaths,37,Kyrgyzstan,3,Both,27,Age-standardized,471,Kidney cancer,98,Tobacco,2,Percent,1990,2023,0.02256140261816958,0.3123261387598163,-0.19500957287287168
1,All Population,1,Deaths,27,Samoa,3,Both,27,Age-standardized,444,Lip and oral cavity cancer,98,Tobacco,2,Percent,1990,2023,-0.044854145869137635,0.2351037780034826,-0.300640986977439
1,All Population,1,Deaths,27,Samoa,3,Both,27,Age-standardized,447,Nasopharynx cancer,98,Tobacco,2,Percent,1990,2023,-0.032071832398425065,0.31883141124305014,-0.3055456287750672
1,All Population,1,Deaths,29,Tonga,3,Both,27,Age-standardized,423,Larynx cancer,98,Tobacco,2,Percent,1990,2023,-0.08240051798238203,0.012491158063891016,-0.17753932560556202
1,All Population,1,Deaths,25,Micronesia (Federated States of),3,Both,27,Age-standardized,471,Kidney cancer,98,Tobacco,2,Percent,1990,2023,-0.1022646013250258,0.3678613613486021,-0.4022056424711914
1,All Population,1,Deaths,25,Micronesia (Federated States of),3,Both,27,Age-standardized,474,Bladder cancer,98,Tobacco,2,Percent,1990,2023,-0.12297632361535213,0.21359082088273587,-0.36513985561946166
1,All Population,1,Deaths,37,Kyrgyzstan,3,Both,27,Age-standardized,474,Bladder cancer,98,Tobacco,2,Percent,1990,2023,-0.0605234378827171,0.1185011995871772,-0.24902985494042404
1,All Population,1,Deaths,33,Armenia,3,Both,27,Age-standardized,423,Larynx cancer,98,Tobacco,2,Percent,1990,2023,-0.012001730900328604,0.03523014403601532,-0.05719566945539878
1,All Population,1,Deaths,44,Bosnia and Herzegovina,3,Both,27,Age-standardized,411,Esophageal cancer,98,Tobacco,2,Percent,1990,2023,0.06355154912209532,0.3504389921249072,-0.14212894248413846
1,All Population,1,Deaths,27,Samoa,3,Both,27,Age-standardized,487,Leukemia,98,Tobacco,2,Percent,1990,2023,-0.10678628936248616,0.47191192835146156,-0.45478817779562825
1,All Population,1,Deaths,41,Uzbekistan,3,Both,27,Age-standardized,471,Kidney cancer,98,Tobacco,2,Percent,1990,2023,-0.01867059529337535,0.4713149289071172,-0.3727465920717028
1,All Population,1,Deaths,49,North Macedonia,3,Both,27,Age-standardized,432,Cervical cancer,98,Tobacco,2,Percent,1990,2023,0.026068673528572815,0.6312657559376441,-0.36462132518546886
1,All Population,1,Deaths,53,Serbia,3,Both,27,Age-standardized,432,Cervical cancer,98,Tobacco,2,Percent,1990,2023,0.08849499086540896,0.676777002473425,-0.23189198799819902
1,All Population,1,Deaths,53,Serbia,3,Both,27,Age-standardized,438,Prostate cancer,98,Tobacco,2,Percent,1990,2023,-0.31329680811202104,-0.04043466067226053,-0.5208419469693852
1,All Population,1,Deaths,44,Bosnia and Herzegovina,3,Both,27,Age-standardized,426,"Tracheal, bronchus, and lung cancer",98,Tobacco,2,Percent,1990,2023,-0.017791702394799973,0.07533682742245358,-0.11086038079745494
1,All Population,1,Deaths,29,Tonga,3,Both,27,Age-standardized,450,Other pharynx cancer,98,Tobacco,2,Percent,1990,2023,-0.18522799937427756,0.02209716543412185,-0.3760756204818101
1,All Population,1,Deaths,29,Tonga,3,Both,27,Age-standardized,456,Pancreatic cancer,98,Tobacco,2,Percent,1990,2023,-0.29198413306413223,-0.01863582666608312,-0.5105535319448513
1,All Population,1,Deaths,49,North Macedonia,3,Both,27,Age-standardized,438,Prostate cancer,98,Tobacco,2,Percent,1990,2023,-0.04982714371703371,0.2977892159150008,-0.34366793997397155
1,All Population,1,Deaths,49,North Macedonia,3,Both,27,Age-standardized,441,Colon and rectum cancer,98,Tobacco,2,Percent,1990,2023,0.00365000150155057,0.42255703138443246,-0.31902724812507227
1,All Population,1,Deaths,49,North Macedonia,3,Both,27,Age-standardized,474,Bladder cancer,98,Tobacco,2,Percent,1990,2023,-0.05100270678902942,0.2233056632035135,-0.2999217677207135
1,All Population,1,Deaths,33,Armenia,3,Both,27,Age-standardized,487,Leukemia,98,Tobacco,2,Percent,1990,2023,0.011273058863413862,0.23262474745376435,-0.1833925835038076
1,All Population,1,Deaths,27,Samoa,3,Both,27,Age-standardized,417,Liver cancer,98,Tobacco,2,Percent,1990,2023,-0.06312369030175466,0.36047497056850675,-0.36727675904181595
1,All Population,1,Deaths,27,Samoa,3,Both,27,Age-standardized,432,Cervical cancer,98,Tobacco,2,Percent,1990,2023,0.02635017207856604,0.7201403587214018,-0.361041262630024
1,All Population,1,Deaths,27,Samoa,3,Both,27,Age-standardized,438,Prostate cancer,98,Tobacco,2,Percent,1990,2023,-0.02032981228307553,0.4673644414764766,-0.37353935501578106
1,All Population,1,Deaths,27,Samoa,3,Both,27,Age-standardized,441,Colon and rectum cancer,98,Tobacco,2,Percent,1990,2023,-0.08346723416373195,0.5375352100467575,-0.43312266950304035
1,All Population,1,Deaths,27,Samoa,3,Both,27,Age-standardized,474,Bladder cancer,98,Tobacco,2,Percent,1990,2023,-0.06510193058895374,0.23757931441213465,-0.32151723945336275
1,All Population,1,Deaths,33,Armenia,3,Both,27,Age-standardized,447,Nasopharynx cancer,98,Tobacco,2,Percent,1990,2023,-0.10818872880633501,0.050446704036632026,-0.24462787289183324
1,All Population,1,Deaths,33,Armenia,3,Both,27,Age-standardized,450,Other pharynx cancer,98,Tobacco,2,Percent,1990,2023,-0.07759718134369842,0.028874718554299437,-0.18311671127819407
1,All Population,1,Deaths,40,Turkmenistan,3,Both,27,Age-standardized,423,Larynx cancer,98,Tobacco,2,Percent,1990,2023,-0.1983384479600765,-0.039348811686573094,-0.34329544337923285
1,All Population,1,Deaths,40,Turkmenistan,3,Both,27,Age-standardized,447,Nasopharynx cancer,98,Tobacco,2,Percent,1990,2023,-0.27977160600323603,0.06038736610028151,-0.5417055829551262
1,All Population,1,Deaths,44,Bosnia and Herzegovina,3,Both,27,Age-standardized,456,Pancreatic cancer,98,Tobacco,2,Percent,1990,2023,0.040658679852437,0.4744760385550019,-0.24127519480827467
1,All Population,1,Deaths,53,Serbia,3,Both,27,Age-standardized,474,Bladder cancer,98,Tobacco,2,Percent,1990,2023,-0.09469928275028361,0.1053372926287375,-0.28006158673352743
1,All Population,1,Deaths,39,Tajikistan,3,Both,27,Age-standardized,444,Lip and oral cavity cancer,98,Tobacco,2,Percent,1990,2023,-0.39244437654972164,-0.005024886878358155,-0.6496482865110514
1,All Population,1,Deaths,39,Tajikistan,3,Both,27,Age-standardized,487,Leukemia,98,Tobacco,2,Percent,1990,2023,-0.16607178581441404,0.3989783109193979,-0.5475025144500065
1,All Population,1,Deaths,6,China,3,Both,27,Age-standardized,426,"Tracheal, bronchus, and lung cancer",98,Tobacco,2,Percent,1990,2023,-0.03303479441446671,0.06526434383555813,-0.11413010435125695
1,All Population,1,Deaths,48,Hungary,3,Both,27,Age-standardized,432,Cervical cancer,98,Tobacco,2,Percent,1990,2023,-0.08709212190912657,0.1591071411060819,-0.26170626772463534
1,All Population,1,Deaths,48,Hungary,3,Both,27,Age-standardized,438,Prostate cancer,98,Tobacco,2,Percent,1990,2023,-0.3617404999555204,-0.12158995452821447,-0.5188429112758903
1,All Population,1,Deaths,48,Hungary,3,Both,27,Age-standardized,441,Colon and rectum cancer,98,Tobacco,2,Percent,1990,2023,-0.10018551164956231,0.19567827032330748,-0.2977707584449847
1,All Population,1,Deaths,49,North Macedonia,3,Both,27,Age-standardized,426,"Tracheal, bronchus, and lung cancer",98,Tobacco,2,Percent,1990,2023,-0.032272603340408004,0.057010341547342455,-0.13134962393161925
1,All Population,1,Deaths,8,Taiwan,3,Both,27,Age-standardized,438,Prostate cancer,98,Tobacco,2,Percent,1990,2023,-0.4711586969743652,-0.12775861294390287,-0.6874368611332178
1,All Population,1,Deaths,6,China,3,Both,27,Age-standardized,456,Pancreatic cancer,98,Tobacco,2,Percent,1990,2023,-0.05107290351652428,0.19356923838889353,-0.22493869941190217
1,All Population,1,Deaths,10,Cambodia,3,Both,27,Age-standardized,438,Prostate cancer,98,Tobacco,2,Percent,1990,2023,-0.2498147852731199,0.006738311847320686,-0.43328458611725884
1,All Population,1,Deaths,10,Cambodia,3,Both,27,Age-standardized,441,Colon and rectum cancer,98,Tobacco,2,Percent,1990,2023,-0.20252040313320127,0.24895346598688325,-0.43554008247602377
1,All Population,1,Deaths,49,North Macedonia,3,Both,27,Age-standardized,450,Other pharynx cancer,98,Tobacco,2,Percent,1990,2023,-0.0036596863982507354,0.16165418731740508,-0.1460621748123253
1,All Population,1,Deaths,49,North Macedonia,3,Both,27,Age-standardized,456,Pancreatic cancer,98,Tobacco,2,Percent,1990,2023,-0.04631898293468501,0.3083680750877424,-0.3233012653147346
1,All Population,1,Deaths,6,China,3,Both,27,Age-standardized,471,Kidney cancer,98,Tobacco,2,Percent,1990,2023,0.056755373212844566,0.31178537901490366,-0.14425703946748633
1,All Population,1,Deaths,6,China,3,Both,27,Age-standardized,423,Larynx cancer,98,Tobacco,2,Percent,1990,2023,0.030943136743892385,0.13121834650465175,-0.04538919012246539
1,All Population,1,Deaths,29,Tonga,3,Both,27,Age-standardized,444,Lip and oral cavity cancer,98,Tobacco,2,Percent,1990,2023,-0.2933798433285837,0.00015410277545438791,-0.5188516866465493
1,All Population,1,Deaths,29,Tonga,3,Both,27,Age-standardized,447,Nasopharynx cancer,98,Tobacco,2,Percent,1990,2023,-0.3802568325193223,-0.13383889521864498,-0.5479018460198983
1,All Population,1,Deaths,25,Micronesia (Federated States of),3,Both,27,Age-standardized,423,Larynx cancer,98,Tobacco,2,Percent,1990,2023,-0.05450427976878428,0.0727136245904283,-0.1861336395573208
1,All Population,1,Deaths,17,Sri Lanka,3,Both,27,Age-standardized,423,Larynx cancer,98,Tobacco,2,Percent,1990,2023,-0.1637109275843205,0.0022119994415430036,-0.304642910671996
1,All Population,1,Deaths,13,Malaysia,3,Both,27,Age-standardized,441,Colon and rectum cancer,98,Tobacco,2,Percent,1990,2023,-0.18162218782210204,0.40224267052766144,-0.5029420177901994
1,All Population,1,Deaths,13,Malaysia,3,Both,27,Age-standardized,444,Lip and oral cavity cancer,98,Tobacco,2,Percent,1990,2023,-0.1096395743995064,0.32807918509656014,-0.424339834000381
1,All Population,1,Deaths,25,Micronesia (Federated States of),3,Both,27,Age-standardized,426,"Tracheal, bronchus, and lung cancer",98,Tobacco,2,Percent,1990,2023,-0.06172288821767488,0.13050347803444884,-0.2073296511090702
1,All Population,1,Deaths,25,Micronesia (Federated States of),3,Both,27,Age-standardized,450,Other pharynx cancer,98,Tobacco,2,Percent,1990,2023,0.11867980131507883,0.8165094921421542,-0.25254768199160943
1,All Population,1,Deaths,17,Sri Lanka,3,Both,27,Age-standardized,426,"Tracheal, bronchus, and lung cancer",98,Tobacco,2,Percent,1990,2023,-0.2842217712383953,-0.1577500075241241,-0.3936840279196397
1,All Population,1,Deaths,23,Kiribati,3,Both,27,Age-standardized,411,Esophageal cancer,98,Tobacco,2,Percent,1990,2023,0.002244474996925076,0.36439288220581123,-0.21839975060597633
1,All Population,1,Deaths,23,Kiribati,3,Both,27,Age-standardized,414,Stomach cancer,98,Tobacco,2,Percent,1990,2023,-0.02523722786197966,0.3432980328775777,-0.3012922298417989
1,All Population,1,Deaths,6,China,3,Both,27,Age-standardized,441,Colon and rectum cancer,98,Tobacco,2,Percent,1990,2023,0.01520561090510422,0.30331037895734186,-0.20329037860971635
1,All Population,1,Deaths,13,Malaysia,3,Both,27,Age-standardized,487,Leukemia,98,Tobacco,2,Percent,1990,2023,-0.26761066127903116,0.19165582267564865,-0.575684828675314
1,All Population,1,Deaths,15,Myanmar,3,Both,27,Age-standardized,417,Liver cancer,98,Tobacco,2,Percent,1990,2023,-0.40539354633047364,-0.1557069602756512,-0.575324732822895
1,All Population,1,Deaths,29,Tonga,3,Both,27,Age-standardized,487,Leukemia,98,Tobacco,2,Percent,1990,2023,-0.3169819559141743,0.0990356833858006,-0.5553805265178754
1,All Population,1,Deaths,6,China,3,Both,27,Age-standardized,447,Nasopharynx cancer,98,Tobacco,2,Percent,1990,2023,0.12149547585256498,0.3872793366167219,-0.09644542181153251
1,All Population,1,Deaths,25,Micronesia (Federated States of),3,Both,27,Age-standardized,456,Pancreatic cancer,98,Tobacco,2,Percent,1990,2023,-0.05969176960873126,0.40935436493822897,-0.3860489364076789
1,All Population,1,Deaths,49,North Macedonia,3,Both,27,Age-standardized,411,Esophageal cancer,98,Tobacco,2,Percent,1990,2023,-0.021786518173112,0.21646184660897305,-0.20269540906155029
1,All Population,1,Deaths,6,China,3,Both,27,Age-standardized,444,Lip and oral cavity cancer,98,Tobacco,2,Percent,1990,2023,0.05884666986708849,0.25852715352772604,-0.10636990059588149
1,All Population,1,Deaths,36,Kazakhstan,3,Both,27,Age-standardized,423,Larynx cancer,98,Tobacco,2,Percent,1990,2023,-0.012794757388336592,0.050794415780110694,-0.07801225868930654
1,All Population,1,Deaths,13,Malaysia,3,Both,27,Age-standardized,423,Larynx cancer,98,Tobacco,2,Percent,1990,2023,-0.08561012396636516,0.05972164214099668,-0.22251951507277593
1,All Population,1,Deaths,40,Turkmenistan,3,Both,27,Age-standardized,450,Other pharynx cancer,98,Tobacco,2,Percent,1990,2023,-0.27445645580625394,-0.025891684028364663,-0.4836787048039239
1,All Population,1,Deaths,53,Serbia,3,Both,27,Age-standardized,423,Larynx cancer,98,Tobacco,2,Percent,1990,2023,-0.030582796403226288,0.02700647647583926,-0.09519585437806403
1,All Population,1,Deaths,23,Kiribati,3,Both,27,Age-standardized,417,Liver cancer,98,Tobacco,2,Percent,1990,2023,0.0027684968906003062,0.36073421437940373,-0.2594105334369306
1,All Population,1,Deaths,49,North Macedonia,3,Both,27,Age-standardized,414,Stomach cancer,98,Tobacco,2,Percent,1990,2023,-0.07209979225234915,0.25567405520543857,-0.34218136995555476
1,All Population,1,Deaths,53,Serbia,3,Both,27,Age-standardized,447,Nasopharynx cancer,98,Tobacco,2,Percent,1990,2023,-0.04419661784583765,0.21424593860205524,-0.27697889657871094
1,All Population,1,Deaths,53,Serbia,3,Both,27,Age-standardized,450,Other pharynx cancer,98,Tobacco,2,Percent,1990,2023,-0.06600311102301333,0.0910274465854636,-0.21408344739038696
1,All Population,1,Deaths,36,Kazakhstan,3,Both,27,Age-standardized,426,"Tracheal, bronchus, and lung cancer",98,Tobacco,2,Percent,1990,2023,-0.03967863958936831,0.036971860949523996,-0.11287604133757831
1,All Population,1,Deaths,36,Kazakhstan,3,Both,27,Age-standardized,450,Other pharynx cancer,98,Tobacco,2,Percent,1990,2023,-0.09793158400755243,0.048275261260936744,-0.2451195166024588
1,All Population,1,Deaths,51,Poland,3,Both,27,Age-standardized,411,Esophageal cancer,98,Tobacco,2,Percent,1990,2023,-0.2364889624998206,-0.12725418630374927,-0.3352821774457229
1,All Population,1,Deaths,51,Poland,3,Both,27,Age-standardized,423,Larynx cancer,98,Tobacco,2,Percent,1990,2023,-0.10160584954305653,-0.061941149013845107,-0.1533647269647964
1,All Population,1,Deaths,51,Poland,3,Both,27,Age-standardized,447,Nasopharynx cancer,98,Tobacco,2,Percent,1990,2023,-0.31138936620187874,-0.20861377117615573,-0.41359167826944465
1,All Population,1,Deaths,13,Malaysia,3,Both,27,Age-standardized,447,Nasopharynx cancer,98,Tobacco,2,Percent,1990,2023,-0.14112594213427837,0.22242177514334793,-0.42155301058027916
1,All Population,1,Deaths,13,Malaysia,3,Both,27,Age-standardized,450,Other pharynx cancer,98,Tobacco,2,Percent,1990,2023,-0.1309881384704392,0.15424021229944448,-0.38712824596764395
1,All Population,1,Deaths,49,North Macedonia,3,Both,27,Age-standardized,429,Breast cancer,98,Tobacco,2,Percent,1990,2023,-0.019742687304101756,0.19010134000733153,-0.21067579704969241
1,All Population,1,Deaths,36,Kazakhstan,3,Both,27,Age-standardized,456,Pancreatic cancer,98,Tobacco,2,Percent,1990,2023,0.01833402102288039,0.3112622035273817,-0.2284997360837763
1,All Population,1,Deaths,10,Cambodia,3,Both,27,Age-standardized,487,Leukemia,98,Tobacco,2,Percent,1990,2023,-0.11442285870460804,0.3084611306368576,-0.3993365754521227
1,All Population,1,Deaths,51,Poland,3,Both,27,Age-standardized,426,"Tracheal, bronchus, and lung cancer",98,Tobacco,2,Percent,1990,2023,-0.16675523134264428,-0.12168963301811615,-0.2230065908208082
1,All Population,1,Deaths,51,Poland,3,Both,27,Age-standardized,450,Other pharynx cancer,98,Tobacco,2,Percent,1990,2023,-0.19265911371431432,-0.11742390359276003,-0.27656937757553346
1,All Population,1,Deaths,51,Poland,3,Both,27,Age-standardized,456,Pancreatic cancer,98,Tobacco,2,Percent,1990,2023,-0.22811840900295619,-0.09646702628065941,-0.3402845500143746
1,All Population,1,Deaths,49,North Macedonia,3,Both,27,Age-standardized,471,Kidney cancer,98,Tobacco,2,Percent,1990,2023,-0.017379281010820785,0.35328475893011413,-0.3011073430844826
1,All Population,1,Deaths,48,Hungary,3,Both,27,Age-standardized,423,Larynx cancer,98,Tobacco,2,Percent,1990,2023,-0.0656093654939833,-0.013317988074975216,-0.11391700174930211
1,All Population,1,Deaths,48,Hungary,3,Both,27,Age-standardized,426,"Tracheal, bronchus, and lung cancer",98,Tobacco,2,Percent,1990,2023,-0.13235150912373042,-0.053486663452826856,-0.2065179851677395
1,All Population,1,Deaths,15,Myanmar,3,Both,27,Age-standardized,432,Cervical cancer,98,Tobacco,2,Percent,1990,2023,-0.514576040660348,-0.14133338998231823,-0.7224845571784958
1,All Population,1,Deaths,15,Myanmar,3,Both,27,Age-standardized,411,Esophageal cancer,98,Tobacco,2,Percent,1990,2023,-0.32750648204434746,-0.08354585854942359,-0.5125857282590922
1,All Population,1,Deaths,48,Hungary,3,Both,27,Age-standardized,450,Other pharynx cancer,98,Tobacco,2,Percent,1990,2023,-0.16378395914030064,-0.058618167846221605,-0.25648177468753064
1,All Population,1,Deaths,23,Kiribati,3,Both,27,Age-standardized,429,Breast cancer,98,Tobacco,2,Percent,1990,2023,0.07417654290108235,0.22233798335176586,-0.06470315281291522
1,All Population,1,Deaths,48,Hungary,3,Both,27,Age-standardized,456,Pancreatic cancer,98,Tobacco,2,Percent,1990,2023,-0.19692938715045225,0.03270914526854521,-0.35546034471405213
1,All Population,1,Deaths,23,Kiribati,3,Both,27,Age-standardized,471,Kidney cancer,98,Tobacco,2,Percent,1990,2023,-0.03507807141564498,0.30852422420824704,-0.2967673009967594
1,All Population,1,Deaths,23,Kiribati,3,Both,27,Age-standardized,474,Bladder cancer,98,Tobacco,2,Percent,1990,2023,-0.10850013831313553,0.19615588945845014,-0.3415257846105074
1,All Population,1,Deaths,53,Serbia,3,Both,27,Age-standardized,441,Colon and rectum cancer,98,Tobacco,2,Percent,1990,2023,-0.05915520007706177,0.33420773876943843,-0.3279523844867239
1,All Population,1,Deaths,53,Serbia,3,Both,27,Age-standardized,444,Lip and oral cavity cancer,98,Tobacco,2,Percent,1990,2023,-0.11847588053711514,0.0878654007845254,-0.2853289731703177
1,All Population,1,Deaths,8,Taiwan,3,Both,27,Age-standardized,441,Colon and rectum cancer,98,Tobacco,2,Percent,1990,2023,-0.3118871280702951,0.09283510894110719,-0.5988378065755838
1,All Population,1,Deaths,6,China,3,Both,27,Age-standardized,450,Other pharynx cancer,98,Tobacco,2,Percent,1990,2023,-0.0606166735809627,0.04529001704641473,-0.16502372261499593
1,All Population,1,Deaths,23,Kiribati,3,Both,27,Age-standardized,423,Larynx cancer,98,Tobacco,2,Percent,1990,2023,0.007798932009230631,0.1948898515894004,-0.1283477317874073
1,All Population,1,Deaths,46,Croatia,3,Both,27,Age-standardized,444,Lip and oral cavity cancer,98,Tobacco,2,Percent,1990,2023,-0.13302500745716425,-0.0008282375508115822,-0.25621793519746594
1,All Population,1,Deaths,15,Myanmar,3,Both,27,Age-standardized,414,Stomach cancer,98,Tobacco,2,Percent,1990,2023,-0.49774996321959336,-0.24162444747663686,-0.6557553906952378
1,All Population,1,Deaths,25,Micronesia (Federated States of),3,Both,27,Age-standardized,444,Lip and oral cavity cancer,98,Tobacco,2,Percent,1990,2023,-0.09492307672070666,0.30113894057543267,-0.3813825855954453
1,All Population,1,Deaths,25,Micronesia (Federated States of),3,Both,27,Age-standardized,447,Nasopharynx cancer,98,Tobacco,2,Percent,1990,2023,-0.2167845263833922,0.09442075561772684,-0.4502946331659883
1,All Population,1,Deaths,53,Serbia,3,Both,27,Age-standardized,456,Pancreatic cancer,98,Tobacco,2,Percent,1990,2023,-0.07540554863763096,0.2877498707189319,-0.3332254462476286
1,All Population,1,Deaths,53,Serbia,3,Both,27,Age-standardized,471,Kidney cancer,98,Tobacco,2,Percent,1990,2023,-0.023023187655681586,0.3136894501914442,-0.28990756306468307
1,All Population,1,Deaths,23,Kiribati,3,Both,27,Age-standardized,426,"Tracheal, bronchus, and lung cancer",98,Tobacco,2,Percent,1990,2023,-0.0025658444212157366,0.14252077573805716,-0.10446823781803224
1,All Population,1,Deaths,23,Kiribati,3,Both,27,Age-standardized,450,Other pharynx cancer,98,Tobacco,2,Percent,1990,2023,-0.0004300732895971857,0.18678840936645846,-0.15860549783808456
1,All Population,1,Deaths,46,Croatia,3,Both,27,Age-standardized,447,Nasopharynx cancer,98,Tobacco,2,Percent,1990,2023,-0.11488687309500631,0.05750432768245703,-0.25617024512369724
1,All Population,1,Deaths,46,Croatia,3,Both,27,Age-standardized,487,Leukemia,98,Tobacco,2,Percent,1990,2023,-0.04021934719597717,0.17479162753812433,-0.25744356265510354
1,All Population,1,Deaths,15,Myanmar,3,Both,27,Age-standardized,429,Breast cancer,98,Tobacco,2,Percent,1990,2023,-0.33963537059967736,-0.23926520530006432,-0.432879708880358
1,All Population,1,Deaths,29,Tonga,3,Both,27,Age-standardized,417,Liver cancer,98,Tobacco,2,Percent,1990,2023,-0.24253230326135472,0.04467088804431276,-0.45586670158671017
1,All Population,1,Deaths,15,Myanmar,3,Both,27,Age-standardized,471,Kidney cancer,98,Tobacco,2,Percent,1990,2023,-0.5970553395553049,-0.37989964961894934,-0.7207263233187956
1,All Population,1,Deaths,29,Tonga,3,Both,27,Age-standardized,432,Cervical cancer,98,Tobacco,2,Percent,1990,2023,-0.27216839986179275,0.17659844368757735,-0.5637641948438428
1,All Population,1,Deaths,23,Kiribati,3,Both,27,Age-standardized,456,Pancreatic cancer,98,Tobacco,2,Percent,1990,2023,-0.05535637851873874,0.3714091691673425,-0.34025002886196254
1,All Population,1,Deaths,11,Indonesia,3,Both,27,Age-standardized,414,Stomach cancer,98,Tobacco,2,Percent,1990,2023,0.06572881086404986,0.5775370416549903,-0.18330287586379615
1,All Population,1,Deaths,11,Indonesia,3,Both,27,Age-standardized,417,Liver cancer,98,Tobacco,2,Percent,1990,2023,0.06236862405127748,0.3980247075740078,-0.18768075191226544
1,All Population,1,Deaths,29,Tonga,3,Both,27,Age-standardized,438,Prostate cancer,98,Tobacco,2,Percent,1990,2023,-0.21820483891939602,0.33163185775457416,-0.5676802219675725
1,All Population,1,Deaths,29,Tonga,3,Both,27,Age-standardized,441,Colon and rectum cancer,98,Tobacco,2,Percent,1990,2023,-0.3494168969808339,0.07995799494608549,-0.6275105175802611
1,All Population,1,Deaths,29,Tonga,3,Both,27,Age-standardized,474,Bladder cancer,98,Tobacco,2,Percent,1990,2023,-0.28715175708357327,-0.0074827457319410085,-0.48482159633968314
1,All Population,1,Deaths,11,Indonesia,3,Both,27,Age-standardized,429,Breast cancer,98,Tobacco,2,Percent,1990,2023,0.06600063559093992,0.16222489958859176,-0.017091349381196826
1,All Population,1,Deaths,11,Indonesia,3,Both,27,Age-standardized,432,Cervical cancer,98,Tobacco,2,Percent,1990,2023,-0.2153725201071068,0.8996009171262643,-0.6726848084191079
1,All Population,1,Deaths,36,Kazakhstan,3,Both,27,Age-standardized,411,Esophageal cancer,98,Tobacco,2,Percent,1990,2023,0.14966166228146746,0.38452963733049306,-0.05278349959855645
1,All Population,1,Deaths,36,Kazakhstan,3,Both,27,Age-standardized,414,Stomach cancer,98,Tobacco,2,Percent,1990,2023,0.08103205652310486,0.4194786147511821,-0.18273060320692383
1,All Population,1,Deaths,46,Croatia,3,Both,27,Age-standardized,411,Esophageal cancer,98,Tobacco,2,Percent,1990,2023,-0.0817403476848106,0.046608497987242994,-0.2006387002440342
1,All Population,1,Deaths,46,Croatia,3,Both,27,Age-standardized,414,Stomach cancer,98,Tobacco,2,Percent,1990,2023,-0.12369695770611142,0.1022424021349376,-0.3351570432232544
1,All Population,1,Deaths,46,Croatia,3,Both,27,Age-standardized,426,"Tracheal, bronchus, and lung cancer",98,Tobacco,2,Percent,1990,2023,-0.07983328122393463,-0.014020258178022244,-0.14635989876677052
1,All Population,1,Deaths,15,Myanmar,3,Both,27,Age-standardized,444,Lip and oral cavity cancer,98,Tobacco,2,Percent,1990,2023,-0.2806685483308897,-0.032359285474804246,-0.4768406796464937
1,All Population,1,Deaths,15,Myanmar,3,Both,27,Age-standardized,447,Nasopharynx cancer,98,Tobacco,2,Percent,1990,2023,-0.24160031496543488,0.13246508533536314,-0.5128616479037734
1,All Population,1,Deaths,51,Poland,3,Both,27,Age-standardized,441,Colon and rectum cancer,98,Tobacco,2,Percent,1990,2023,-0.2083187032920624,-0.04246161126567812,-0.3484355174045822
1,All Population,1,Deaths,34,Azerbaijan,3,Both,27,Age-standardized,411,Esophageal cancer,98,Tobacco,2,Percent,1990,2023,0.13007287580765542,0.49023702273877484,-0.1296870919866922
1,All Population,1,Deaths,34,Azerbaijan,3,Both,27,Age-standardized,414,Stomach cancer,98,Tobacco,2,Percent,1990,2023,0.12051802461544298,0.6327668819876299,-0.27137194930930336
1,All Population,1,Deaths,15,Myanmar,3,Both,27,Age-standardized,487,Leukemia,98,Tobacco,2,Percent,1990,2023,-0.6101076338654828,-0.35543592816589187,-0.7453861596355523
1,All Population,1,Deaths,51,Poland,3,Both,27,Age-standardized,444,Lip and oral cavity cancer,98,Tobacco,2,Percent,1990,2023,-0.20970860425758994,-0.11757397361552574,-0.3099814714999366
1,All Population,1,Deaths,34,Azerbaijan,3,Both,27,Age-standardized,417,Liver cancer,98,Tobacco,2,Percent,1990,2023,0.05596816040196266,0.7670629018129327,-0.3900689681362022
1,All Population,1,Deaths,17,Sri Lanka,3,Both,27,Age-standardized,450,Other pharynx cancer,98,Tobacco,2,Percent,1990,2023,-0.19676722036691655,-0.013926703352116085,-0.37740031480112146
1,All Population,1,Deaths,17,Sri Lanka,3,Both,27,Age-standardized,456,Pancreatic cancer,98,Tobacco,2,Percent,1990,2023,-0.35554459761884555,-0.09347848793948571,-0.5602634308872878
1,All Population,1,Deaths,40,Turkmenistan,3,Both,27,Age-standardized,411,Esophageal cancer,98,Tobacco,2,Percent,1990,2023,-0.24356844284271423,0.06264407504762813,-0.4725802255688279
1,All Population,1,Deaths,15,Myanmar,3,Both,27,Age-standardized,438,Prostate cancer,98,Tobacco,2,Percent,1990,2023,-0.6011178984854865,-0.3411402751993272,-0.7643225157152455
1,All Population,1,Deaths,15,Myanmar,3,Both,27,Age-standardized,441,Colon and rectum cancer,98,Tobacco,2,Percent,1990,2023,-0.46917845502610533,-0.180128591507411,-0.6512769242636612
1,All Population,1,Deaths,15,Myanmar,3,Both,27,Age-standardized,474,Bladder cancer,98,Tobacco,2,Percent,1990,2023,-0.46013252908414776,-0.23526366969911972,-0.6149005929200878
1,All Population,1,Deaths,51,Poland,3,Both,27,Age-standardized,487,Leukemia,98,Tobacco,2,Percent,1990,2023,-0.2505480925836741,-0.07151596024752993,-0.4240546165217037
1,All Population,1,Deaths,44,Bosnia and Herzegovina,3,Both,27,Age-standardized,414,Stomach cancer,98,Tobacco,2,Percent,1990,2023,0.0700311145604619,0.48382402437421806,-0.2275413053276358
1,All Population,1,Deaths,25,Micronesia (Federated States of),3,Both,27,Age-standardized,487,Leukemia,98,Tobacco,2,Percent,1990,2023,-0.05622105200997206,0.6904927145347222,-0.447098124487152
1,All Population,1,Deaths,36,Kazakhstan,3,Both,27,Age-standardized,417,Liver cancer,98,Tobacco,2,Percent,1990,2023,-0.11662854327548161,0.14557629340954317,-0.31713815169582227
1,All Population,1,Deaths,11,Indonesia,3,Both,27,Age-standardized,423,Larynx cancer,98,Tobacco,2,Percent,1990,2023,-0.0017833985880661562,0.11680265683206412,-0.11296734757731819
1,All Population,1,Deaths,13,Malaysia,3,Both,27,Age-standardized,411,Esophageal cancer,98,Tobacco,2,Percent,1990,2023,-0.14188278182419667,0.2410859502416457,-0.41511569227529366
1,All Population,1,Deaths,13,Malaysia,3,Both,27,Age-standardized,414,Stomach cancer,98,Tobacco,2,Percent,1990,2023,-0.2517300525011393,0.2470012774188753,-0.5467297208217714
1,All Population,1,Deaths,13,Malaysia,3,Both,27,Age-standardized,426,"Tracheal, bronchus, and lung cancer",98,Tobacco,2,Percent,1990,2023,-0.13592038705601828,0.041211348188633,-0.28736983994714416
1,All Population,1,Deaths,40,Turkmenistan,3,Both,27,Age-standardized,414,Stomach cancer,98,Tobacco,2,Percent,1990,2023,-0.2857357707910764,0.09809826271934585,-0.5513281907931722
1,All Population,1,Deaths,40,Turkmenistan,3,Both,27,Age-standardized,426,"Tracheal, bronchus, and lung cancer",98,Tobacco,2,Percent,1990,2023,-0.18948926652517495,-0.04119934598486373,-0.3163629041788656
1,All Population,1,Deaths,11,Indonesia,3,Both,27,Age-standardized,471,Kidney cancer,98,Tobacco,2,Percent,1990,2023,0.10500138174941341,0.5739226891265302,-0.18343842736765065
1,All Population,1,Deaths,11,Indonesia,3,Both,27,Age-standardized,474,Bladder cancer,98,Tobacco,2,Percent,1990,2023,0.013364143584557344,0.2726196591747254,-0.205387721147758
1,All Population,1,Deaths,34,Azerbaijan,3,Both,27,Age-standardized,429,Breast cancer,98,Tobacco,2,Percent,1990,2023,0.202008633164084,0.40008938152822404,0.041787709140606255
1,All Population,1,Deaths,44,Bosnia and Herzegovina,3,Both,27,Age-standardized,417,Liver cancer,98,Tobacco,2,Percent,1990,2023,0.08360873274473662,0.520891122166516,-0.21968783105230572
1,All Population,1,Deaths,13,Malaysia,3,Both,27,Age-standardized,417,Liver cancer,98,Tobacco,2,Percent,1990,2023,-0.20264670177515665,0.22646342948462087,-0.5124264222109106
1,All Population,1,Deaths,17,Sri Lanka,3,Both,27,Age-standardized,417,Liver cancer,98,Tobacco,2,Percent,1990,2023,-0.30581399243923885,-0.050853000595621714,-0.5071077396284114
1,All Population,1,Deaths,13,Malaysia,3,Both,27,Age-standardized,429,Breast cancer,98,Tobacco,2,Percent,1990,2023,-0.13796115230404613,0.010234257839532643,-0.25197289807495427
1,All Population,1,Deaths,34,Azerbaijan,3,Both,27,Age-standardized,471,Kidney cancer,98,Tobacco,2,Percent,1990,2023,0.03401416301309465,0.581607013634172,-0.3321186858101645
1,All Population,1,Deaths,34,Azerbaijan,3,Both,27,Age-standardized,474,Bladder cancer,98,Tobacco,2,Percent,1990,2023,0.05908726989476364,0.3802516586429785,-0.22254168465377183
1,All Population,1,Deaths,36,Kazakhstan,3,Both,27,Age-standardized,429,Breast cancer,98,Tobacco,2,Percent,1990,2023,-0.17963513438166542,-0.06572803697469011,-0.2820098760032795
1,All Population,1,Deaths,11,Indonesia,3,Both,27,Age-standardized,444,Lip and oral cavity cancer,98,Tobacco,2,Percent,1990,2023,-0.054175430035394836,0.16035318080535316,-0.261921485353546
1,All Population,1,Deaths,11,Indonesia,3,Both,27,Age-standardized,447,Nasopharynx cancer,98,Tobacco,2,Percent,1990,2023,-0.04986196484317532,0.20874498219274704,-0.28850466235483924
1,All Population,1,Deaths,50,Montenegro,3,Both,27,Age-standardized,432,Cervical cancer,98,Tobacco,2,Percent,1990,2023,0.015803306404937545,0.5586396600601496,-0.3237334904388912
1,All Population,1,Deaths,50,Montenegro,3,Both,27,Age-standardized,438,Prostate cancer,98,Tobacco,2,Percent,1990,2023,-0.12009185874365426,0.2955948977001224,-0.4099991211419261
1,All Population,1,Deaths,50,Montenegro,3,Both,27,Age-standardized,441,Colon and rectum cancer,98,Tobacco,2,Percent,1990,2023,-0.022014968277917487,0.4228234881063684,-0.376464592934543
1,All Population,1,Deaths,36,Kazakhstan,3,Both,27,Age-standardized,471,Kidney cancer,98,Tobacco,2,Percent,1990,2023,-0.037096702242943314,0.27200507281400255,-0.2587781440041429
1,All Population,1,Deaths,36,Kazakhstan,3,Both,27,Age-standardized,474,Bladder cancer,98,Tobacco,2,Percent,1990,2023,-0.09565027342973907,0.09847766691683255,-0.2736027552487546
1,All Population,1,Deaths,44,Bosnia and Herzegovina,3,Both,27,Age-standardized,429,Breast cancer,98,Tobacco,2,Percent,1990,2023,0.11034486103207274,0.4062758879197913,-0.139215853255287
1,All Population,1,Deaths,44,Bosnia and Herzegovina,3,Both,27,Age-standardized,432,Cervical cancer,98,Tobacco,2,Percent,1990,2023,0.17316113901514987,0.9649012473350731,-0.2669549434164387
1,All Population,1,Deaths,66,Brunei Darussalam,3,Both,27,Age-standardized,417,Liver cancer,98,Tobacco,2,Percent,1990,2023,-0.2911868735519959,0.08481131289043226,-0.5723682222775255
1,All Population,1,Deaths,13,Malaysia,3,Both,27,Age-standardized,432,Cervical cancer,98,Tobacco,2,Percent,1990,2023,-0.32271419480841407,1.0466911198790847,-0.803420077881857
1,All Population,1,Deaths,13,Malaysia,3,Both,27,Age-standardized,438,Prostate cancer,98,Tobacco,2,Percent,1990,2023,-0.46017809539891447,-0.12435345059411498,-0.6704232412756682
1,All Population,1,Deaths,6,China,3,Both,27,Age-standardized,487,Leukemia,98,Tobacco,2,Percent,1990,2023,0.5904825322041289,1.1121921955767502,0.19488262859063243
1,All Population,1,Deaths,11,Indonesia,3,Both,27,Age-standardized,450,Other pharynx cancer,98,Tobacco,2,Percent,1990,2023,-0.0378290040558665,0.20072620327141416,-0.22207696984532885
1,All Population,1,Deaths,11,Indonesia,3,Both,27,Age-standardized,487,Leukemia,98,Tobacco,2,Percent,1990,2023,0.11572619449724694,0.6940225894625162,-0.25438635082950434
1,All Population,1,Deaths,66,Brunei Darussalam,3,Both,27,Age-standardized,432,Cervical cancer,98,Tobacco,2,Percent,1990,2023,-0.34844706400597814,0.5146177356468385,-0.7702993286886588
1,All Population,1,Deaths,66,Brunei Darussalam,3,Both,27,Age-standardized,438,Prostate cancer,98,Tobacco,2,Percent,1990,2023,-0.3519842228743066,-0.006637116884467375,-0.594280892704963
1,All Population,1,Deaths,19,Timor-Leste,3,Both,27,Age-standardized,423,Larynx cancer,98,Tobacco,2,Percent,1990,2023,-0.07278015598107568,0.11840779946838074,-0.23182810884136207
1,All Population,1,Deaths,19,Timor-Leste,3,Both,27,Age-standardized,447,Nasopharynx cancer,98,Tobacco,2,Percent,1990,2023,-0.2159940736242237,0.16277401808351996,-0.4434479379895171
1,All Population,1,Deaths,76,Belgium,3,Both,27,Age-standardized,417,Liver cancer,98,Tobacco,2,Percent,1990,2023,-0.2181912823147679,-0.03873394577661882,-0.38062554182968944
1,All Population,1,Deaths,36,Kazakhstan,3,Both,27,Age-standardized,444,Lip and oral cavity cancer,98,Tobacco,2,Percent,1990,2023,-0.15301442887227862,0.00953309708417748,-0.3121844957055795
1,All Population,1,Deaths,76,Belgium,3,Both,27,Age-standardized,432,Cervical cancer,98,Tobacco,2,Percent,1990,2023,-0.12589015184276023,0.1843434134434764,-0.3940271472843039
1,All Population,1,Deaths,76,Belgium,3,Both,27,Age-standardized,438,Prostate cancer,98,Tobacco,2,Percent,1990,2023,-0.4400223452101893,-0.2732855547897072,-0.5749488952144882
1,All Population,1,Deaths,36,Kazakhstan,3,Both,27,Age-standardized,447,Nasopharynx cancer,98,Tobacco,2,Percent,1990,2023,0.07150457260501733,0.329533519076613,-0.14709218521359887
1,All Population,1,Deaths,13,Malaysia,3,Both,27,Age-standardized,474,Bladder cancer,98,Tobacco,2,Percent,1990,2023,-0.2435029359885362,0.07479261384802383,-0.48122050179116777
1,All Population,1,Deaths,19,Timor-Leste,3,Both,27,Age-standardized,450,Other pharynx cancer,98,Tobacco,2,Percent,1990,2023,-0.15218816583645112,0.12314530712381355,-0.39599953595644044
1,All Population,1,Deaths,19,Timor-Leste,3,Both,27,Age-standardized,417,Liver cancer,98,Tobacco,2,Percent,1990,2023,-0.10856054045688902,0.3254634771777576,-0.4377555864084865
1,All Population,1,Deaths,17,Sri Lanka,3,Both,27,Age-standardized,411,Esophageal cancer,98,Tobacco,2,Percent,1990,2023,-0.1731848046899008,0.22016908020597814,-0.442894558261383
1,All Population,1,Deaths,36,Kazakhstan,3,Both,27,Age-standardized,487,Leukemia,98,Tobacco,2,Percent,1990,2023,0.08305070020950474,0.4531192882171442,-0.1843536114511265
1,All Population,1,Deaths,66,Brunei Darussalam,3,Both,27,Age-standardized,423,Larynx cancer,98,Tobacco,2,Percent,1990,2023,-0.12878743701732975,0.06953657206765294,-0.30482946231237584
1,All Population,1,Deaths,46,Croatia,3,Both,27,Age-standardized,423,Larynx cancer,98,Tobacco,2,Percent,1990,2023,-0.04408301475511099,0.00038425777739284686,-0.0918819301751151
1,All Population,1,Deaths,76,Belgium,3,Both,27,Age-standardized,441,Colon and rectum cancer,98,Tobacco,2,Percent,1990,2023,-0.314969229762617,-0.1149038531750414,-0.4794324311972907
1,All Population,1,Deaths,76,Belgium,3,Both,27,Age-standardized,474,Bladder cancer,98,Tobacco,2,Percent,1990,2023,-0.3735336508899211,-0.24759926520814185,-0.48736235593443633
1,All Population,1,Deaths,36,Kazakhstan,3,Both,27,Age-standardized,432,Cervical cancer,98,Tobacco,2,Percent,1990,2023,0.2811193549017642,1.8443963658722935,-0.3788870762685842
1,All Population,1,Deaths,36,Kazakhstan,3,Both,27,Age-standardized,438,Prostate cancer,98,Tobacco,2,Percent,1990,2023,-0.20935003393972418,0.1325334359589359,-0.44099426308741585
1,All Population,1,Deaths,66,Brunei Darussalam,3,Both,27,Age-standardized,447,Nasopharynx cancer,98,Tobacco,2,Percent,1990,2023,-0.341225847327697,-0.08223211530671984,-0.541873188387589
1,All Population,1,Deaths,66,Brunei Darussalam,3,Both,27,Age-standardized,450,Other pharynx cancer,98,Tobacco,2,Percent,1990,2023,-0.2330684883619912,0.03173870311321967,-0.45742282137737145
1,All Population,1,Deaths,17,Sri Lanka,3,Both,27,Age-standardized,414,Stomach cancer,98,Tobacco,2,Percent,1990,2023,-0.3736948190909539,-0.012733075652876595,-0.5743558332757305
1,All Population,1,Deaths,34,Azerbaijan,3,Both,27,Age-standardized,423,Larynx cancer,98,Tobacco,2,Percent,1990,2023,0.03773366240637118,0.18234759972756415,-0.08017877003008639
1,All Population,1,Deaths,46,Croatia,3,Both,27,Age-standardized,429,Breast cancer,98,Tobacco,2,Percent,1990,2023,-0.1766009868873763,-0.02772958332336818,-0.30326570822273374
1,All Population,1,Deaths,19,Timor-Leste,3,Both,27,Age-standardized,411,Esophageal cancer,98,Tobacco,2,Percent,1990,2023,-0.1541259177792787,0.270731976962455,-0.43639248119911167
1,All Population,1,Deaths,19,Timor-Leste,3,Both,27,Age-standardized,414,Stomach cancer,98,Tobacco,2,Percent,1990,2023,-0.22379314434454015,0.26381906004409894,-0.5262260099350425
1,All Population,1,Deaths,19,Timor-Leste,3,Both,27,Age-standardized,426,"Tracheal, bronchus, and lung cancer",98,Tobacco,2,Percent,1990,2023,-0.13354611005031158,0.06938885810942504,-0.2999637028886484
1,All Population,1,Deaths,34,Azerbaijan,3,Both,27,Age-standardized,426,"Tracheal, bronchus, and lung cancer",98,Tobacco,2,Percent,1990,2023,-0.038677795979253825,0.09070650515311207,-0.15190529936620017
1,All Population,1,Deaths,34,Azerbaijan,3,Both,27,Age-standardized,450,Other pharynx cancer,98,Tobacco,2,Percent,1990,2023,0.06856946543988049,0.5270842753541636,-0.1919269660763397
1,All Population,1,Deaths,46,Croatia,3,Both,27,Age-standardized,450,Other pharynx cancer,98,Tobacco,2,Percent,1990,2023,-0.09285417204388807,0.0037806542314843183,-0.18622516191518634
1,All Population,1,Deaths,36,Kazakhstan,3,Both,27,Age-standardized,441,Colon and rectum cancer,98,Tobacco,2,Percent,1990,2023,0.024418742035808995,0.34699153366194574,-0.23955478882720987
1,All Population,1,Deaths,44,Bosnia and Herzegovina,3,Both,27,Age-standardized,423,Larynx cancer,98,Tobacco,2,Percent,1990,2023,0.008175478576699705,0.08738528740253007,-0.06190089975278402
1,All Population,1,Deaths,46,Croatia,3,Both,27,Age-standardized,456,Pancreatic cancer,98,Tobacco,2,Percent,1990,2023,-0.06818184799357789,0.21010201449904536,-0.307408523200731
1,All Population,1,Deaths,46,Croatia,3,Both,27,Age-standardized,471,Kidney cancer,98,Tobacco,2,Percent,1990,2023,-0.11265429448692112,0.10811594817939697,-0.3184632121319383
1,All Population,1,Deaths,68,Republic of Korea,3,Both,27,Age-standardized,438,Prostate cancer,98,Tobacco,2,Percent,1990,2023,-0.43239778512519383,-0.2004631961894247,-0.6192629531177231
1,All Population,1,Deaths,68,Republic of Korea,3,Both,27,Age-standardized,441,Colon and rectum cancer,98,Tobacco,2,Percent,1990,2023,-0.4182293780225778,-0.1688956785587601,-0.5887960532211284
1,All Population,1,Deaths,11,Indonesia,3,Both,27,Age-standardized,438,Prostate cancer,98,Tobacco,2,Percent,1990,2023,0.12216604739853575,0.4852371703021834,-0.12249985016541884
1,All Population,1,Deaths,11,Indonesia,3,Both,27,Age-standardized,441,Colon and rectum cancer,98,Tobacco,2,Percent,1990,2023,0.07334699923416421,0.5314573897974529,-0.19046471243938787
1,All Population,1,Deaths,34,Azerbaijan,3,Both,27,Age-standardized,456,Pancreatic cancer,98,Tobacco,2,Percent,1990,2023,0.005326420958162604,0.47096640964385417,-0.39314331906497113
1,All Population,1,Deaths,38,Mongolia,3,Both,27,Age-standardized,438,Prostate cancer,98,Tobacco,2,Percent,1990,2023,0.08121663472737072,0.6057992551515119,-0.24566913389401895
1,All Population,1,Deaths,13,Malaysia,3,Both,27,Age-standardized,456,Pancreatic cancer,98,Tobacco,2,Percent,1990,2023,-0.21985812208531985,0.2924207058781777,-0.5430930849576519
1,All Population,1,Deaths,13,Malaysia,3,Both,27,Age-standardized,471,Kidney cancer,98,Tobacco,2,Percent,1990,2023,-0.2981025760090586,0.06733002816924644,-0.5467735614518152
1,All Population,1,Deaths,44,Bosnia and Herzegovina,3,Both,27,Age-standardized,471,Kidney cancer,98,Tobacco,2,Percent,1990,2023,0.08737615139937706,0.5842713210691082,-0.20562645244953637
1,All Population,1,Deaths,44,Bosnia and Herzegovina,3,Both,27,Age-standardized,474,Bladder cancer,98,Tobacco,2,Percent,1990,2023,-0.02568329974191649,0.234574970416646,-0.234659226126383
1,All Population,1,Deaths,74,Andorra,3,Both,27,Age-standardized,441,Colon and rectum cancer,98,Tobacco,2,Percent,1990,2023,-0.15079552634413482,0.35287028671620274,-0.5086378204505844
1,All Population,1,Deaths,17,Sri Lanka,3,Both,27,Age-standardized,432,Cervical cancer,98,Tobacco,2,Percent,1990,2023,-0.5021271526851118,0.4899875759855105,-0.8606533568513265
1,All Population,1,Deaths,50,Montenegro,3,Both,27,Age-standardized,423,Larynx cancer,98,Tobacco,2,Percent,1990,2023,-0.027486327594775543,0.0678128757523775,-0.11665037520633541
1,All Population,1,Deaths,50,Montenegro,3,Both,27,Age-standardized,426,"Tracheal, bronchus, and lung cancer",98,Tobacco,2,Percent,1990,2023,-0.03973757121728991,0.07225706339286492,-0.14473878349356145
1,All Population,1,Deaths,74,Andorra,3,Both,27,Age-standardized,444,Lip and oral cavity cancer,98,Tobacco,2,Percent,1990,2023,-0.15987085189858424,0.10776797325322365,-0.37951450997902164
1,All Population,1,Deaths,74,Andorra,3,Both,27,Age-standardized,447,Nasopharynx cancer,98,Tobacco,2,Percent,1990,2023,-0.23861661138598134,0.07011020754839184,-0.44705575914021023
1,All Population,1,Deaths,17,Sri Lanka,3,Both,27,Age-standardized,438,Prostate cancer,98,Tobacco,2,Percent,1990,2023,-0.5381125628541701,-0.3606356615403292,-0.6528760906544976
1,All Population,1,Deaths,17,Sri Lanka,3,Both,27,Age-standardized,441,Colon and rectum cancer,98,Tobacco,2,Percent,1990,2023,-0.39391716090641954,-0.12707240513418697,-0.5777451280599093
1,All Population,1,Deaths,17,Sri Lanka,3,Both,27,Age-standardized,474,Bladder cancer,98,Tobacco,2,Percent,1990,2023,-0.3532182066074476,-0.1600627213054973,-0.49182182695914983
1,All Population,1,Deaths,40,Turkmenistan,3,Both,27,Age-standardized,441,Colon and rectum cancer,98,Tobacco,2,Percent,1990,2023,-0.3261972546306956,0.10424844187591849,-0.5972215294999411
1,All Population,1,Deaths,38,Mongolia,3,Both,27,Age-standardized,411,Esophageal cancer,98,Tobacco,2,Percent,1990,2023,0.23211314126331087,0.9355189638417007,-0.135705578179352
1,All Population,1,Deaths,38,Mongolia,3,Both,27,Age-standardized,414,Stomach cancer,98,Tobacco,2,Percent,1990,2023,0.23522191593593234,0.8188991517031216,-0.09326497665498948
1,All Population,1,Deaths,74,Andorra,3,Both,27,Age-standardized,414,Stomach cancer,98,Tobacco,2,Percent,1990,2023,-0.25479798220571837,0.2150280372632224,-0.5591621875183397
1,All Population,1,Deaths,74,Andorra,3,Both,27,Age-standardized,417,Liver cancer,98,Tobacco,2,Percent,1990,2023,-0.14082699725819328,0.2808985313651184,-0.4430875580375319
1,All Population,1,Deaths,49,North Macedonia,3,Both,27,Age-standardized,444,Lip and oral cavity cancer,98,Tobacco,2,Percent,1990,2023,-0.024275301202725325,0.1961541999915948,-0.23910524422018853
1,All Population,1,Deaths,49,North Macedonia,3,Both,27,Age-standardized,447,Nasopharynx cancer,98,Tobacco,2,Percent,1990,2023,-0.016359229178247718,0.26480073046480734,-0.2027700284837757
1,All Population,1,Deaths,40,Turkmenistan,3,Both,27,Age-standardized,444,Lip and oral cavity cancer,98,Tobacco,2,Percent,1990,2023,-0.34916300750119617,-0.059240470846018384,-0.5716193847385336
1,All Population,1,Deaths,78,Denmark,3,Both,27,Age-standardized,487,Leukemia,98,Tobacco,2,Percent,1990,2023,-0.2718600848137067,-0.13449608727826323,-0.4397576180543519
1,All Population,1,Deaths,50,Montenegro,3,Both,27,Age-standardized,450,Other pharynx cancer,98,Tobacco,2,Percent,1990,2023,-0.04669506300933988,0.10509316402895603,-0.17448645331346563
1,All Population,1,Deaths,74,Andorra,3,Both,27,Age-standardized,487,Leukemia,98,Tobacco,2,Percent,1990,2023,-0.26892009263405936,0.08026136548683023,-0.5361523661715313
1,All Population,1,Deaths,15,Myanmar,3,Both,27,Age-standardized,423,Larynx cancer,98,Tobacco,2,Percent,1990,2023,-0.1718437729009333,-0.049508294045071996,-0.2842673840386761
1,All Population,1,Deaths,50,Montenegro,3,Both,27,Age-standardized,456,Pancreatic cancer,98,Tobacco,2,Percent,1990,2023,-0.06487613538104164,0.3295963585459488,-0.37150224207009364
1,All Population,1,Deaths,40,Turkmenistan,3,Both,27,Age-standardized,487,Leukemia,98,Tobacco,2,Percent,1990,2023,-0.2911688897838503,0.07117968083773646,-0.5594492226534094
1,All Population,1,Deaths,19,Timor-Leste,3,Both,27,Age-standardized,432,Cervical cancer,98,Tobacco,2,Percent,1990,2023,-0.30728025130234426,1.1318080367529746,-0.799629571309653
1,All Population,1,Deaths,19,Timor-Leste,3,Both,27,Age-standardized,438,Prostate cancer,98,Tobacco,2,Percent,1990,2023,-0.2805050353077621,0.22705462712260593,-0.568570038690172
1,All Population,1,Deaths,49,North Macedonia,3,Both,27,Age-standardized,487,Leukemia,98,Tobacco,2,Percent,1990,2023,0.0661689480691159,0.4267995393446836,-0.24527737582263878
1,All Population,1,Deaths,68,Republic of Korea,3,Both,27,Age-standardized,423,Larynx cancer,98,Tobacco,2,Percent,1990,2023,-0.12222853669277345,0.08873784532667492,-0.25968339680821295
1,All Population,1,Deaths,19,Timor-Leste,3,Both,27,Age-standardized,474,Bladder cancer,98,Tobacco,2,Percent,1990,2023,-0.2175575028979171,0.15160038583389257,-0.4764103227825768
1,All Population,1,Deaths,40,Turkmenistan,3,Both,27,Age-standardized,456,Pancreatic cancer,98,Tobacco,2,Percent,1990,2023,-0.24186476254466105,0.19845936669339467,-0.5305113374917024
1,All Population,1,Deaths,48,Hungary,3,Both,27,Age-standardized,411,Esophageal cancer,98,Tobacco,2,Percent,1990,2023,-0.16012668224096555,-0.033929438406413985,-0.262899560304078
1,All Population,1,Deaths,48,Hungary,3,Both,27,Age-standardized,414,Stomach cancer,98,Tobacco,2,Percent,1990,2023,-0.22144018116359712,0.00721414473080329,-0.3865494312592431
1,All Population,1,Deaths,48,Hungary,3,Both,27,Age-standardized,417,Liver cancer,98,Tobacco,2,Percent,1990,2023,-0.10726479546150926,0.14953397450238776,-0.28255978313035
1,All Population,1,Deaths,40,Turkmenistan,3,Both,27,Age-standardized,471,Kidney cancer,98,Tobacco,2,Percent,1990,2023,0.951768496670734,2.303974459461396,0.17128266616839138
1,All Population,1,Deaths,17,Sri Lanka,3,Both,27,Age-standardized,429,Breast cancer,98,Tobacco,2,Percent,1990,2023,-0.36434226729484437,-0.22958680410273608,-0.46435983896225436
1,All Population,1,Deaths,15,Myanmar,3,Both,27,Age-standardized,426,"Tracheal, bronchus, and lung cancer",98,Tobacco,2,Percent,1990,2023,-0.29313464142689416,-0.17331772663256756,-0.37777575840030375
1,All Population,1,Deaths,48,Hungary,3,Both,27,Age-standardized,429,Breast cancer,98,Tobacco,2,Percent,1990,2023,-0.2920966232820648,-0.16002983153036554,-0.3948208699543275
1,All Population,1,Deaths,74,Andorra,3,Both,27,Age-standardized,411,Esophageal cancer,98,Tobacco,2,Percent,1990,2023,-0.19245670876916446,0.033928814776547814,-0.3967484443926109
1,All Population,1,Deaths,74,Andorra,3,Both,27,Age-standardized,426,"Tracheal, bronchus, and lung cancer",98,Tobacco,2,Percent,1990,2023,-0.08563785343496048,0.07423975127921786,-0.22407028227351777
1,All Population,1,Deaths,17,Sri Lanka,3,Both,27,Age-standardized,471,Kidney cancer,98,Tobacco,2,Percent,1990,2023,-0.41249229000812526,-0.13533834159631056,-0.5932389665715461
1,All Population,1,Deaths,66,Brunei Darussalam,3,Both,27,Age-standardized,474,Bladder cancer,98,Tobacco,2,Percent,1990,2023,-0.3675105876107618,-0.07975095705551719,-0.597520932582761
1,All Population,1,Deaths,48,Hungary,3,Both,27,Age-standardized,471,Kidney cancer,98,Tobacco,2,Percent,1990,2023,-0.22678571977615483,-0.013036084579705554,-0.383174011997862
1,All Population,1,Deaths,52,Romania,3,Both,27,Age-standardized,411,Esophageal cancer,98,Tobacco,2,Percent,1990,2023,0.06424728194819138,0.256282077291387,-0.14926228458936056
1,All Population,1,Deaths,72,New Zealand,3,Both,27,Age-standardized,411,Esophageal cancer,98,Tobacco,2,Percent,1990,2023,-0.34946496555372825,-0.2483777999531122,-0.4358972144963691
1,All Population,1,Deaths,72,New Zealand,3,Both,27,Age-standardized,414,Stomach cancer,98,Tobacco,2,Percent,1990,2023,-0.34492507106560705,-0.20705228438925027,-0.46114283704921377
1,All Population,1,Deaths,72,New Zealand,3,Both,27,Age-standardized,426,"Tracheal, bronchus, and lung cancer",98,Tobacco,2,Percent,1990,2023,-0.23238161570015012,-0.1787943796793749,-0.28972375873457124
1,All Population,1,Deaths,54,Slovakia,3,Both,27,Age-standardized,417,Liver cancer,98,Tobacco,2,Percent,1990,2023,-0.0012855261922471491,0.32972423192248446,-0.3065564322663956
1,All Population,1,Deaths,72,New Zealand,3,Both,27,Age-standardized,417,Liver cancer,98,Tobacco,2,Percent,1990,2023,-0.22810993420328446,-0.09357657153167259,-0.3487382239956244
1,All Population,1,Deaths,76,Belgium,3,Both,27,Age-standardized,444,Lip and oral cavity cancer,98,Tobacco,2,Percent,1990,2023,-0.3153931416608655,-0.162549424104335,-0.45164504152744506
1,All Population,1,Deaths,52,Romania,3,Both,27,Age-standardized,426,"Tracheal, bronchus, and lung cancer",98,Tobacco,2,Percent,1990,2023,-0.08597366977162396,-0.003350051588224002,-0.1682875736682185
1,All Population,1,Deaths,74,Andorra,3,Both,27,Age-standardized,471,Kidney cancer,98,Tobacco,2,Percent,1990,2023,-0.23175388197831925,0.17373829832558446,-0.5150270239278756
1,All Population,1,Deaths,15,Myanmar,3,Both,27,Age-standardized,450,Other pharynx cancer,98,Tobacco,2,Percent,1990,2023,-0.2719528694830836,-0.08366286232058913,-0.41970221998249424
1,All Population,1,Deaths,15,Myanmar,3,Both,27,Age-standardized,456,Pancreatic cancer,98,Tobacco,2,Percent,1990,2023,-0.4697516729495529,-0.2614376080978101,-0.6245408112581375
1,All Population,1,Deaths,72,New Zealand,3,Both,27,Age-standardized,429,Breast cancer,98,Tobacco,2,Percent,1990,2023,-0.30415644556306515,-0.207127418174346,-0.4034759833543912
1,All Population,1,Deaths,72,New Zealand,3,Both,27,Age-standardized,456,Pancreatic cancer,98,Tobacco,2,Percent,1990,2023,-0.3081811176604168,-0.1893616433879968,-0.41455858405991364
1,All Population,1,Deaths,38,Mongolia,3,Both,27,Age-standardized,441,Colon and rectum cancer,98,Tobacco,2,Percent,1990,2023,0.0597247951835553,0.6506468791431179,-0.25650729653881416
1,All Population,1,Deaths,72,New Zealand,3,Both,27,Age-standardized,432,Cervical cancer,98,Tobacco,2,Percent,1990,2023,-0.27360469777461727,-0.17346726768107604,-0.3754006130411897
1,All Population,1,Deaths,76,Belgium,3,Both,27,Age-standardized,411,Esophageal cancer,98,Tobacco,2,Percent,1990,2023,-0.212876150784985,-0.06701700695656254,-0.3408648172003929
1,All Population,1,Deaths,76,Belgium,3,Both,27,Age-standardized,414,Stomach cancer,98,Tobacco,2,Percent,1990,2023,-0.3299320703492457,-0.1540633406155839,-0.4692964075801852
1,All Population,1,Deaths,66,Brunei Darussalam,3,Both,27,Age-standardized,411,Esophageal cancer,98,Tobacco,2,Percent,1990,2023,-0.2603257055270628,0.03662626030787414,-0.4889912335710789
1,All Population,1,Deaths,66,Brunei Darussalam,3,Both,27,Age-standardized,414,Stomach cancer,98,Tobacco,2,Percent,1990,2023,-0.39118872022196066,-0.015246091663541211,-0.637415882298631
1,All Population,1,Deaths,66,Brunei Darussalam,3,Both,27,Age-standardized,426,"Tracheal, bronchus, and lung cancer",98,Tobacco,2,Percent,1990,2023,-0.25214539104616623,-0.017950277799385975,-0.43207309872294625
1,All Population,1,Deaths,72,New Zealand,3,Both,27,Age-standardized,471,Kidney cancer,98,Tobacco,2,Percent,1990,2023,-0.34881226319328207,-0.18870980381385705,-0.48257318196775845
1,All Population,1,Deaths,74,Andorra,3,Both,27,Age-standardized,429,Breast cancer,98,Tobacco,2,Percent,1990,2023,-0.07167399030476464,0.33839602307781913,-0.3670289229775475
1,All Population,1,Deaths,74,Andorra,3,Both,27,Age-standardized,432,Cervical cancer,98,Tobacco,2,Percent,1990,2023,0.05576312981977644,0.9851211256475165,-0.4607827446758411
1,All Population,1,Deaths,53,Serbia,3,Both,27,Age-standardized,487,Leukemia,98,Tobacco,2,Percent,1990,2023,0.08826188735005314,0.5400334140252349,-0.2216648321061714
1,All Population,1,Deaths,74,Andorra,3,Both,27,Age-standardized,438,Prostate cancer,98,Tobacco,2,Percent,1990,2023,-0.2098646428409332,0.14049694906761112,-0.4830921799408595
1,All Population,1,Deaths,74,Andorra,3,Both,27,Age-standardized,474,Bladder cancer,98,Tobacco,2,Percent,1990,2023,-0.2032297347366398,0.12270048349236154,-0.4458743880787311
1,All Population,1,Deaths,54,Slovakia,3,Both,27,Age-standardized,423,Larynx cancer,98,Tobacco,2,Percent,1990,2023,-0.025612372216291708,0.05826000248156088,-0.10330028048326353
1,All Population,1,Deaths,54,Slovakia,3,Both,27,Age-standardized,426,"Tracheal, bronchus, and lung cancer",98,Tobacco,2,Percent,1990,2023,-0.10483230826512388,0.0032301619571449645,-0.21463086659203454
1,All Population,1,Deaths,54,Slovakia,3,Both,27,Age-standardized,450,Other pharynx cancer,98,Tobacco,2,Percent,1990,2023,-0.056678947112334094,0.12596375344391184,-0.20629809996781548
1,All Population,1,Deaths,74,Andorra,3,Both,27,Age-standardized,423,Larynx cancer,98,Tobacco,2,Percent,1990,2023,-0.0578495149082465,0.05397407448964996,-0.18036844820328238
1,All Population,1,Deaths,44,Bosnia and Herzegovina,3,Both,27,Age-standardized,447,Nasopharynx cancer,98,Tobacco,2,Percent,1990,2023,0.13454340017567068,0.5181596314198563,-0.18581143506340747
1,All Population,1,Deaths,44,Bosnia and Herzegovina,3,Both,27,Age-standardized,450,Other pharynx cancer,98,Tobacco,2,Percent,1990,2023,0.05168381246391945,0.28934743354677717,-0.1263530379282407
1,All Population,1,Deaths,62,Russian Federation,3,Both,27,Age-standardized,423,Larynx cancer,98,Tobacco,2,Percent,1990,2023,-0.015930645327016726,0.023782802068382396,-0.06009155397622946
1,All Population,1,Deaths,62,Russian Federation,3,Both,27,Age-standardized,447,Nasopharynx cancer,98,Tobacco,2,Percent,1990,2023,0.052374191457425695,0.28097392515397174,-0.11895281026881264
1,All Population,1,Deaths,19,Timor-Leste,3,Both,27,Age-standardized,429,Breast cancer,98,Tobacco,2,Percent,1990,2023,-0.020281643276911506,0.08290512157147334,-0.11755091555144175
1,All Population,1,Deaths,19,Timor-Leste,3,Both,27,Age-standardized,456,Pancreatic cancer,98,Tobacco,2,Percent,1990,2023,-0.23053990021135085,0.2662538541981216,-0.525779658161032
1,All Population,1,Deaths,62,Russian Federation,3,Both,27,Age-standardized,450,Other pharynx cancer,98,Tobacco,2,Percent,1990,2023,-0.03349347816135959,0.06647730836566827,-0.14118669324520047
1,All Population,1,Deaths,52,Romania,3,Both,27,Age-standardized,456,Pancreatic cancer,98,Tobacco,2,Percent,1990,2023,-0.12106353502572555,0.16298254596198478,-0.3724133973692537
1,All Population,1,Deaths,54,Slovakia,3,Both,27,Age-standardized,456,Pancreatic cancer,98,Tobacco,2,Percent,1990,2023,-0.08658452562494501,0.23809021145859835,-0.36789072869871087
1,All Population,1,Deaths,76,Belgium,3,Both,27,Age-standardized,429,Breast cancer,98,Tobacco,2,Percent,1990,2023,-0.4087652259545895,-0.2507870499487223,-0.5162059607910391
1,All Population,1,Deaths,66,Brunei Darussalam,3,Both,27,Age-standardized,429,Breast cancer,98,Tobacco,2,Percent,1990,2023,-0.386306104795384,-0.21721976016093678,-0.5352015046202024
1,All Population,1,Deaths,54,Slovakia,3,Both,27,Age-standardized,432,Cervical cancer,98,Tobacco,2,Percent,1990,2023,0.02525506841959589,0.7208093870767901,-0.41708119659392384
1,All Population,1,Deaths,54,Slovakia,3,Both,27,Age-standardized,438,Prostate cancer,98,Tobacco,2,Percent,1990,2023,-0.09299944311028827,0.33225214472014597,-0.36798519437601557
1,All Population,1,Deaths,58,Estonia,3,Both,27,Age-standardized,444,Lip and oral cavity cancer,98,Tobacco,2,Percent,1990,2023,-0.0961153466685333,0.08297228256817635,-0.22708129888214135
1,All Population,1,Deaths,72,New Zealand,3,Both,27,Age-standardized,438,Prostate cancer,98,Tobacco,2,Percent,1990,2023,-0.5158818443674748,-0.388909015425119,-0.637755947143477
1,All Population,1,Deaths,72,New Zealand,3,Both,27,Age-standardized,474,Bladder cancer,98,Tobacco,2,Percent,1990,2023,-0.33492915129132433,-0.2218525302567875,-0.45023698875365536
1,All Population,1,Deaths,62,Russian Federation,3,Both,27,Age-standardized,414,Stomach cancer,98,Tobacco,2,Percent,1990,2023,0.1019309052138385,0.3678983017229984,-0.11195775128253002
1,All Population,1,Deaths,62,Russian Federation,3,Both,27,Age-standardized,417,Liver cancer,98,Tobacco,2,Percent,1990,2023,0.09822150411254903,0.3740485981619349,-0.12613253736427057
1,All Population,1,Deaths,30,Vanuatu,3,Both,27,Age-standardized,411,Esophageal cancer,98,Tobacco,2,Percent,1990,2023,-0.3164064131837099,-0.007016562900008575,-0.5515873011087273
1,All Population,1,Deaths,54,Slovakia,3,Both,27,Age-standardized,441,Colon and rectum cancer,98,Tobacco,2,Percent,1990,2023,-0.06062214067399283,0.3264916956529032,-0.35578172507389577
1,All Population,1,Deaths,54,Slovakia,3,Both,27,Age-standardized,474,Bladder cancer,98,Tobacco,2,Percent,1990,2023,-0.1057634661378015,0.14820993105110652,-0.3425968233634728
1,All Population,1,Deaths,76,Belgium,3,Both,27,Age-standardized,423,Larynx cancer,98,Tobacco,2,Percent,1990,2023,-0.14859203979981825,-0.08790716117866373,-0.2167046378997933
1,All Population,1,Deaths,76,Belgium,3,Both,27,Age-standardized,426,"Tracheal, bronchus, and lung cancer",98,Tobacco,2,Percent,1990,2023,-0.21123428684352716,-0.14260114314356542,-0.2857829648827046
1,All Population,1,Deaths,76,Belgium,3,Both,27,Age-standardized,450,Other pharynx cancer,98,Tobacco,2,Percent,1990,2023,-0.2509484792269422,-0.11462242214285431,-0.37093625945311454
1,All Population,1,Deaths,60,Lithuania,3,Both,27,Age-standardized,411,Esophageal cancer,98,Tobacco,2,Percent,1990,2023,0.02412092141737241,0.22319811657473984,-0.13476028687254
1,All Population,1,Deaths,60,Lithuania,3,Both,27,Age-standardized,414,Stomach cancer,98,Tobacco,2,Percent,1990,2023,0.0029420435273559585,0.31811325231864235,-0.22539257084469294
1,All Population,1,Deaths,76,Belgium,3,Both,27,Age-standardized,456,Pancreatic cancer,98,Tobacco,2,Percent,1990,2023,-0.31825023235237937,-0.10971570702215483,-0.47125096803572863
1,All Population,1,Deaths,78,Denmark,3,Both,27,Age-standardized,471,Kidney cancer,98,Tobacco,2,Percent,1990,2023,-0.35207216274955216,-0.23470419089870923,-0.4609071672645504
1,All Population,1,Deaths,76,Belgium,3,Both,27,Age-standardized,471,Kidney cancer,98,Tobacco,2,Percent,1990,2023,-0.32105670215202253,-0.1510980707107477,-0.4757808435964535
1,All Population,1,Deaths,60,Lithuania,3,Both,27,Age-standardized,444,Lip and oral cavity cancer,98,Tobacco,2,Percent,1990,2023,-0.028594215539723248,0.163962265235107,-0.20064213775170583
1,All Population,1,Deaths,38,Mongolia,3,Both,27,Age-standardized,423,Larynx cancer,98,Tobacco,2,Percent,1990,2023,0.08679344821318971,0.26585913988502174,-0.03531333849859436
1,All Population,1,Deaths,38,Mongolia,3,Both,27,Age-standardized,444,Lip and oral cavity cancer,98,Tobacco,2,Percent,1990,2023,0.03824652557642231,0.5189313120890577,-0.2537217191398644
1,All Population,1,Deaths,30,Vanuatu,3,Both,27,Age-standardized,423,Larynx cancer,98,Tobacco,2,Percent,1990,2023,-0.16198395924159562,0.006723441957605096,-0.3155559399896195
1,All Population,1,Deaths,30,Vanuatu,3,Both,27,Age-standardized,426,"Tracheal, bronchus, and lung cancer",98,Tobacco,2,Percent,1990,2023,-0.28179213310763496,-0.045336792632193514,-0.45946323020283414
1,All Population,1,Deaths,68,Republic of Korea,3,Both,27,Age-standardized,411,Esophageal cancer,98,Tobacco,2,Percent,1990,2023,-0.21571895199007596,-0.08972003402029143,-0.33292648795903007
1,All Population,1,Deaths,23,Kiribati,3,Both,27,Age-standardized,432,Cervical cancer,98,Tobacco,2,Percent,1990,2023,-0.0041901471449527355,0.40359565492750193,-0.27509795546365656
1,All Population,1,Deaths,60,Lithuania,3,Both,27,Age-standardized,417,Liver cancer,98,Tobacco,2,Percent,1990,2023,0.21570922157432124,0.5715418825964315,-0.04996954331682748
1,All Population,1,Deaths,72,New Zealand,3,Both,27,Age-standardized,423,Larynx cancer,98,Tobacco,2,Percent,1990,2023,-0.17347680152021555,-0.11606182666485793,-0.23707483227851583
1,All Population,1,Deaths,38,Mongolia,3,Both,27,Age-standardized,417,Liver cancer,98,Tobacco,2,Percent,1990,2023,-0.050249358229537126,0.35723735655332284,-0.3109592861629954
1,All Population,1,Deaths,38,Mongolia,3,Both,27,Age-standardized,429,Breast cancer,98,Tobacco,2,Percent,1990,2023,0.11324382806887906,0.2566930717427505,-0.030460495034713632
1,All Population,1,Deaths,23,Kiribati,3,Both,27,Age-standardized,438,Prostate cancer,98,Tobacco,2,Percent,1990,2023,0.016334183590990106,0.5561486138721838,-0.3295474971347021
1,All Population,1,Deaths,23,Kiribati,3,Both,27,Age-standardized,441,Colon and rectum cancer,98,Tobacco,2,Percent,1990,2023,-0.02338775688904777,0.3663618479431886,-0.3274595202879801
1,All Population,1,Deaths,68,Republic of Korea,3,Both,27,Age-standardized,444,Lip and oral cavity cancer,98,Tobacco,2,Percent,1990,2023,-0.3217427216643494,-0.1527473010673965,-0.46051883716538405
1,All Population,1,Deaths,68,Republic of Korea,3,Both,27,Age-standardized,447,Nasopharynx cancer,98,Tobacco,2,Percent,1990,2023,-0.2735415601833017,-0.05987185549074676,-0.42055768387063364
1,All Population,1,Deaths,60,Lithuania,3,Both,27,Age-standardized,447,Nasopharynx cancer,98,Tobacco,2,Percent,1990,2023,-0.017618771371274024,0.25941657209016167,-0.20687161465156717
1,All Population,1,Deaths,60,Lithuania,3,Both,27,Age-standardized,487,Leukemia,98,Tobacco,2,Percent,1990,2023,0.12913083661730146,0.5063049259116394,-0.1327814516984705
1,All Population,1,Deaths,68,Republic of Korea,3,Both,27,Age-standardized,426,"Tracheal, bronchus, and lung cancer",98,Tobacco,2,Percent,1990,2023,-0.26888440631639376,-0.15387050730547136,-0.37155249409228813
1,All Population,1,Deaths,62,Russian Federation,3,Both,27,Age-standardized,411,Esophageal cancer,98,Tobacco,2,Percent,1990,2023,0.16542296710057625,0.3361495846212874,0.016383199627410888
1,All Population,1,Deaths,95,United Kingdom,3,Both,27,Age-standardized,411,Esophageal cancer,98,Tobacco,2,Percent,1990,2023,-0.2889588115161777,-0.22180374036543152,-0.36481146219288096
1,All Population,1,Deaths,76,Belgium,3,Both,27,Age-standardized,447,Nasopharynx cancer,98,Tobacco,2,Percent,1990,2023,-0.30803496842018835,-0.11069797180244978,-0.4571346419317601
1,All Population,1,Deaths,76,Belgium,3,Both,27,Age-standardized,487,Leukemia,98,Tobacco,2,Percent,1990,2023,-0.21161009642822914,-0.0295435087068201,-0.41076510083763323
1,All Population,1,Deaths,38,Mongolia,3,Both,27,Age-standardized,432,Cervical cancer,98,Tobacco,2,Percent,1990,2023,-0.025561171983167232,0.8647192228721753,-0.4745736955837447
1,All Population,1,Deaths,38,Mongolia,3,Both,27,Age-standardized,447,Nasopharynx cancer,98,Tobacco,2,Percent,1990,2023,0.2615030742421495,0.7918200282786134,-0.07982602132104111
1,All Population,1,Deaths,91,Portugal,3,Both,27,Age-standardized,423,Larynx cancer,98,Tobacco,2,Percent,1990,2023,-0.08846419819424273,-0.04056479850871011,-0.14166782483167797
1,All Population,1,Deaths,30,Vanuatu,3,Both,27,Age-standardized,450,Other pharynx cancer,98,Tobacco,2,Percent,1990,2023,-0.21919974642953563,0.05970055475618539,-0.4529875869986213
1,All Population,1,Deaths,30,Vanuatu,3,Both,27,Age-standardized,456,Pancreatic cancer,98,Tobacco,2,Percent,1990,2023,-0.36953639761905777,-0.04691845860147305,-0.6244173288423078
1,All Population,1,Deaths,62,Russian Federation,3,Both,27,Age-standardized,426,"Tracheal, bronchus, and lung cancer",98,Tobacco,2,Percent,1990,2023,-0.038330221117478504,0.01768083706851944,-0.09193048805920032
1,All Population,1,Deaths,97,Argentina,3,Both,27,Age-standardized,423,Larynx cancer,98,Tobacco,2,Percent,1990,2023,-0.11187345150853761,0.008947242046711648,-0.2326031019160923
1,All Population,1,Deaths,101,Canada,3,Both,27,Age-standardized,487,Leukemia,98,Tobacco,2,Percent,1990,2023,-0.18481005829016486,0.000590222490167143,-0.3952223136209511
1,All Population,1,Deaths,91,Portugal,3,Both,27,Age-standardized,426,"Tracheal, bronchus, and lung cancer",98,Tobacco,2,Percent,1990,2023,-0.13164839084132668,-0.07343269947106551,-0.1937930537579695
1,All Population,1,Deaths,38,Mongolia,3,Both,27,Age-standardized,487,Leukemia,98,Tobacco,2,Percent,1990,2023,0.2784351155215001,1.0247920704163074,-0.15807524669391096
1,All Population,1,Deaths,60,Lithuania,3,Both,27,Age-standardized,432,Cervical cancer,98,Tobacco,2,Percent,1990,2023,0.4202817394107088,1.3956438728934262,-0.042068169411804364
1,All Population,1,Deaths,60,Lithuania,3,Both,27,Age-standardized,438,Prostate cancer,98,Tobacco,2,Percent,1990,2023,-0.10819780194554969,0.22663821449175445,-0.38344343381383705
1,All Population,1,Deaths,19,Timor-Leste,3,Both,27,Age-standardized,471,Kidney cancer,98,Tobacco,2,Percent,1990,2023,-0.14670931287027192,0.45596106018324767,-0.4458527769413171
1,All Population,1,Deaths,72,New Zealand,3,Both,27,Age-standardized,447,Nasopharynx cancer,98,Tobacco,2,Percent,1990,2023,-0.4433677833060718,-0.3376010522233899,-0.532873566305083
1,All Population,1,Deaths,72,New Zealand,3,Both,27,Age-standardized,450,Other pharynx cancer,98,Tobacco,2,Percent,1990,2023,-0.25953279240777444,-0.17695714338753843,-0.34751195028916426
1,All Population,1,Deaths,38,Mongolia,3,Both,27,Age-standardized,471,Kidney cancer,98,Tobacco,2,Percent,1990,2023,0.14922442692628538,0.6948550859741507,-0.20221625817348585
1,All Population,1,Deaths,38,Mongolia,3,Both,27,Age-standardized,474,Bladder cancer,98,Tobacco,2,Percent,1990,2023,-0.06424219979848557,0.2223357477201275,-0.297671853496373
1,All Population,1,Deaths,40,Turkmenistan,3,Both,27,Age-standardized,417,Liver cancer,98,Tobacco,2,Percent,1990,2023,-0.3483265165739271,-0.00683606384576912,-0.6057371263682374
1,All Population,1,Deaths,91,Portugal,3,Both,27,Age-standardized,450,Other pharynx cancer,98,Tobacco,2,Percent,1990,2023,-0.06165825443147378,0.02347612799634747,-0.15730377886669225
1,All Population,1,Deaths,91,Portugal,3,Both,27,Age-standardized,456,Pancreatic cancer,98,Tobacco,2,Percent,1990,2023,-0.111591768091724,0.03692628092496903,-0.26473110391903437
1,All Population,1,Deaths,58,Estonia,3,Both,27,Age-standardized,411,Esophageal cancer,98,Tobacco,2,Percent,1990,2023,0.04555146175431437,0.23785878013111916,-0.08697266099244025
1,All Population,1,Deaths,40,Turkmenistan,3,Both,27,Age-standardized,429,Breast cancer,98,Tobacco,2,Percent,1990,2023,-0.28738650937234494,-0.14629400281960134,-0.40704858601066257
1,All Population,1,Deaths,58,Estonia,3,Both,27,Age-standardized,414,Stomach cancer,98,Tobacco,2,Percent,1990,2023,-0.024862949705573477,0.3095185361544286,-0.24448215853592808
1,All Population,1,Deaths,58,Estonia,3,Both,27,Age-standardized,417,Liver cancer,98,Tobacco,2,Percent,1990,2023,0.0387005342310612,0.341373081078222,-0.18913471461033068
1,All Population,1,Deaths,66,Brunei Darussalam,3,Both,27,Age-standardized,456,Pancreatic cancer,98,Tobacco,2,Percent,1990,2023,-0.3898083928076386,0.05359203839132986,-0.6707156233792528
1,All Population,1,Deaths,60,Lithuania,3,Both,27,Age-standardized,441,Colon and rectum cancer,98,Tobacco,2,Percent,1990,2023,0.06260072332023763,0.397170822671284,-0.18785766567728182
1,All Population,1,Deaths,60,Lithuania,3,Both,27,Age-standardized,474,Bladder cancer,98,Tobacco,2,Percent,1990,2023,-0.0755385263977353,0.11923798600615974,-0.2552369458882304
1,All Population,1,Deaths,72,New Zealand,3,Both,27,Age-standardized,441,Colon and rectum cancer,98,Tobacco,2,Percent,1990,2023,-0.3052284574278689,-0.14829599890127176,-0.44293767341659607
1,All Population,1,Deaths,95,United Kingdom,3,Both,27,Age-standardized,426,"Tracheal, bronchus, and lung cancer",98,Tobacco,2,Percent,1990,2023,-0.22401438082688976,-0.18225335884676702,-0.2686943684209541
1,All Population,1,Deaths,62,Russian Federation,3,Both,27,Age-standardized,429,Breast cancer,98,Tobacco,2,Percent,1990,2023,-0.2199099307302493,-0.08012192550759004,-0.32804342220152044
1,All Population,1,Deaths,40,Turkmenistan,3,Both,27,Age-standardized,432,Cervical cancer,98,Tobacco,2,Percent,1990,2023,-0.43574740928218275,0.9582019771190341,-0.861430453671689
1,All Population,1,Deaths,40,Turkmenistan,3,Both,27,Age-standardized,438,Prostate cancer,98,Tobacco,2,Percent,1990,2023,-0.33849368450394585,-0.025661179415534356,-0.604722199537479
1,All Population,1,Deaths,66,Brunei Darussalam,3,Both,27,Age-standardized,471,Kidney cancer,98,Tobacco,2,Percent,1990,2023,-0.3429943409391384,0.042099582502881545,-0.5981825494733555
1,All Population,1,Deaths,74,Andorra,3,Both,27,Age-standardized,450,Other pharynx cancer,98,Tobacco,2,Percent,1990,2023,-0.11841593303554611,0.08595529404510965,-0.30097755938101123
1,All Population,1,Deaths,74,Andorra,3,Both,27,Age-standardized,456,Pancreatic cancer,98,Tobacco,2,Percent,1990,2023,-0.153929999360738,0.38903986559175907,-0.4899069885851109
1,All Population,1,Deaths,48,Hungary,3,Both,27,Age-standardized,474,Bladder cancer,98,Tobacco,2,Percent,1990,2023,-0.175967207508738,0.002207088793376684,-0.33093596515668994
1,All Population,1,Deaths,101,Canada,3,Both,27,Age-standardized,474,Bladder cancer,98,Tobacco,2,Percent,1990,2023,-0.3133179929428053,-0.18119466291229677,-0.4287215930529831
1,All Population,1,Deaths,95,United Kingdom,3,Both,27,Age-standardized,456,Pancreatic cancer,98,Tobacco,2,Percent,1990,2023,-0.36854505120750536,-0.29520419998375536,-0.4336387397572977
1,All Population,1,Deaths,68,Republic of Korea,3,Both,27,Age-standardized,456,Pancreatic cancer,98,Tobacco,2,Percent,1990,2023,-0.39929175780551834,-0.2021516199049325,-0.5632962276247281
1,All Population,1,Deaths,62,Russian Federation,3,Both,27,Age-standardized,432,Cervical cancer,98,Tobacco,2,Percent,1990,2023,1.7055338060643064,3.4944806678388387,0.652784373230377
1,All Population,1,Deaths,62,Russian Federation,3,Both,27,Age-standardized,471,Kidney cancer,98,Tobacco,2,Percent,1990,2023,0.037803823467496334,0.28598600773174726,-0.16206766174339687
1,All Population,1,Deaths,58,Estonia,3,Both,27,Age-standardized,429,Breast cancer,98,Tobacco,2,Percent,1990,2023,-0.3997395657789755,-0.2572503517582527,-0.4972039875594233
1,All Population,1,Deaths,58,Estonia,3,Both,27,Age-standardized,447,Nasopharynx cancer,98,Tobacco,2,Percent,1990,2023,-0.0029180959259990386,0.27827082289493704,-0.19598008656142363
1,All Population,1,Deaths,72,New Zealand,3,Both,27,Age-standardized,444,Lip and oral cavity cancer,98,Tobacco,2,Percent,1990,2023,-0.3988693001789494,-0.3012728182279529,-0.4828619288431185
1,All Population,1,Deaths,62,Russian Federation,3,Both,27,Age-standardized,474,Bladder cancer,98,Tobacco,2,Percent,1990,2023,-0.05954754642882621,0.08191609100932973,-0.18850925911468194
1,All Population,1,Deaths,99,Uruguay,3,Both,27,Age-standardized,423,Larynx cancer,98,Tobacco,2,Percent,1990,2023,-0.06966424127066666,-0.018594140509288818,-0.13104064955386707
1,All Population,1,Deaths,62,Russian Federation,3,Both,27,Age-standardized,456,Pancreatic cancer,98,Tobacco,2,Percent,1990,2023,0.0022951699125374203,0.2535236498904376,-0.1655960073059301
1,All Population,1,Deaths,68,Republic of Korea,3,Both,27,Age-standardized,450,Other pharynx cancer,98,Tobacco,2,Percent,1990,2023,-0.17559645016502332,-0.0384678145579545,-0.30116748517485264
1,All Population,1,Deaths,68,Republic of Korea,3,Both,27,Age-standardized,487,Leukemia,98,Tobacco,2,Percent,1990,2023,0.09650144970190898,0.5531418352193185,-0.25152980571269035
1,All Population,1,Deaths,93,Sweden,3,Both,27,Age-standardized,414,Stomach cancer,98,Tobacco,2,Percent,1990,2023,-0.17450097379313165,0.08091680794555066,-0.35544780066423676
1,All Population,1,Deaths,93,Sweden,3,Both,27,Age-standardized,417,Liver cancer,98,Tobacco,2,Percent,1990,2023,-0.11585769307461923,0.1385047726094382,-0.28757647179209306
1,All Population,1,Deaths,99,Uruguay,3,Both,27,Age-standardized,441,Colon and rectum cancer,98,Tobacco,2,Percent,1990,2023,-0.11339553181825995,0.14966260182357669,-0.33480175446091187
1,All Population,1,Deaths,72,New Zealand,3,Both,27,Age-standardized,487,Leukemia,98,Tobacco,2,Percent,1990,2023,-0.30486182002668333,-0.11765636668005243,-0.45846916617069255
1,All Population,1,Deaths,99,Uruguay,3,Both,27,Age-standardized,447,Nasopharynx cancer,98,Tobacco,2,Percent,1990,2023,-0.19992052218748624,-0.03989962873436742,-0.34785654814545636
1,All Population,1,Deaths,93,Sweden,3,Both,27,Age-standardized,411,Esophageal cancer,98,Tobacco,2,Percent,1990,2023,-0.07653194528755827,0.11265099524173264,-0.22085318674895832
1,All Population,1,Deaths,60,Lithuania,3,Both,27,Age-standardized,429,Breast cancer,98,Tobacco,2,Percent,1990,2023,-0.2087719965055677,-0.0693963361225463,-0.31825355463492516
1,All Population,1,Deaths,93,Sweden,3,Both,27,Age-standardized,429,Breast cancer,98,Tobacco,2,Percent,1990,2023,-0.29526366080544336,-0.06965413897337892,-0.4624415207818615
1,All Population,1,Deaths,93,Sweden,3,Both,27,Age-standardized,432,Cervical cancer,98,Tobacco,2,Percent,1990,2023,-0.13020475458978348,0.18109840152827378,-0.39229755653225895
1,All Population,1,Deaths,99,Uruguay,3,Both,27,Age-standardized,450,Other pharynx cancer,98,Tobacco,2,Percent,1990,2023,-0.15821040018363502,-0.048991496086893155,-0.25325446276526087
1,All Population,1,Deaths,30,Vanuatu,3,Both,27,Age-standardized,414,Stomach cancer,98,Tobacco,2,Percent,1990,2023,-0.39311158135244595,0.02968245795614808,-0.6411147820597339
1,All Population,1,Deaths,30,Vanuatu,3,Both,27,Age-standardized,417,Liver cancer,98,Tobacco,2,Percent,1990,2023,-0.3112173255275927,0.07594261786863835,-0.5708088967872289
1,All Population,1,Deaths,58,Estonia,3,Both,27,Age-standardized,487,Leukemia,98,Tobacco,2,Percent,1990,2023,0.44102807492106255,0.8629913802183006,0.12071163296516951
1,All Population,1,Deaths,101,Canada,3,Both,27,Age-standardized,471,Kidney cancer,98,Tobacco,2,Percent,1990,2023,-0.27480273121038035,-0.10528649353139181,-0.42827580297743806
1,All Population,1,Deaths,97,Argentina,3,Both,27,Age-standardized,444,Lip and oral cavity cancer,98,Tobacco,2,Percent,1990,2023,-0.2467210293560701,0.022836202059459642,-0.48900837232016625
1,All Population,1,Deaths,97,Argentina,3,Both,27,Age-standardized,447,Nasopharynx cancer,98,Tobacco,2,Percent,1990,2023,-0.2447630020269179,0.05920667174944024,-0.4902456197176875
1,All Population,1,Deaths,89,Netherlands,3,Both,27,Age-standardized,438,Prostate cancer,98,Tobacco,2,Percent,1990,2023,-0.36553292095599754,-0.18102774540408698,-0.5579092351608033
1,All Population,1,Deaths,50,Montenegro,3,Both,27,Age-standardized,411,Esophageal cancer,98,Tobacco,2,Percent,1990,2023,-0.08001070920940544,0.1448582513601556,-0.2443912751456304
1,All Population,1,Deaths,50,Montenegro,3,Both,27,Age-standardized,414,Stomach cancer,98,Tobacco,2,Percent,1990,2023,-0.10478166753783646,0.34898172929568416,-0.407274386898982
1,All Population,1,Deaths,58,Estonia,3,Both,27,Age-standardized,432,Cervical cancer,98,Tobacco,2,Percent,1990,2023,0.11110265791189598,0.6046584902444934,-0.18701751839269096
1,All Population,1,Deaths,89,Netherlands,3,Both,27,Age-standardized,441,Colon and rectum cancer,98,Tobacco,2,Percent,1990,2023,-0.29756947798768674,-0.13333781035524644,-0.4181748529975602
1,All Population,1,Deaths,89,Netherlands,3,Both,27,Age-standardized,444,Lip and oral cavity cancer,98,Tobacco,2,Percent,1990,2023,-0.34488532686373025,-0.24132367929539494,-0.43799139131575615
1,All Population,1,Deaths,50,Montenegro,3,Both,27,Age-standardized,417,Liver cancer,98,Tobacco,2,Percent,1990,2023,0.006063040497050846,0.40195247915433474,-0.31125752256402195
1,All Population,1,Deaths,50,Montenegro,3,Both,27,Age-standardized,429,Breast cancer,98,Tobacco,2,Percent,1990,2023,-0.015124745079934459,0.23271855275756298,-0.23998456190830775
1,All Population,1,Deaths,95,United Kingdom,3,Both,27,Age-standardized,438,Prostate cancer,98,Tobacco,2,Percent,1990,2023,-0.4851999812907327,-0.35855186115202153,-0.5926267384491664
1,All Population,1,Deaths,95,United Kingdom,3,Both,27,Age-standardized,441,Colon and rectum cancer,98,Tobacco,2,Percent,1990,2023,-0.37642690332147827,-0.2929909790032991,-0.44441017318482157
1,All Population,1,Deaths,93,Sweden,3,Both,27,Age-standardized,426,"Tracheal, bronchus, and lung cancer",98,Tobacco,2,Percent,1990,2023,-0.17761505785574422,-0.09426128217122332,-0.24903113881267108
1,All Population,1,Deaths,97,Argentina,3,Both,27,Age-standardized,487,Leukemia,98,Tobacco,2,Percent,1990,2023,-0.07382401526282084,0.317679625572868,-0.39934869288185104
1,All Population,1,Deaths,34,Azerbaijan,3,Both,27,Age-standardized,432,Cervical cancer,98,Tobacco,2,Percent,1990,2023,0.06491772790481702,2.5082347569508174,-0.7219831804692368
1,All Population,1,Deaths,34,Azerbaijan,3,Both,27,Age-standardized,438,Prostate cancer,98,Tobacco,2,Percent,1990,2023,-0.07151113827954034,0.3812954348239622,-0.3869886597311805
1,All Population,1,Deaths,60,Lithuania,3,Both,27,Age-standardized,471,Kidney cancer,98,Tobacco,2,Percent,1990,2023,0.012107185656429266,0.2993282444688803,-0.21964977129988128
1,All Population,1,Deaths,50,Montenegro,3,Both,27,Age-standardized,471,Kidney cancer,98,Tobacco,2,Percent,1990,2023,-0.06779135458185304,0.30187821522523856,-0.3522805307212852
1,All Population,1,Deaths,87,Luxembourg,3,Both,27,Age-standardized,414,Stomach cancer,98,Tobacco,2,Percent,1990,2023,-0.18529392326574542,0.17297231694578658,-0.45208116522920583
1,All Population,1,Deaths,93,Sweden,3,Both,27,Age-standardized,471,Kidney cancer,98,Tobacco,2,Percent,1990,2023,-0.1952508015746494,0.04876930764764005,-0.36558886723591594
1,All Population,1,Deaths,93,Sweden,3,Both,27,Age-standardized,474,Bladder cancer,98,Tobacco,2,Percent,1990,2023,-0.29972835911397344,-0.15642023234283955,-0.4265568300978329
1,All Population,1,Deaths,97,Argentina,3,Both,27,Age-standardized,426,"Tracheal, bronchus, and lung cancer",98,Tobacco,2,Percent,1990,2023,-0.16243509586263008,-0.019442301857210763,-0.29299413698269294
1,All Population,1,Deaths,97,Argentina,3,Both,27,Age-standardized,450,Other pharynx cancer,98,Tobacco,2,Percent,1990,2023,-0.18176277718047779,0.04463688013701461,-0.38059413298161693
1,All Population,1,Deaths,97,Argentina,3,Both,27,Age-standardized,411,Esophageal cancer,98,Tobacco,2,Percent,1990,2023,-0.16313409277654184,0.16383376504247812,-0.4125739045160758
1,All Population,1,Deaths,97,Argentina,3,Both,27,Age-standardized,414,Stomach cancer,98,Tobacco,2,Percent,1990,2023,-0.17469532280237668,0.23872089583190573,-0.4488994867652596
1,All Population,1,Deaths,93,Sweden,3,Both,27,Age-standardized,438,Prostate cancer,98,Tobacco,2,Percent,1990,2023,-0.20853329952346422,0.06619223817030848,-0.45523023130869034
1,All Population,1,Deaths,93,Sweden,3,Both,27,Age-standardized,441,Colon and rectum cancer,98,Tobacco,2,Percent,1990,2023,-0.19992868294181884,0.06650697363397279,-0.37980783418423164
1,All Population,1,Deaths,87,Luxembourg,3,Both,27,Age-standardized,441,Colon and rectum cancer,98,Tobacco,2,Percent,1990,2023,-0.20511151674875766,0.03603367778286929,-0.4138562376986554
1,All Population,1,Deaths,40,Turkmenistan,3,Both,27,Age-standardized,474,Bladder cancer,98,Tobacco,2,Percent,1990,2023,-0.1687218358743518,0.19522542579662341,-0.44102570663336055
1,All Population,1,Deaths,87,Luxembourg,3,Both,27,Age-standardized,417,Liver cancer,98,Tobacco,2,Percent,1990,2023,-0.14184178655018678,0.07781306157408636,-0.3543229474604021
1,All Population,1,Deaths,38,Mongolia,3,Both,27,Age-standardized,426,"Tracheal, bronchus, and lung cancer",98,Tobacco,2,Percent,1990,2023,0.047294037948189746,0.23415557924000982,-0.07179324016941302
1,All Population,1,Deaths,38,Mongolia,3,Both,27,Age-standardized,450,Other pharynx cancer,98,Tobacco,2,Percent,1990,2023,0.10749929398858188,0.4356566644439347,-0.12718709797891756
1,All Population,1,Deaths,99,Uruguay,3,Both,27,Age-standardized,444,Lip and oral cavity cancer,98,Tobacco,2,Percent,1990,2023,-0.2125332439358253,-0.06724086959017384,-0.3404424906712522
1,All Population,1,Deaths,30,Vanuatu,3,Both,27,Age-standardized,429,Breast cancer,98,Tobacco,2,Percent,1990,2023,-0.21424940145238464,-0.05299671302876373,-0.35356194489398707
1,All Population,1,Deaths,87,Luxembourg,3,Both,27,Age-standardized,444,Lip and oral cavity cancer,98,Tobacco,2,Percent,1990,2023,-0.2522444469694522,-0.08661896609608412,-0.38992613437177837
1,All Population,1,Deaths,97,Argentina,3,Both,27,Age-standardized,429,Breast cancer,98,Tobacco,2,Percent,1990,2023,-0.2278952286326794,-0.03785899120852191,-0.39763051932274585
1,All Population,1,Deaths,50,Montenegro,3,Both,27,Age-standardized,474,Bladder cancer,98,Tobacco,2,Percent,1990,2023,-0.07892776708869037,0.2185149687806383,-0.3319061541344728
1,All Population,1,Deaths,34,Azerbaijan,3,Both,27,Age-standardized,441,Colon and rectum cancer,98,Tobacco,2,Percent,1990,2023,0.06187211053905473,0.5421973802789105,-0.32494602312422877
1,All Population,1,Deaths,58,Estonia,3,Both,27,Age-standardized,438,Prostate cancer,98,Tobacco,2,Percent,1990,2023,-0.14780140227445923,0.14534075528842305,-0.3604491769804581
1,All Population,1,Deaths,58,Estonia,3,Both,27,Age-standardized,441,Colon and rectum cancer,98,Tobacco,2,Percent,1990,2023,-0.09288105860847311,0.21405599841940584,-0.30987011675820925
1,All Population,1,Deaths,58,Estonia,3,Both,27,Age-standardized,474,Bladder cancer,98,Tobacco,2,Percent,1990,2023,-0.10786154386066255,0.1228402471551199,-0.2760791866991269
1,All Population,1,Deaths,38,Mongolia,3,Both,27,Age-standardized,456,Pancreatic cancer,98,Tobacco,2,Percent,1990,2023,0.17456001416493191,0.6237307550968336,-0.1803216783673686
1,All Population,1,Deaths,58,Estonia,3,Both,27,Age-standardized,471,Kidney cancer,98,Tobacco,2,Percent,1990,2023,-0.0382330665900832,0.25847459239720855,-0.23727242725505415
1,All Population,1,Deaths,89,Netherlands,3,Both,27,Age-standardized,411,Esophageal cancer,98,Tobacco,2,Percent,1990,2023,-0.29055186981302783,-0.18129479131877024,-0.3956091383551713
1,All Population,1,Deaths,87,Luxembourg,3,Both,27,Age-standardized,487,Leukemia,98,Tobacco,2,Percent,1990,2023,-0.06259320857767889,0.3531089960853906,-0.35244002491671145
1,All Population,1,Deaths,89,Netherlands,3,Both,27,Age-standardized,487,Leukemia,98,Tobacco,2,Percent,1990,2023,-0.27932707662364914,-0.10800597796229516,-0.4396630439962772
1,All Population,1,Deaths,99,Uruguay,3,Both,27,Age-standardized,487,Leukemia,98,Tobacco,2,Percent,1990,2023,-0.028229768549612556,0.23891129001359313,-0.27005012581307114
1,All Population,1,Deaths,89,Netherlands,3,Both,27,Age-standardized,426,"Tracheal, bronchus, and lung cancer",98,Tobacco,2,Percent,1990,2023,-0.2043213769364391,-0.1592861707375917,-0.24669938628338905
1,All Population,1,Deaths,93,Sweden,3,Both,27,Age-standardized,444,Lip and oral cavity cancer,98,Tobacco,2,Percent,1990,2023,-0.19764380610346183,-0.015291308797867274,-0.33908491361513016
1,All Population,1,Deaths,87,Luxembourg,3,Both,27,Age-standardized,411,Esophageal cancer,98,Tobacco,2,Percent,1990,2023,-0.1448418739667961,0.08063746824090129,-0.3371809802095812
1,All Population,1,Deaths,95,United Kingdom,3,Both,27,Age-standardized,423,Larynx cancer,98,Tobacco,2,Percent,1990,2023,-0.1560681152650071,-0.10377264465705167,-0.20600825446554422
1,All Population,1,Deaths,95,United Kingdom,3,Both,27,Age-standardized,444,Lip and oral cavity cancer,98,Tobacco,2,Percent,1990,2023,-0.3570630962484836,-0.2942417486776357,-0.4281348888024816
1,All Population,1,Deaths,95,United Kingdom,3,Both,27,Age-standardized,447,Nasopharynx cancer,98,Tobacco,2,Percent,1990,2023,-0.37467141502937545,-0.2904753580917223,-0.4517652831760489
1,All Population,1,Deaths,93,Sweden,3,Both,27,Age-standardized,487,Leukemia,98,Tobacco,2,Percent,1990,2023,-0.008023549435314836,0.2932906988540959,-0.23947471302518494
1,All Population,1,Deaths,66,Brunei Darussalam,3,Both,27,Age-standardized,441,Colon and rectum cancer,98,Tobacco,2,Percent,1990,2023,-0.33553344772379257,0.0555873007633243,-0.6194801033681941
1,All Population,1,Deaths,66,Brunei Darussalam,3,Both,27,Age-standardized,444,Lip and oral cavity cancer,98,Tobacco,2,Percent,1990,2023,-0.3273047601261836,-0.03670284326155658,-0.5694326971192452
1,All Population,1,Deaths,89,Netherlands,3,Both,27,Age-standardized,456,Pancreatic cancer,98,Tobacco,2,Percent,1990,2023,-0.3121136518657478,-0.17479839173565825,-0.4094808445489067
1,All Population,1,Deaths,34,Azerbaijan,3,Both,27,Age-standardized,444,Lip and oral cavity cancer,98,Tobacco,2,Percent,1990,2023,0.06382725858046703,0.5970524006724007,-0.3176904625865469
1,All Population,1,Deaths,54,Slovakia,3,Both,27,Age-standardized,411,Esophageal cancer,98,Tobacco,2,Percent,1990,2023,-0.014960819939930236,0.22023906048651806,-0.20714113612241483
1,All Population,1,Deaths,54,Slovakia,3,Both,27,Age-standardized,414,Stomach cancer,98,Tobacco,2,Percent,1990,2023,-0.05724990905507061,0.27065569852295956,-0.3276123772784345
1,All Population,1,Deaths,97,Argentina,3,Both,27,Age-standardized,456,Pancreatic cancer,98,Tobacco,2,Percent,1990,2023,-0.17552607811413012,0.23838705763058785,-0.46299517188150247
1,All Population,1,Deaths,99,Uruguay,3,Both,27,Age-standardized,414,Stomach cancer,98,Tobacco,2,Percent,1990,2023,-0.13010550652668146,0.10540102970105983,-0.3284639728124535
1,All Population,1,Deaths,99,Uruguay,3,Both,27,Age-standardized,426,"Tracheal, bronchus, and lung cancer",98,Tobacco,2,Percent,1990,2023,-0.12378724979002796,-0.04594256554722509,-0.2075758448249225
1,All Population,1,Deaths,97,Argentina,3,Both,27,Age-standardized,471,Kidney cancer,98,Tobacco,2,Percent,1990,2023,-0.10829044295590722,0.2788440348780158,-0.40522608528425486
1,All Population,1,Deaths,75,Austria,3,Both,27,Age-standardized,411,Esophageal cancer,98,Tobacco,2,Percent,1990,2023,-0.018977268685724604,0.15860116016119175,-0.18329855929651498
1,All Population,1,Deaths,75,Austria,3,Both,27,Age-standardized,426,"Tracheal, bronchus, and lung cancer",98,Tobacco,2,Percent,1990,2023,-0.08045501340845204,-0.005605785740612029,-0.15722876980479486
1,All Population,1,Deaths,95,United Kingdom,3,Both,27,Age-standardized,450,Other pharynx cancer,98,Tobacco,2,Percent,1990,2023,-0.25955159606186445,-0.1958314963421483,-0.32351285172448574
1,All Population,1,Deaths,95,United Kingdom,3,Both,27,Age-standardized,487,Leukemia,98,Tobacco,2,Percent,1990,2023,-0.2607476265263287,-0.14245172138745338,-0.39930317735377957
1,All Population,1,Deaths,83,Iceland,3,Both,27,Age-standardized,438,Prostate cancer,98,Tobacco,2,Percent,1990,2023,-0.3556324170384225,-0.07404710292271457,-0.5751746592073845
1,All Population,1,Deaths,83,Iceland,3,Both,27,Age-standardized,441,Colon and rectum cancer,98,Tobacco,2,Percent,1990,2023,-0.3346465873235172,-0.04775647278229645,-0.540181961234433
1,All Population,1,Deaths,34,Azerbaijan,3,Both,27,Age-standardized,447,Nasopharynx cancer,98,Tobacco,2,Percent,1990,2023,0.01974343553920299,0.5445473950874745,-0.3217429923493913
1,All Population,1,Deaths,34,Azerbaijan,3,Both,27,Age-standardized,487,Leukemia,98,Tobacco,2,Percent,1990,2023,0.035544684892676634,0.570184798966417,-0.3239281301619287
1,All Population,1,Deaths,75,Austria,3,Both,27,Age-standardized,456,Pancreatic cancer,98,Tobacco,2,Percent,1990,2023,-0.024123561574384056,0.24128871306610383,-0.24552630529348277
1,All Population,1,Deaths,30,Vanuatu,3,Both,27,Age-standardized,471,Kidney cancer,98,Tobacco,2,Percent,1990,2023,-0.36808682254137165,-0.06233961487900968,-0.5889785728224204
1,All Population,1,Deaths,89,Netherlands,3,Both,27,Age-standardized,414,Stomach cancer,98,Tobacco,2,Percent,1990,2023,-0.43002226834487023,-0.2857843407797086,-0.5399365709778302
1,All Population,1,Deaths,52,Romania,3,Both,27,Age-standardized,414,Stomach cancer,98,Tobacco,2,Percent,1990,2023,-0.0832937559011953,0.17778973927063868,-0.33857876892201333
1,All Population,1,Deaths,52,Romania,3,Both,27,Age-standardized,417,Liver cancer,98,Tobacco,2,Percent,1990,2023,0.010370045404257636,0.31615175911675697,-0.28034985536856166
1,All Population,1,Deaths,99,Uruguay,3,Both,27,Age-standardized,456,Pancreatic cancer,98,Tobacco,2,Percent,1990,2023,-0.13072833273656134,0.1146834732638279,-0.33389759032509186
1,All Population,1,Deaths,11,Indonesia,3,Both,27,Age-standardized,411,Esophageal cancer,98,Tobacco,2,Percent,1990,2023,0.10453313116574806,0.37700664922855154,-0.10219292755055163
1,All Population,1,Deaths,30,Vanuatu,3,Both,27,Age-standardized,474,Bladder cancer,98,Tobacco,2,Percent,1990,2023,-0.36990909700034486,-0.025461594563240313,-0.5916318152523965
1,All Population,1,Deaths,54,Slovakia,3,Both,27,Age-standardized,429,Breast cancer,98,Tobacco,2,Percent,1990,2023,-0.1948373144880537,-0.02562848001680449,-0.3442773540766409
1,All Population,1,Deaths,71,Australia,3,Both,27,Age-standardized,444,Lip and oral cavity cancer,98,Tobacco,2,Percent,1990,2023,-0.3811308335841285,-0.276115555484741,-0.46710427252327924
1,All Population,1,Deaths,71,Australia,3,Both,27,Age-standardized,447,Nasopharynx cancer,98,Tobacco,2,Percent,1990,2023,-0.3555049070498347,-0.2305911537884777,-0.4752782495382954
1,All Population,1,Deaths,11,Indonesia,3,Both,27,Age-standardized,426,"Tracheal, bronchus, and lung cancer",98,Tobacco,2,Percent,1990,2023,-0.022150765840647162,0.153350323094186,-0.13549018389291875
1,All Population,1,Deaths,52,Romania,3,Both,27,Age-standardized,429,Breast cancer,98,Tobacco,2,Percent,1990,2023,-0.21545903540797534,-0.07524523515281148,-0.36009178479737636
1,All Population,1,Deaths,52,Romania,3,Both,27,Age-standardized,432,Cervical cancer,98,Tobacco,2,Percent,1990,2023,0.04808256332238556,0.6517835467260252,-0.36012267153037436
1,All Population,1,Deaths,54,Slovakia,3,Both,27,Age-standardized,471,Kidney cancer,98,Tobacco,2,Percent,1990,2023,-0.07755342668975097,0.21361522828289758,-0.3391952061102349
1,All Population,1,Deaths,99,Uruguay,3,Both,27,Age-standardized,471,Kidney cancer,98,Tobacco,2,Percent,1990,2023,-0.13302566719684736,0.08051259617246566,-0.3122927071328573
1,All Population,1,Deaths,71,Australia,3,Both,27,Age-standardized,487,Leukemia,98,Tobacco,2,Percent,1990,2023,-0.23916362166899513,-0.09967190557607844,-0.3926657078856651
1,All Population,1,Deaths,11,Indonesia,3,Both,27,Age-standardized,456,Pancreatic cancer,98,Tobacco,2,Percent,1990,2023,6.554796770832343e-05,0.35997417703941526,-0.2609867464177901
1,All Population,1,Deaths,81,Germany,3,Both,27,Age-standardized,423,Larynx cancer,98,Tobacco,2,Percent,1990,2023,-0.09189500128548256,-0.04042628556380189,-0.14838806579889982
1,All Population,1,Deaths,91,Portugal,3,Both,27,Age-standardized,432,Cervical cancer,98,Tobacco,2,Percent,1990,2023,0.17249413320873908,0.5982006245472075,-0.10950573925943184
1,All Population,1,Deaths,91,Portugal,3,Both,27,Age-standardized,438,Prostate cancer,98,Tobacco,2,Percent,1990,2023,-0.4430804616833635,-0.2613772984193603,-0.5890295751186118
1,All Population,1,Deaths,91,Portugal,3,Both,27,Age-standardized,441,Colon and rectum cancer,98,Tobacco,2,Percent,1990,2023,-0.08169862781677725,0.12856344723420277,-0.26832327409336415
1,All Population,1,Deaths,81,Germany,3,Both,27,Age-standardized,444,Lip and oral cavity cancer,98,Tobacco,2,Percent,1990,2023,-0.24935856903206113,-0.1271896470905836,-0.3514687815763105
1,All Population,1,Deaths,81,Germany,3,Both,27,Age-standardized,447,Nasopharynx cancer,98,Tobacco,2,Percent,1990,2023,-0.23384917122783236,-0.081928940574004,-0.3498564837668858
1,All Population,1,Deaths,68,Republic of Korea,3,Both,27,Age-standardized,414,Stomach cancer,98,Tobacco,2,Percent,1990,2023,-0.3921756599674424,-0.11986690604577682,-0.5622015384550589
1,All Population,1,Deaths,68,Republic of Korea,3,Both,27,Age-standardized,417,Liver cancer,98,Tobacco,2,Percent,1990,2023,-0.2841849347249033,-0.050202887194545916,-0.4769506015237871
1,All Population,1,Deaths,93,Sweden,3,Both,27,Age-standardized,456,Pancreatic cancer,98,Tobacco,2,Percent,1990,2023,-0.17119972206712228,0.09763526928835382,-0.3336008205353528
1,All Population,1,Deaths,87,Luxembourg,3,Both,27,Age-standardized,429,Breast cancer,98,Tobacco,2,Percent,1990,2023,-0.3881978285960469,-0.25809034639422124,-0.5159530188773211
1,All Population,1,Deaths,87,Luxembourg,3,Both,27,Age-standardized,432,Cervical cancer,98,Tobacco,2,Percent,1990,2023,-0.2288753294572959,0.021036318938913084,-0.45814715486269936
1,All Population,1,Deaths,50,Montenegro,3,Both,27,Age-standardized,444,Lip and oral cavity cancer,98,Tobacco,2,Percent,1990,2023,-0.08037343832575947,0.14013358118588923,-0.2742517021562741
1,All Population,1,Deaths,50,Montenegro,3,Both,27,Age-standardized,447,Nasopharynx cancer,98,Tobacco,2,Percent,1990,2023,-0.09243205228919471,0.18538590701699414,-0.3055626071662938
1,All Population,1,Deaths,75,Austria,3,Both,27,Age-standardized,471,Kidney cancer,98,Tobacco,2,Percent,1990,2023,-0.08779967614854516,0.1657765900138936,-0.29924932216402655
1,All Population,1,Deaths,81,Germany,3,Both,27,Age-standardized,450,Other pharynx cancer,98,Tobacco,2,Percent,1990,2023,-0.18128347105400452,-0.08496334800303611,-0.2732908282960184
1,All Population,1,Deaths,52,Romania,3,Both,27,Age-standardized,471,Kidney cancer,98,Tobacco,2,Percent,1990,2023,0.0035346321013488523,0.32333709629983204,-0.28556473289784307
1,All Population,1,Deaths,68,Republic of Korea,3,Both,27,Age-standardized,429,Breast cancer,98,Tobacco,2,Percent,1990,2023,-0.4039316055540616,-0.2678468594951292,-0.508301257758903
1,All Population,1,Deaths,54,Slovakia,3,Both,27,Age-standardized,444,Lip and oral cavity cancer,98,Tobacco,2,Percent,1990,2023,-0.09775117668353633,0.12404611156545643,-0.2869976395866376
1,All Population,1,Deaths,54,Slovakia,3,Both,27,Age-standardized,447,Nasopharynx cancer,98,Tobacco,2,Percent,1990,2023,-0.06438374081176755,0.22927003686673708,-0.30069711552479805
1,All Population,1,Deaths,66,Brunei Darussalam,3,Both,27,Age-standardized,487,Leukemia,98,Tobacco,2,Percent,1990,2023,-0.3124226683862514,0.08351128931771802,-0.5838066199211314
1,All Population,1,Deaths,85,Israel,3,Both,27,Age-standardized,423,Larynx cancer,98,Tobacco,2,Percent,1990,2023,-0.11481891249635615,-0.03957516640884165,-0.19424174342695022
1,All Population,1,Deaths,52,Romania,3,Both,27,Age-standardized,474,Bladder cancer,98,Tobacco,2,Percent,1990,2023,-0.1355091776071601,0.07275715363874266,-0.32313394084272823
1,All Population,1,Deaths,71,Australia,3,Both,27,Age-standardized,423,Larynx cancer,98,Tobacco,2,Percent,1990,2023,-0.19713908094444682,-0.14066880510045543,-0.26271289110244733
1,All Population,1,Deaths,87,Luxembourg,3,Both,27,Age-standardized,426,"Tracheal, bronchus, and lung cancer",98,Tobacco,2,Percent,1990,2023,-0.1646628727652872,-0.08222795286771589,-0.2550119294727473
1,All Population,1,Deaths,75,Austria,3,Both,27,Age-standardized,441,Colon and rectum cancer,98,Tobacco,2,Percent,1990,2023,-0.02489495353784429,0.26467776666449666,-0.27197465790880443
1,All Population,1,Deaths,68,Republic of Korea,3,Both,27,Age-standardized,432,Cervical cancer,98,Tobacco,2,Percent,1990,2023,-0.30724425150141604,0.5581261378659603,-0.7205890050660403
1,All Population,1,Deaths,68,Republic of Korea,3,Both,27,Age-standardized,471,Kidney cancer,98,Tobacco,2,Percent,1990,2023,-0.30370740624750925,-0.07711990144245576,-0.473669105641391
1,All Population,1,Deaths,71,Australia,3,Both,27,Age-standardized,450,Other pharynx cancer,98,Tobacco,2,Percent,1990,2023,-0.28674777493723747,-0.19449575836203936,-0.3816036954796932
1,All Population,1,Deaths,87,Luxembourg,3,Both,27,Age-standardized,456,Pancreatic cancer,98,Tobacco,2,Percent,1990,2023,-0.21282179964838435,0.013805279882515856,-0.41071024893521657
1,All Population,1,Deaths,71,Australia,3,Both,27,Age-standardized,456,Pancreatic cancer,98,Tobacco,2,Percent,1990,2023,-0.33690553226876035,-0.2139190926084582,-0.4281813366995383
1,All Population,1,Deaths,91,Portugal,3,Both,27,Age-standardized,474,Bladder cancer,98,Tobacco,2,Percent,1990,2023,-0.21693830420121038,-0.06763388135666178,-0.35790706485004453
1,All Population,1,Deaths,89,Netherlands,3,Both,27,Age-standardized,417,Liver cancer,98,Tobacco,2,Percent,1990,2023,-0.21591766044295188,-0.08837093760536915,-0.34333891598267535
1,All Population,1,Deaths,85,Israel,3,Both,27,Age-standardized,426,"Tracheal, bronchus, and lung cancer",98,Tobacco,2,Percent,1990,2023,-0.1703688808098306,-0.07248010017126315,-0.2712571235362525
1,All Population,1,Deaths,89,Netherlands,3,Both,27,Age-standardized,429,Breast cancer,98,Tobacco,2,Percent,1990,2023,-0.4056539612663831,-0.30694799029330755,-0.47450525931712273
1,All Population,1,Deaths,89,Netherlands,3,Both,27,Age-standardized,432,Cervical cancer,98,Tobacco,2,Percent,1990,2023,-0.19802466911366365,-0.040693609616020705,-0.32616305949513724
1,All Population,1,Deaths,85,Israel,3,Both,27,Age-standardized,432,Cervical cancer,98,Tobacco,2,Percent,1990,2023,-0.2279865089247421,0.28818400370777425,-0.5288007812320977
1,All Population,1,Deaths,67,Japan,3,Both,27,Age-standardized,423,Larynx cancer,98,Tobacco,2,Percent,1990,2023,-0.09320383658116821,-0.03707565885778457,-0.1534491654127345
1,All Population,1,Deaths,85,Israel,3,Both,27,Age-standardized,450,Other pharynx cancer,98,Tobacco,2,Percent,1990,2023,-0.1888654837461533,-0.0020950037375158537,-0.3565488811248357
1,All Population,1,Deaths,85,Israel,3,Both,27,Age-standardized,456,Pancreatic cancer,98,Tobacco,2,Percent,1990,2023,-0.2424457716654021,0.04648664752040751,-0.47866912130373673
1,All Population,1,Deaths,54,Slovakia,3,Both,27,Age-standardized,487,Leukemia,98,Tobacco,2,Percent,1990,2023,0.0449329470664025,0.4214819099733726,-0.3096691102610155
1,All Population,1,Deaths,67,Japan,3,Both,27,Age-standardized,447,Nasopharynx cancer,98,Tobacco,2,Percent,1990,2023,-0.23927743182644567,-0.1075720990353006,-0.347833129341201
1,All Population,1,Deaths,85,Israel,3,Both,27,Age-standardized,444,Lip and oral cavity cancer,98,Tobacco,2,Percent,1990,2023,-0.2832306524406582,-0.06889654228317169,-0.4556609712051935
1,All Population,1,Deaths,85,Israel,3,Both,27,Age-standardized,447,Nasopharynx cancer,98,Tobacco,2,Percent,1990,2023,-0.2548832334452646,-0.03125444998493848,-0.4276486864783093
1,All Population,1,Deaths,52,Romania,3,Both,27,Age-standardized,438,Prostate cancer,98,Tobacco,2,Percent,1990,2023,-0.2611327920464384,0.048862815999244004,-0.4458692093727265
1,All Population,1,Deaths,52,Romania,3,Both,27,Age-standardized,441,Colon and rectum cancer,98,Tobacco,2,Percent,1990,2023,-0.07571671432919422,0.26214568918919495,-0.34976062304398287
1,All Population,1,Deaths,83,Iceland,3,Both,27,Age-standardized,411,Esophageal cancer,98,Tobacco,2,Percent,1990,2023,-0.21903875423092417,-0.04092081140738486,-0.3556483879340667
1,All Population,1,Deaths,91,Portugal,3,Both,27,Age-standardized,444,Lip and oral cavity cancer,98,Tobacco,2,Percent,1990,2023,-0.16700920763010074,-0.07017993939056695,-0.2763728294893978
1,All Population,1,Deaths,91,Portugal,3,Both,27,Age-standardized,447,Nasopharynx cancer,98,Tobacco,2,Percent,1990,2023,-0.17027948960346892,-0.008297100618065305,-0.29688643281744354
1,All Population,1,Deaths,67,Japan,3,Both,27,Age-standardized,450,Other pharynx cancer,98,Tobacco,2,Percent,1990,2023,-0.2197397376278625,-0.1279655765254724,-0.3067716292730475
1,All Population,1,Deaths,77,Cyprus,3,Both,27,Age-standardized,414,Stomach cancer,98,Tobacco,2,Percent,1990,2023,-0.2633611350618125,0.09445403354963695,-0.545998646957356
1,All Population,1,Deaths,77,Cyprus,3,Both,27,Age-standardized,417,Liver cancer,98,Tobacco,2,Percent,1990,2023,-0.14716864172422622,0.20383829893799646,-0.41420701929224574
1,All Population,1,Deaths,75,Austria,3,Both,27,Age-standardized,444,Lip and oral cavity cancer,98,Tobacco,2,Percent,1990,2023,-0.1387487080769784,-0.003048057558377967,-0.281646458546692
1,All Population,1,Deaths,91,Portugal,3,Both,27,Age-standardized,487,Leukemia,98,Tobacco,2,Percent,1990,2023,-0.1189870176567164,0.12411334466001171,-0.33032045626412976
1,All Population,1,Deaths,71,Australia,3,Both,27,Age-standardized,411,Esophageal cancer,98,Tobacco,2,Percent,1990,2023,-0.2983150623764507,-0.1903270636579807,-0.38974699155935505
1,All Population,1,Deaths,67,Japan,3,Both,27,Age-standardized,417,Liver cancer,98,Tobacco,2,Percent,1990,2023,-0.42783414776065165,-0.31252186503977186,-0.5610628975014236
1,All Population,1,Deaths,55,Slovenia,3,Both,27,Age-standardized,417,Liver cancer,98,Tobacco,2,Percent,1990,2023,0.087515450951724,0.46502139287810484,-0.2204147324407311
1,All Population,1,Deaths,81,Germany,3,Both,27,Age-standardized,414,Stomach cancer,98,Tobacco,2,Percent,1990,2023,-0.2357966261522925,-0.035764350313355675,-0.3826728232426009
1,All Population,1,Deaths,77,Cyprus,3,Both,27,Age-standardized,429,Breast cancer,98,Tobacco,2,Percent,1990,2023,-0.29744439289916524,-0.08633466235368308,-0.4718135777185181
1,All Population,1,Deaths,68,Republic of Korea,3,Both,27,Age-standardized,474,Bladder cancer,98,Tobacco,2,Percent,1990,2023,-0.40394355603708704,-0.2210198331750414,-0.5416057973386024
1,All Population,1,Deaths,50,Montenegro,3,Both,27,Age-standardized,487,Leukemia,98,Tobacco,2,Percent,1990,2023,-0.01939262769562856,0.4385965048102136,-0.3100976852218973
1,All Population,1,Deaths,77,Cyprus,3,Both,27,Age-standardized,432,Cervical cancer,98,Tobacco,2,Percent,1990,2023,-0.32038668410664023,0.19886060154706897,-0.6440195911508655
1,All Population,1,Deaths,77,Cyprus,3,Both,27,Age-standardized,438,Prostate cancer,98,Tobacco,2,Percent,1990,2023,-0.4109400616593555,-0.19140130607155303,-0.577975250957997
1,All Population,1,Deaths,30,Vanuatu,3,Both,27,Age-standardized,444,Lip and oral cavity cancer,98,Tobacco,2,Percent,1990,2023,-0.29285647243625235,0.09808177314202526,-0.5466028024589067
1,All Population,1,Deaths,30,Vanuatu,3,Both,27,Age-standardized,447,Nasopharynx cancer,98,Tobacco,2,Percent,1990,2023,-0.3131865728932359,0.012168810093379032,-0.5373625469091085
1,All Population,1,Deaths,77,Cyprus,3,Both,27,Age-standardized,474,Bladder cancer,98,Tobacco,2,Percent,1990,2023,-0.23276677771605592,0.027870495744387998,-0.45957578155194145
1,All Population,1,Deaths,106,Bahamas,3,Both,27,Age-standardized,411,Esophageal cancer,98,Tobacco,2,Percent,1990,2023,0.01324779511580243,0.6621086894392036,-0.41402456150505995
1,All Population,1,Deaths,55,Slovenia,3,Both,27,Age-standardized,432,Cervical cancer,98,Tobacco,2,Percent,1990,2023,0.0653584996401492,0.7255338396067157,-0.39333358503368776
1,All Population,1,Deaths,55,Slovenia,3,Both,27,Age-standardized,438,Prostate cancer,98,Tobacco,2,Percent,1990,2023,-0.10324985599102854,0.2687948021104051,-0.3520056172096681
1,All Population,1,Deaths,55,Slovenia,3,Both,27,Age-standardized,441,Colon and rectum cancer,98,Tobacco,2,Percent,1990,2023,-0.01600691628804059,0.40146328120122227,-0.3373209057487453
1,All Population,1,Deaths,99,Uruguay,3,Both,27,Age-standardized,417,Liver cancer,98,Tobacco,2,Percent,1990,2023,-0.15696277340032472,0.05550876111638641,-0.3347725607566213
1,All Population,1,Deaths,83,Iceland,3,Both,27,Age-standardized,426,"Tracheal, bronchus, and lung cancer",98,Tobacco,2,Percent,1990,2023,-0.21679132272932733,-0.08472992504187646,-0.330285387554823
1,All Population,1,Deaths,62,Russian Federation,3,Both,27,Age-standardized,438,Prostate cancer,98,Tobacco,2,Percent,1990,2023,0.004830580476240779,0.2710793919128581,-0.20820160807895133
1,All Population,1,Deaths,62,Russian Federation,3,Both,27,Age-standardized,441,Colon and rectum cancer,98,Tobacco,2,Percent,1990,2023,0.10094440328793007,0.41980120919651626,-0.14653614422797284
1,All Population,1,Deaths,55,Slovenia,3,Both,27,Age-standardized,474,Bladder cancer,98,Tobacco,2,Percent,1990,2023,-0.11445650645812933,0.14094421200336377,-0.33208158093776413
1,All Population,1,Deaths,71,Australia,3,Both,27,Age-standardized,414,Stomach cancer,98,Tobacco,2,Percent,1990,2023,-0.3818245463325641,-0.25992543474210666,-0.4799176263985741
1,All Population,1,Deaths,71,Australia,3,Both,27,Age-standardized,426,"Tracheal, bronchus, and lung cancer",98,Tobacco,2,Percent,1990,2023,-0.25629976895887546,-0.2050195264678471,-0.30432408472495476
1,All Population,1,Deaths,75,Austria,3,Both,27,Age-standardized,487,Leukemia,98,Tobacco,2,Percent,1990,2023,0.07728509157486493,0.4090761884028925,-0.19422263679405133
1,All Population,1,Deaths,87,Luxembourg,3,Both,27,Age-standardized,438,Prostate cancer,98,Tobacco,2,Percent,1990,2023,-0.24287955516197868,0.12088370218328359,-0.5128551738490352
1,All Population,1,Deaths,87,Luxembourg,3,Both,27,Age-standardized,471,Kidney cancer,98,Tobacco,2,Percent,1990,2023,-0.16483619954363438,0.12628519093946033,-0.3679524542644991
1,All Population,1,Deaths,87,Luxembourg,3,Both,27,Age-standardized,474,Bladder cancer,98,Tobacco,2,Percent,1990,2023,-0.2707652546682272,-0.08146623783094083,-0.4414632102607269
1,All Population,1,Deaths,112,Grenada,3,Both,27,Age-standardized,411,Esophageal cancer,98,Tobacco,2,Percent,1990,2023,-0.06753754298947538,0.3871262668349813,-0.41557626889244703
1,All Population,1,Deaths,112,Grenada,3,Both,27,Age-standardized,414,Stomach cancer,98,Tobacco,2,Percent,1990,2023,-0.11133956912789879,0.502338647482543,-0.4759039069563878
1,All Population,1,Deaths,83,Iceland,3,Both,27,Age-standardized,456,Pancreatic cancer,98,Tobacco,2,Percent,1990,2023,-0.3280634162078713,-0.07699732612168855,-0.5101452785303893
1,All Population,1,Deaths,81,Germany,3,Both,27,Age-standardized,417,Liver cancer,98,Tobacco,2,Percent,1990,2023,-0.10149764602587488,0.1019900459516201,-0.24451989474213903
1,All Population,1,Deaths,17,Sri Lanka,3,Both,27,Age-standardized,444,Lip and oral cavity cancer,98,Tobacco,2,Percent,1990,2023,-0.17567618495238965,0.13542792433166903,-0.4450475315796458
1,All Population,1,Deaths,17,Sri Lanka,3,Both,27,Age-standardized,447,Nasopharynx cancer,98,Tobacco,2,Percent,1990,2023,-0.15497508645398958,0.35256135715237213,-0.47231053815328294
1,All Population,1,Deaths,89,Netherlands,3,Both,27,Age-standardized,471,Kidney cancer,98,Tobacco,2,Percent,1990,2023,-0.3529768106929779,-0.21565885328649595,-0.47844591294839467
1,All Population,1,Deaths,89,Netherlands,3,Both,27,Age-standardized,474,Bladder cancer,98,Tobacco,2,Percent,1990,2023,-0.36629584931633075,-0.24853359597032093,-0.4584376082530364
1,All Population,1,Deaths,99,Uruguay,3,Both,27,Age-standardized,429,Breast cancer,98,Tobacco,2,Percent,1990,2023,-0.25121815299868044,-0.09108866486465689,-0.38577841549266373
1,All Population,1,Deaths,79,Finland,3,Both,27,Age-standardized,438,Prostate cancer,98,Tobacco,2,Percent,1990,2023,-0.2220849870549965,0.006299177423814504,-0.4063706579682288
1,All Population,1,Deaths,79,Finland,3,Both,27,Age-standardized,441,Colon and rectum cancer,98,Tobacco,2,Percent,1990,2023,-0.16201450471611933,0.07509627222008505,-0.3514074905232101
1,All Population,1,Deaths,95,United Kingdom,3,Both,27,Age-standardized,414,Stomach cancer,98,Tobacco,2,Percent,1990,2023,-0.40196735896134295,-0.31958643499347444,-0.47151072203774014
1,All Population,1,Deaths,95,United Kingdom,3,Both,27,Age-standardized,417,Liver cancer,98,Tobacco,2,Percent,1990,2023,-0.3066651369851397,-0.23277020212854715,-0.3883454360085159
1,All Population,1,Deaths,79,Finland,3,Both,27,Age-standardized,423,Larynx cancer,98,Tobacco,2,Percent,1990,2023,-0.13864423974705908,-0.0645141674180834,-0.2126239444090457
1,All Population,1,Deaths,79,Finland,3,Both,27,Age-standardized,444,Lip and oral cavity cancer,98,Tobacco,2,Percent,1990,2023,-0.22499023159952583,-0.06530341633591949,-0.36396230250360057
1,All Population,1,Deaths,75,Austria,3,Both,27,Age-standardized,414,Stomach cancer,98,Tobacco,2,Percent,1990,2023,-0.06020415223506392,0.23173903958815764,-0.3089204975117892
1,All Population,1,Deaths,75,Austria,3,Both,27,Age-standardized,417,Liver cancer,98,Tobacco,2,Percent,1990,2023,-0.07557265840181163,0.14831115480308676,-0.27964302452633716
1,All Population,1,Deaths,85,Israel,3,Both,27,Age-standardized,411,Esophageal cancer,98,Tobacco,2,Percent,1990,2023,-0.2132171471996573,-0.04027053090464426,-0.3855249023384052
1,All Population,1,Deaths,81,Germany,3,Both,27,Age-standardized,429,Breast cancer,98,Tobacco,2,Percent,1990,2023,-0.2864039827307775,-0.1431654995489577,-0.40535651854724236
1,All Population,1,Deaths,81,Germany,3,Both,27,Age-standardized,432,Cervical cancer,98,Tobacco,2,Percent,1990,2023,0.028656683932385962,0.2913607500681532,-0.18061807719291134
1,All Population,1,Deaths,52,Romania,3,Both,27,Age-standardized,487,Leukemia,98,Tobacco,2,Percent,1990,2023,0.19680118719540185,0.5082125622677796,-0.1134352362184419
1,All Population,1,Deaths,61,Republic of Moldova,3,Both,27,Age-standardized,414,Stomach cancer,98,Tobacco,2,Percent,1990,2023,0.19271322620346668,0.6323057607508875,-0.12547815536837115
1,All Population,1,Deaths,79,Finland,3,Both,27,Age-standardized,447,Nasopharynx cancer,98,Tobacco,2,Percent,1990,2023,-0.2296795830212494,-0.02597829271152983,-0.40645305399450826
1,All Population,1,Deaths,79,Finland,3,Both,27,Age-standardized,450,Other pharynx cancer,98,Tobacco,2,Percent,1990,2023,-0.18500543540773373,-0.06602688672216483,-0.2836633618288953
1,All Population,1,Deaths,85,Israel,3,Both,27,Age-standardized,414,Stomach cancer,98,Tobacco,2,Percent,1990,2023,-0.2907167625946452,-0.04959135521971775,-0.4969419194174173
1,All Population,1,Deaths,85,Israel,3,Both,27,Age-standardized,417,Liver cancer,98,Tobacco,2,Percent,1990,2023,-0.1918468902051883,0.129910148008108,-0.4528061735118778
1,All Population,1,Deaths,79,Finland,3,Both,27,Age-standardized,414,Stomach cancer,98,Tobacco,2,Percent,1990,2023,-0.2229344657990893,0.03177158569485797,-0.41092917984463895
1,All Population,1,Deaths,30,Vanuatu,3,Both,27,Age-standardized,487,Leukemia,98,Tobacco,2,Percent,1990,2023,-0.4514048823766017,-0.10664661071700358,-0.6813005693771481
1,All Population,1,Deaths,17,Sri Lanka,3,Both,27,Age-standardized,487,Leukemia,98,Tobacco,2,Percent,1990,2023,-0.3389039737926459,0.018836694790627304,-0.5516638461781183
1,All Population,1,Deaths,106,Bahamas,3,Both,27,Age-standardized,414,Stomach cancer,98,Tobacco,2,Percent,1990,2023,-0.11508442549985756,0.5226172585697313,-0.5000627534686923
1,All Population,1,Deaths,106,Bahamas,3,Both,27,Age-standardized,426,"Tracheal, bronchus, and lung cancer",98,Tobacco,2,Percent,1990,2023,-0.1291956273867233,0.17409706448845957,-0.40350095857372204
1,All Population,1,Deaths,95,United Kingdom,3,Both,27,Age-standardized,429,Breast cancer,98,Tobacco,2,Percent,1990,2023,-0.3896425021738273,-0.3155789783297743,-0.4572068559704441
1,All Population,1,Deaths,83,Iceland,3,Both,27,Age-standardized,414,Stomach cancer,98,Tobacco,2,Percent,1990,2023,-0.3213899640405038,-0.0643090370212026,-0.5250901918763352
1,All Population,1,Deaths,83,Iceland,3,Both,27,Age-standardized,417,Liver cancer,98,Tobacco,2,Percent,1990,2023,-0.27054312111104795,-0.04300643334352024,-0.47833636209084607
1,All Population,1,Deaths,75,Austria,3,Both,27,Age-standardized,429,Breast cancer,98,Tobacco,2,Percent,1990,2023,-0.1419929189669757,0.024561307984428484,-0.27284568376626767
1,All Population,1,Deaths,61,Republic of Moldova,3,Both,27,Age-standardized,417,Liver cancer,98,Tobacco,2,Percent,1990,2023,0.21288027929137335,0.6726306774742778,-0.10966410369096992
1,All Population,1,Deaths,85,Israel,3,Both,27,Age-standardized,429,Breast cancer,98,Tobacco,2,Percent,1990,2023,-0.4098528018201572,-0.23615670726133248,-0.5517839396296104
1,All Population,1,Deaths,79,Finland,3,Both,27,Age-standardized,417,Liver cancer,98,Tobacco,2,Percent,1990,2023,-0.1396508409205257,0.092429562469724,-0.31572266969926843
1,All Population,1,Deaths,106,Bahamas,3,Both,27,Age-standardized,429,Breast cancer,98,Tobacco,2,Percent,1990,2023,-0.0445710740454148,0.25304557410337736,-0.2837145284514489
1,All Population,1,Deaths,106,Bahamas,3,Both,27,Age-standardized,456,Pancreatic cancer,98,Tobacco,2,Percent,1990,2023,-0.12276363608851613,0.43785471500911033,-0.5076664365792881
1,All Population,1,Deaths,85,Israel,3,Both,27,Age-standardized,487,Leukemia,98,Tobacco,2,Percent,1990,2023,-0.17970423748901507,0.05859622751905402,-0.4246025092420416
1,All Population,1,Deaths,79,Finland,3,Both,27,Age-standardized,429,Breast cancer,98,Tobacco,2,Percent,1990,2023,-0.40467025833532355,-0.26639685095306787,-0.5292079270744812
1,All Population,1,Deaths,79,Finland,3,Both,27,Age-standardized,432,Cervical cancer,98,Tobacco,2,Percent,1990,2023,-0.015120074243639904,0.35700373267719265,-0.3363891504560261
1,All Population,1,Deaths,61,Republic of Moldova,3,Both,27,Age-standardized,429,Breast cancer,98,Tobacco,2,Percent,1990,2023,0.008271053474720303,0.21509504229640472,-0.18191379381871525
1,All Population,1,Deaths,61,Republic of Moldova,3,Both,27,Age-standardized,432,Cervical cancer,98,Tobacco,2,Percent,1990,2023,0.20966011600745177,1.3952997538575191,-0.41791551414245504
1,All Population,1,Deaths,85,Israel,3,Both,27,Age-standardized,471,Kidney cancer,98,Tobacco,2,Percent,1990,2023,-0.24462208245545086,0.01994383057134897,-0.46656319725118167
1,All Population,1,Deaths,71,Australia,3,Both,27,Age-standardized,429,Breast cancer,98,Tobacco,2,Percent,1990,2023,-0.4169010985230007,-0.308872418384328,-0.5040680190109333
1,All Population,1,Deaths,55,Slovenia,3,Both,27,Age-standardized,423,Larynx cancer,98,Tobacco,2,Percent,1990,2023,-0.05092748058470616,0.02444288920978034,-0.12197008302338161
1,All Population,1,Deaths,55,Slovenia,3,Both,27,Age-standardized,426,"Tracheal, bronchus, and lung cancer",98,Tobacco,2,Percent,1990,2023,-0.1092012591487832,-0.0037387089761989553,-0.2121803121367278
1,All Population,1,Deaths,79,Finland,3,Both,27,Age-standardized,487,Leukemia,98,Tobacco,2,Percent,1990,2023,-0.1825644767264853,0.11598786612792747,-0.3897165235273107
1,All Population,1,Deaths,71,Australia,3,Both,27,Age-standardized,471,Kidney cancer,98,Tobacco,2,Percent,1990,2023,-0.3348684257527448,-0.2134398586372407,-0.459027894488658
1,All Population,1,Deaths,55,Slovenia,3,Both,27,Age-standardized,450,Other pharynx cancer,98,Tobacco,2,Percent,1990,2023,-0.05430761163320752,0.12048675056313857,-0.19765773173000578
1,All Population,1,Deaths,58,Estonia,3,Both,27,Age-standardized,423,Larynx cancer,98,Tobacco,2,Percent,1990,2023,-0.04947353821088419,0.009235328077049063,-0.1065344116951169
1,All Population,1,Deaths,46,Croatia,3,Both,27,Age-standardized,417,Liver cancer,98,Tobacco,2,Percent,1990,2023,0.0931399851378941,0.4391231578326763,-0.17649472431811583
1,All Population,1,Deaths,106,Bahamas,3,Both,27,Age-standardized,471,Kidney cancer,98,Tobacco,2,Percent,1990,2023,-0.020246439977814924,0.6621506506403154,-0.47104192180490434
1,All Population,1,Deaths,118,Suriname,3,Both,27,Age-standardized,411,Esophageal cancer,98,Tobacco,2,Percent,1990,2023,-0.18370152134173393,0.17886510127962457,-0.4827537156569474
1,All Population,1,Deaths,118,Suriname,3,Both,27,Age-standardized,414,Stomach cancer,98,Tobacco,2,Percent,1990,2023,-0.295291423983389,0.09674270386039585,-0.5960696381019285
1,All Population,1,Deaths,61,Republic of Moldova,3,Both,27,Age-standardized,471,Kidney cancer,98,Tobacco,2,Percent,1990,2023,0.2676268257338073,0.7712373321769977,-0.06617144089460854
1,All Population,1,Deaths,61,Republic of Moldova,3,Both,27,Age-standardized,474,Bladder cancer,98,Tobacco,2,Percent,1990,2023,0.1531940017165063,0.4762517399345254,-0.13197076964439391
1,All Population,1,Deaths,55,Slovenia,3,Both,27,Age-standardized,456,Pancreatic cancer,98,Tobacco,2,Percent,1990,2023,-0.013230029536983106,0.36567961872571625,-0.3215838815083837
1,All Population,1,Deaths,118,Suriname,3,Both,27,Age-standardized,417,Liver cancer,98,Tobacco,2,Percent,1990,2023,-0.21109062798963182,0.17605065166471337,-0.5254704764684421
1,All Population,1,Deaths,71,Australia,3,Both,27,Age-standardized,417,Liver cancer,98,Tobacco,2,Percent,1990,2023,-0.29676454451842366,-0.1895878963034968,-0.4080828497551497
1,All Population,1,Deaths,85,Israel,3,Both,27,Age-standardized,438,Prostate cancer,98,Tobacco,2,Percent,1990,2023,-0.3506239374983401,-0.11170465142788086,-0.5446804440990778
1,All Population,1,Deaths,85,Israel,3,Both,27,Age-standardized,441,Colon and rectum cancer,98,Tobacco,2,Percent,1990,2023,-0.3011240814322802,0.0017743323662638897,-0.5276144848222832
1,All Population,1,Deaths,67,Japan,3,Both,27,Age-standardized,432,Cervical cancer,98,Tobacco,2,Percent,1990,2023,0.030940766859058694,0.5185821531902705,-0.29208928890595937
1,All Population,1,Deaths,85,Israel,3,Both,27,Age-standardized,474,Bladder cancer,98,Tobacco,2,Percent,1990,2023,-0.31742979902801527,-0.1284387617507366,-0.4823340253661409
1,All Population,1,Deaths,118,Suriname,3,Both,27,Age-standardized,429,Breast cancer,98,Tobacco,2,Percent,1990,2023,-0.19137057692146509,-0.0048633826470842025,-0.37089219892672387
1,All Population,1,Deaths,112,Grenada,3,Both,27,Age-standardized,417,Liver cancer,98,Tobacco,2,Percent,1990,2023,-0.05331472559981071,0.5283835749175975,-0.4368839601065967
1,All Population,1,Deaths,101,Canada,3,Both,27,Age-standardized,450,Other pharynx cancer,98,Tobacco,2,Percent,1990,2023,-0.2404644677047026,-0.13272507999016325,-0.3431793841813177
1,All Population,1,Deaths,30,Vanuatu,3,Both,27,Age-standardized,432,Cervical cancer,98,Tobacco,2,Percent,1990,2023,-0.32807458846973675,1.0208669028066333,-0.8045462723868593
1,All Population,1,Deaths,30,Vanuatu,3,Both,27,Age-standardized,438,Prostate cancer,98,Tobacco,2,Percent,1990,2023,-0.23614240352209356,0.17627808598287198,-0.5229896082425356
1,All Population,1,Deaths,30,Vanuatu,3,Both,27,Age-standardized,441,Colon and rectum cancer,98,Tobacco,2,Percent,1990,2023,-0.36956504305403715,0.05995484049156269,-0.6478525693816397
1,All Population,1,Deaths,71,Australia,3,Both,27,Age-standardized,432,Cervical cancer,98,Tobacco,2,Percent,1990,2023,-0.17141226472846832,0.02647197563456316,-0.35223416193077484
1,All Population,1,Deaths,99,Uruguay,3,Both,27,Age-standardized,432,Cervical cancer,98,Tobacco,2,Percent,1990,2023,0.06269703116578403,0.6113903711843838,-0.26496852050923586
1,All Population,1,Deaths,99,Uruguay,3,Both,27,Age-standardized,438,Prostate cancer,98,Tobacco,2,Percent,1990,2023,-0.11824104654937528,0.18048685052383853,-0.3735548097084003
1,All Population,1,Deaths,67,Japan,3,Both,27,Age-standardized,438,Prostate cancer,98,Tobacco,2,Percent,1990,2023,-0.3672672996677697,-0.21949988490982913,-0.5215144324924352
1,All Population,1,Deaths,67,Japan,3,Both,27,Age-standardized,441,Colon and rectum cancer,98,Tobacco,2,Percent,1990,2023,-0.3053303147921401,-0.14138642448827693,-0.4403847163650798
1,All Population,1,Deaths,67,Japan,3,Both,27,Age-standardized,474,Bladder cancer,98,Tobacco,2,Percent,1990,2023,-0.2557566262867159,-0.1307246897482013,-0.3697224082144121
1,All Population,1,Deaths,81,Germany,3,Both,27,Age-standardized,471,Kidney cancer,98,Tobacco,2,Percent,1990,2023,-0.24520840014222614,-0.06047032186672123,-0.40274970411485184
1,All Population,1,Deaths,81,Germany,3,Both,27,Age-standardized,474,Bladder cancer,98,Tobacco,2,Percent,1990,2023,-0.22107680307822294,-0.05689683651113096,-0.3530309765491918
1,All Population,1,Deaths,57,Belarus,3,Both,27,Age-standardized,444,Lip and oral cavity cancer,98,Tobacco,2,Percent,1990,2023,-0.03319627617463177,0.11828019397797539,-0.15413681547128294
1,All Population,1,Deaths,57,Belarus,3,Both,27,Age-standardized,447,Nasopharynx cancer,98,Tobacco,2,Percent,1990,2023,-0.006237737413428978,0.19670530235266367,-0.193082394631309
1,All Population,1,Deaths,112,Grenada,3,Both,27,Age-standardized,429,Breast cancer,98,Tobacco,2,Percent,1990,2023,0.01467865144101668,0.3172932719536111,-0.24111403919285318
1,All Population,1,Deaths,79,Finland,3,Both,27,Age-standardized,471,Kidney cancer,98,Tobacco,2,Percent,1990,2023,-0.2508604098788975,-0.02254731160955269,-0.41932303912688357
1,All Population,1,Deaths,79,Finland,3,Both,27,Age-standardized,474,Bladder cancer,98,Tobacco,2,Percent,1990,2023,-0.3043308009274017,-0.11527435155649146,-0.4604262192640545
1,All Population,1,Deaths,101,Canada,3,Both,27,Age-standardized,456,Pancreatic cancer,98,Tobacco,2,Percent,1990,2023,-0.2988430920615703,-0.15747208352568393,-0.4165677113827095
1,All Population,1,Deaths,112,Grenada,3,Both,27,Age-standardized,423,Larynx cancer,98,Tobacco,2,Percent,1990,2023,-0.02128969239550151,0.21207880275484242,-0.2524308321897492
1,All Population,1,Deaths,69,Singapore,3,Both,27,Age-standardized,438,Prostate cancer,98,Tobacco,2,Percent,1990,2023,-0.26880979975929975,0.10269951644831707,-0.5593830710164063
1,All Population,1,Deaths,69,Singapore,3,Both,27,Age-standardized,441,Colon and rectum cancer,98,Tobacco,2,Percent,1990,2023,-0.2266046982206766,0.17645088472781645,-0.5346277806835735
1,All Population,1,Deaths,112,Grenada,3,Both,27,Age-standardized,426,"Tracheal, bronchus, and lung cancer",98,Tobacco,2,Percent,1990,2023,-0.1354261629369221,0.12121010276498848,-0.36867890567677875
1,All Population,1,Deaths,112,Grenada,3,Both,27,Age-standardized,450,Other pharynx cancer,98,Tobacco,2,Percent,1990,2023,-0.004938822527434077,0.37467498970725127,-0.34043733079777205
1,All Population,1,Deaths,57,Belarus,3,Both,27,Age-standardized,487,Leukemia,98,Tobacco,2,Percent,1990,2023,0.49459238275197553,0.8401805914970708,0.17063929583208373
1,All Population,1,Deaths,59,Latvia,3,Both,27,Age-standardized,411,Esophageal cancer,98,Tobacco,2,Percent,1990,2023,-0.023240128852304674,0.1519639271073601,-0.1791645732554762
1,All Population,1,Deaths,112,Grenada,3,Both,27,Age-standardized,456,Pancreatic cancer,98,Tobacco,2,Percent,1990,2023,-0.0028375864341644934,0.5975721603098341,-0.4214473220167402
1,All Population,1,Deaths,46,Croatia,3,Both,27,Age-standardized,432,Cervical cancer,98,Tobacco,2,Percent,1990,2023,0.030757172737929564,0.42593924489150736,-0.2722753468881857
1,All Population,1,Deaths,46,Croatia,3,Both,27,Age-standardized,438,Prostate cancer,98,Tobacco,2,Percent,1990,2023,-0.18773780477960036,0.08071915394392638,-0.37421121948962066
1,All Population,1,Deaths,83,Iceland,3,Both,27,Age-standardized,429,Breast cancer,98,Tobacco,2,Percent,1990,2023,-0.41411868196925056,-0.23355564192882824,-0.5287555143220268
1,All Population,1,Deaths,67,Japan,3,Both,27,Age-standardized,411,Esophageal cancer,98,Tobacco,2,Percent,1990,2023,-0.19352157823891084,-0.09527198123885586,-0.2928257024570005
1,All Population,1,Deaths,92,Spain,3,Both,27,Age-standardized,423,Larynx cancer,98,Tobacco,2,Percent,1990,2023,-0.10385209819418699,-0.06439584161892374,-0.15312675274200432
1,All Population,1,Deaths,92,Spain,3,Both,27,Age-standardized,447,Nasopharynx cancer,98,Tobacco,2,Percent,1990,2023,-0.2643996292778736,-0.12591670905144572,-0.37730630723413405
1,All Population,1,Deaths,122,Ecuador,3,Both,27,Age-standardized,426,"Tracheal, bronchus, and lung cancer",98,Tobacco,2,Percent,1990,2023,-0.4114116408306028,-0.229515756363869,-0.5597283572993924
1,All Population,1,Deaths,83,Iceland,3,Both,27,Age-standardized,423,Larynx cancer,98,Tobacco,2,Percent,1990,2023,-0.15079177151178688,-0.07001495003737866,-0.24550972708485164
1,All Population,1,Deaths,91,Portugal,3,Both,27,Age-standardized,411,Esophageal cancer,98,Tobacco,2,Percent,1990,2023,-0.10152349258308274,0.04937119446955156,-0.23437776063476543
1,All Population,1,Deaths,91,Portugal,3,Both,27,Age-standardized,414,Stomach cancer,98,Tobacco,2,Percent,1990,2023,-0.1798425652618554,0.01720308070847783,-0.34334659475742113
1,All Population,1,Deaths,91,Portugal,3,Both,27,Age-standardized,417,Liver cancer,98,Tobacco,2,Percent,1990,2023,0.0615910246145206,0.25907317185575257,-0.1282087377042115
1,All Population,1,Deaths,67,Japan,3,Both,27,Age-standardized,414,Stomach cancer,98,Tobacco,2,Percent,1990,2023,-0.3318281448238176,-0.1786859989723081,-0.45931107981242053
1,All Population,1,Deaths,67,Japan,3,Both,27,Age-standardized,426,"Tracheal, bronchus, and lung cancer",98,Tobacco,2,Percent,1990,2023,-0.1563710678401566,-0.09534536891104589,-0.22415527054440515
1,All Population,1,Deaths,97,Argentina,3,Both,27,Age-standardized,417,Liver cancer,98,Tobacco,2,Percent,1990,2023,-0.12390824567821601,0.25483950969528735,-0.42591977939135933
1,All Population,1,Deaths,58,Estonia,3,Both,27,Age-standardized,426,"Tracheal, bronchus, and lung cancer",98,Tobacco,2,Percent,1990,2023,-0.11115893920801648,-0.02849956442860753,-0.18633354308243583
1,All Population,1,Deaths,58,Estonia,3,Both,27,Age-standardized,450,Other pharynx cancer,98,Tobacco,2,Percent,1990,2023,-0.07086161806994196,0.05536917987135326,-0.17104197786899666
1,All Population,1,Deaths,67,Japan,3,Both,27,Age-standardized,429,Breast cancer,98,Tobacco,2,Percent,1990,2023,-0.45829581256779706,-0.36010938798724507,-0.5308442414397413
1,All Population,1,Deaths,67,Japan,3,Both,27,Age-standardized,456,Pancreatic cancer,98,Tobacco,2,Percent,1990,2023,-0.3186173432045529,-0.19871577447420416,-0.4237514647845948
1,All Population,1,Deaths,92,Spain,3,Both,27,Age-standardized,450,Other pharynx cancer,98,Tobacco,2,Percent,1990,2023,-0.20658721198147656,-0.10940794897345521,-0.2952480385693034
1,All Population,1,Deaths,75,Austria,3,Both,27,Age-standardized,432,Cervical cancer,98,Tobacco,2,Percent,1990,2023,0.12499264379505032,0.4900077850257405,-0.12023244299885834
1,All Population,1,Deaths,75,Austria,3,Both,27,Age-standardized,438,Prostate cancer,98,Tobacco,2,Percent,1990,2023,-0.19358860560519306,0.06920122282665446,-0.43378565406589026
1,All Population,1,Deaths,122,Ecuador,3,Both,27,Age-standardized,450,Other pharynx cancer,98,Tobacco,2,Percent,1990,2023,-0.3799897817003556,-0.14235186901329477,-0.5744657251730286
1,All Population,1,Deaths,122,Ecuador,3,Both,27,Age-standardized,456,Pancreatic cancer,98,Tobacco,2,Percent,1990,2023,-0.392668815459099,-0.029408369361618888,-0.6341460511152421
1,All Population,1,Deaths,110,Dominica,3,Both,27,Age-standardized,423,Larynx cancer,98,Tobacco,2,Percent,1990,2023,0.04223337893647438,0.29603192951749974,-0.16876631852709756
1,All Population,1,Deaths,110,Dominica,3,Both,27,Age-standardized,447,Nasopharynx cancer,98,Tobacco,2,Percent,1990,2023,0.09423835496930431,0.7917476599901161,-0.3773223139493261
1,All Population,1,Deaths,77,Cyprus,3,Both,27,Age-standardized,423,Larynx cancer,98,Tobacco,2,Percent,1990,2023,-0.07009119100458985,0.03146814700010475,-0.1755746266869959
1,All Population,1,Deaths,77,Cyprus,3,Both,27,Age-standardized,447,Nasopharynx cancer,98,Tobacco,2,Percent,1990,2023,-0.21070839165766012,0.021761826908215882,-0.3994321338493947
1,All Population,1,Deaths,71,Australia,3,Both,27,Age-standardized,438,Prostate cancer,98,Tobacco,2,Percent,1990,2023,-0.4691450153961689,-0.3645599151988185,-0.5765083704966162
1,All Population,1,Deaths,71,Australia,3,Both,27,Age-standardized,441,Colon and rectum cancer,98,Tobacco,2,Percent,1990,2023,-0.36156501398857027,-0.23720243269961558,-0.4736746122601177
1,All Population,1,Deaths,118,Suriname,3,Both,27,Age-standardized,471,Kidney cancer,98,Tobacco,2,Percent,1990,2023,-0.27190808844959796,0.22436811473643162,-0.5850924048167869
1,All Population,1,Deaths,118,Suriname,3,Both,27,Age-standardized,474,Bladder cancer,98,Tobacco,2,Percent,1990,2023,-0.2693526734089809,0.05919044605344435,-0.5266059639703841
1,All Population,1,Deaths,106,Bahamas,3,Both,27,Age-standardized,423,Larynx cancer,98,Tobacco,2,Percent,1990,2023,-0.045710757610492224,0.23388587020365004,-0.29208958827502657
1,All Population,1,Deaths,46,Croatia,3,Both,27,Age-standardized,441,Colon and rectum cancer,98,Tobacco,2,Percent,1990,2023,0.014817850133162735,0.36735098076597655,-0.2682214373853464
1,All Population,1,Deaths,46,Croatia,3,Both,27,Age-standardized,474,Bladder cancer,98,Tobacco,2,Percent,1990,2023,-0.09444168831745507,0.10680440332790463,-0.27419502148310526
1,All Population,1,Deaths,91,Portugal,3,Both,27,Age-standardized,429,Breast cancer,98,Tobacco,2,Percent,1990,2023,-0.21202022063195167,-0.0916581325422218,-0.3064156353392868
1,All Population,1,Deaths,59,Latvia,3,Both,27,Age-standardized,414,Stomach cancer,98,Tobacco,2,Percent,1990,2023,-0.0443022381875966,0.2547053056083539,-0.25232472823430324
1,All Population,1,Deaths,59,Latvia,3,Both,27,Age-standardized,417,Liver cancer,98,Tobacco,2,Percent,1990,2023,0.06364666992153199,0.3933978492836122,-0.19197895050744865
1,All Population,1,Deaths,102,United States of America,3,Both,27,Age-standardized,417,Liver cancer,98,Tobacco,2,Percent,1990,2023,-0.16502920336972215,-0.08165397789189,-0.24629253304215518
1,All Population,1,Deaths,77,Cyprus,3,Both,27,Age-standardized,450,Other pharynx cancer,98,Tobacco,2,Percent,1990,2023,-0.13537627586865827,0.10790689231184135,-0.31318872291247707
1,All Population,1,Deaths,110,Dominica,3,Both,27,Age-standardized,450,Other pharynx cancer,98,Tobacco,2,Percent,1990,2023,0.05371268549368843,0.43590902886548166,-0.28335876247634273
1,All Population,1,Deaths,112,Grenada,3,Both,27,Age-standardized,444,Lip and oral cavity cancer,98,Tobacco,2,Percent,1990,2023,-0.08504776356198636,0.41851673299248554,-0.44989846703191905
1,All Population,1,Deaths,112,Grenada,3,Both,27,Age-standardized,447,Nasopharynx cancer,98,Tobacco,2,Percent,1990,2023,-0.03942427120362901,0.5679914559874581,-0.4343562960353734
1,All Population,1,Deaths,112,Grenada,3,Both,27,Age-standardized,471,Kidney cancer,98,Tobacco,2,Percent,1990,2023,-0.1264644406068377,0.3820118924883166,-0.4596926110636395
1,All Population,1,Deaths,108,Belize,3,Both,27,Age-standardized,441,Colon and rectum cancer,98,Tobacco,2,Percent,1990,2023,-0.07619411294279918,0.47950123810905243,-0.442963642582032
1,All Population,1,Deaths,112,Grenada,3,Both,27,Age-standardized,487,Leukemia,98,Tobacco,2,Percent,1990,2023,-0.12220861848216756,0.579929297679763,-0.5389479078652564
1,All Population,1,Deaths,69,Singapore,3,Both,27,Age-standardized,444,Lip and oral cavity cancer,98,Tobacco,2,Percent,1990,2023,-0.30454442002388205,0.015990342585900548,-0.5521055685208616
1,All Population,1,Deaths,58,Estonia,3,Both,27,Age-standardized,456,Pancreatic cancer,98,Tobacco,2,Percent,1990,2023,-0.04331665122833405,0.24912395450190786,-0.2511028578392343
1,All Population,1,Deaths,98,Chile,3,Both,27,Age-standardized,441,Colon and rectum cancer,98,Tobacco,2,Percent,1990,2023,-0.13835911272776893,0.23405503452988902,-0.421644070782159
1,All Population,1,Deaths,67,Japan,3,Both,27,Age-standardized,471,Kidney cancer,98,Tobacco,2,Percent,1990,2023,-0.36146876334158495,-0.22001985807779267,-0.4961326245198761
1,All Population,1,Deaths,102,United States of America,3,Both,27,Age-standardized,423,Larynx cancer,98,Tobacco,2,Percent,1990,2023,-0.08103838154536933,-0.044292769487153855,-0.12402574080636997
1,All Population,1,Deaths,102,United States of America,3,Both,27,Age-standardized,432,Cervical cancer,98,Tobacco,2,Percent,1990,2023,-0.17685173637737223,0.025572090692146433,-0.351745928481394
1,All Population,1,Deaths,102,United States of America,3,Both,27,Age-standardized,438,Prostate cancer,98,Tobacco,2,Percent,1990,2023,-0.18387874150902678,0.015058977203326543,-0.3423816573709037
1,All Population,1,Deaths,69,Singapore,3,Both,27,Age-standardized,487,Leukemia,98,Tobacco,2,Percent,1990,2023,-0.12570346335451346,0.2950421825922159,-0.49423705342783414
1,All Population,1,Deaths,83,Iceland,3,Both,27,Age-standardized,444,Lip and oral cavity cancer,98,Tobacco,2,Percent,1990,2023,-0.3266389416081325,-0.1352850095678466,-0.4692810618187283
1,All Population,1,Deaths,83,Iceland,3,Both,27,Age-standardized,447,Nasopharynx cancer,98,Tobacco,2,Percent,1990,2023,-0.27527237580306446,-0.03947579810367325,-0.4480482447271198
1,All Population,1,Deaths,102,United States of America,3,Both,27,Age-standardized,441,Colon and rectum cancer,98,Tobacco,2,Percent,1990,2023,-0.159660361729047,-0.03580403863957684,-0.2700608557442364
1,All Population,1,Deaths,102,United States of America,3,Both,27,Age-standardized,474,Bladder cancer,98,Tobacco,2,Percent,1990,2023,-0.17605177015274992,-0.08350408341507137,-0.26535712120091803
1,All Population,1,Deaths,106,Bahamas,3,Both,27,Age-standardized,447,Nasopharynx cancer,98,Tobacco,2,Percent,1990,2023,-0.033358912557387835,0.6250896984712708,-0.48425485868652657
1,All Population,1,Deaths,71,Australia,3,Both,27,Age-standardized,474,Bladder cancer,98,Tobacco,2,Percent,1990,2023,-0.4353057933769468,-0.34579915138149986,-0.5078385236377296
1,All Population,1,Deaths,106,Bahamas,3,Both,27,Age-standardized,450,Other pharynx cancer,98,Tobacco,2,Percent,1990,2023,-0.06480468342063087,0.3759661234058603,-0.42142749206117947
1,All Population,1,Deaths,63,Ukraine,3,Both,27,Age-standardized,414,Stomach cancer,98,Tobacco,2,Percent,1990,2023,-0.09477396289103177,0.2301626119275023,-0.3133420978234127
1,All Population,1,Deaths,110,Dominica,3,Both,27,Age-standardized,411,Esophageal cancer,98,Tobacco,2,Percent,1990,2023,0.14940129210210418,0.874247732203216,-0.2791717674818185
1,All Population,1,Deaths,98,Chile,3,Both,27,Age-standardized,444,Lip and oral cavity cancer,98,Tobacco,2,Percent,1990,2023,-0.29798392330488394,-0.13993427173301531,-0.45759964483484217
1,All Population,1,Deaths,59,Latvia,3,Both,27,Age-standardized,429,Breast cancer,98,Tobacco,2,Percent,1990,2023,-0.3192791355455279,-0.20794306490186365,-0.41912886514240655
1,All Population,1,Deaths,77,Cyprus,3,Both,27,Age-standardized,441,Colon and rectum cancer,98,Tobacco,2,Percent,1990,2023,-0.22246050988655153,0.17497055914019224,-0.5006202747450047
1,All Population,1,Deaths,108,Belize,3,Both,27,Age-standardized,411,Esophageal cancer,98,Tobacco,2,Percent,1990,2023,-0.04466707968451626,0.39131578938457257,-0.3659732058232695
1,All Population,1,Deaths,59,Latvia,3,Both,27,Age-standardized,471,Kidney cancer,98,Tobacco,2,Percent,1990,2023,-0.10842481545655412,0.17389488887060578,-0.314245685623043
1,All Population,1,Deaths,108,Belize,3,Both,27,Age-standardized,444,Lip and oral cavity cancer,98,Tobacco,2,Percent,1990,2023,-0.12462188111037083,0.2935972206520181,-0.4567623757874814
1,All Population,1,Deaths,108,Belize,3,Both,27,Age-standardized,423,Larynx cancer,98,Tobacco,2,Percent,1990,2023,-0.05109549785061287,0.12147917567964363,-0.20594044190242017
1,All Population,1,Deaths,98,Chile,3,Both,27,Age-standardized,487,Leukemia,98,Tobacco,2,Percent,1990,2023,-0.14395756642476798,0.1889234474207041,-0.403057389716138
1,All Population,1,Deaths,108,Belize,3,Both,27,Age-standardized,414,Stomach cancer,98,Tobacco,2,Percent,1990,2023,-0.14648954146524754,0.3653498265899573,-0.511093795882877
1,All Population,1,Deaths,108,Belize,3,Both,27,Age-standardized,426,"Tracheal, bronchus, and lung cancer",98,Tobacco,2,Percent,1990,2023,-0.11978997700884408,0.09195818905797051,-0.3027464990012073
1,All Population,1,Deaths,81,Germany,3,Both,27,Age-standardized,438,Prostate cancer,98,Tobacco,2,Percent,1990,2023,-0.3994262139552303,-0.21363314669078057,-0.5432885962081063
1,All Population,1,Deaths,81,Germany,3,Both,27,Age-standardized,441,Colon and rectum cancer,98,Tobacco,2,Percent,1990,2023,-0.07877892610795832,0.1709985650049135,-0.2466863467598403
1,All Population,1,Deaths,108,Belize,3,Both,27,Age-standardized,447,Nasopharynx cancer,98,Tobacco,2,Percent,1990,2023,-0.13890835240053326,0.35261835128073316,-0.45617345248415286
1,All Population,1,Deaths,62,Russian Federation,3,Both,27,Age-standardized,444,Lip and oral cavity cancer,98,Tobacco,2,Percent,1990,2023,-0.026400953996591352,0.12067208063872564,-0.1594107178759307
1,All Population,1,Deaths,59,Latvia,3,Both,27,Age-standardized,474,Bladder cancer,98,Tobacco,2,Percent,1990,2023,-0.022423708020205754,0.19720435201855652,-0.20018107455893946
1,All Population,1,Deaths,108,Belize,3,Both,27,Age-standardized,429,Breast cancer,98,Tobacco,2,Percent,1990,2023,0.018895018579258453,0.27930186410597035,-0.18323972305389538
1,All Population,1,Deaths,108,Belize,3,Both,27,Age-standardized,456,Pancreatic cancer,98,Tobacco,2,Percent,1990,2023,-0.09120335587797462,0.4267034683107862,-0.47097253073857875
1,All Population,1,Deaths,81,Germany,3,Both,27,Age-standardized,411,Esophageal cancer,98,Tobacco,2,Percent,1990,2023,-0.17139960571462698,-0.04798294543915863,-0.27716358877609837
1,All Population,1,Deaths,69,Singapore,3,Both,27,Age-standardized,411,Esophageal cancer,98,Tobacco,2,Percent,1990,2023,-0.18809368654752345,0.13607635839391063,-0.4538676003459481
1,All Population,1,Deaths,69,Singapore,3,Both,27,Age-standardized,426,"Tracheal, bronchus, and lung cancer",98,Tobacco,2,Percent,1990,2023,-0.2886993711896424,-0.04842808769103664,-0.48212176486072855
1,All Population,1,Deaths,63,Ukraine,3,Both,27,Age-standardized,417,Liver cancer,98,Tobacco,2,Percent,1990,2023,0.038466268654772116,0.396162801348683,-0.2248667111239111
1,All Population,1,Deaths,95,United Kingdom,3,Both,27,Age-standardized,432,Cervical cancer,98,Tobacco,2,Percent,1990,2023,-0.2365787347819766,-0.12315656839585429,-0.3561631913194331
1,All Population,1,Deaths,95,United Kingdom,3,Both,27,Age-standardized,471,Kidney cancer,98,Tobacco,2,Percent,1990,2023,-0.3743198768054786,-0.28420831813155534,-0.4748883971146287
1,All Population,1,Deaths,108,Belize,3,Both,27,Age-standardized,471,Kidney cancer,98,Tobacco,2,Percent,1990,2023,0.0076986369058596954,0.6114261115908376,-0.38722459998603037
1,All Population,1,Deaths,108,Belize,3,Both,27,Age-standardized,450,Other pharynx cancer,98,Tobacco,2,Percent,1990,2023,-0.07395574642500194,0.24584361375805958,-0.3642367084059105
1,All Population,1,Deaths,57,Belarus,3,Both,27,Age-standardized,432,Cervical cancer,98,Tobacco,2,Percent,1990,2023,0.13354966544968944,1.153297442599964,-0.4354498957884472
1,All Population,1,Deaths,83,Iceland,3,Both,27,Age-standardized,450,Other pharynx cancer,98,Tobacco,2,Percent,1990,2023,-0.24055230408123252,-0.07870249462345243,-0.3728930091086475
1,All Population,1,Deaths,83,Iceland,3,Both,27,Age-standardized,487,Leukemia,98,Tobacco,2,Percent,1990,2023,-0.19337979553537815,0.08758700210140093,-0.4369368196792881
1,All Population,1,Deaths,91,Portugal,3,Both,27,Age-standardized,471,Kidney cancer,98,Tobacco,2,Percent,1990,2023,-0.14474800363683216,0.03273189988423369,-0.3004493499602619
1,All Population,1,Deaths,122,Ecuador,3,Both,27,Age-standardized,432,Cervical cancer,98,Tobacco,2,Percent,1990,2023,-0.4325773720289843,0.3190248158340563,-0.7953393711863395
1,All Population,1,Deaths,110,Dominica,3,Both,27,Age-standardized,426,"Tracheal, bronchus, and lung cancer",98,Tobacco,2,Percent,1990,2023,0.0010749009613797128,0.31084508625431273,-0.24667485381878712
1,All Population,1,Deaths,95,United Kingdom,3,Both,27,Age-standardized,474,Bladder cancer,98,Tobacco,2,Percent,1990,2023,-0.4051120566367718,-0.3459298418068068,-0.46033639360515344
1,All Population,1,Deaths,63,Ukraine,3,Both,27,Age-standardized,429,Breast cancer,98,Tobacco,2,Percent,1990,2023,-0.3205979098930031,-0.1980951721267612,-0.42117945806067036
1,All Population,1,Deaths,63,Ukraine,3,Both,27,Age-standardized,432,Cervical cancer,98,Tobacco,2,Percent,1990,2023,0.2295969960376113,1.5286851939456705,-0.3574487730333798
1,All Population,1,Deaths,108,Belize,3,Both,27,Age-standardized,487,Leukemia,98,Tobacco,2,Percent,1990,2023,-0.016692913315730046,0.533801339751048,-0.38282554729597784
1,All Population,1,Deaths,102,United States of America,3,Both,27,Age-standardized,426,"Tracheal, bronchus, and lung cancer",98,Tobacco,2,Percent,1990,2023,-0.14957873017195517,-0.09797287630636586,-0.2038512170547036
1,All Population,1,Deaths,102,United States of America,3,Both,27,Age-standardized,450,Other pharynx cancer,98,Tobacco,2,Percent,1990,2023,-0.16066004685446236,-0.09082753318518866,-0.22587065987731264
1,All Population,1,Deaths,116,Saint Lucia,3,Both,27,Age-standardized,411,Esophageal cancer,98,Tobacco,2,Percent,1990,2023,0.0074353214960367064,0.5551512672986798,-0.3421088544705235
1,All Population,1,Deaths,118,Suriname,3,Both,27,Age-standardized,444,Lip and oral cavity cancer,98,Tobacco,2,Percent,1990,2023,-0.2593997153851747,0.09825609387198815,-0.5397960317217262
1,All Population,1,Deaths,118,Suriname,3,Both,27,Age-standardized,447,Nasopharynx cancer,98,Tobacco,2,Percent,1990,2023,-0.27290433844145934,0.19578443872510293,-0.5642313889511938
1,All Population,1,Deaths,81,Germany,3,Both,27,Age-standardized,487,Leukemia,98,Tobacco,2,Percent,1990,2023,-0.1767081258260654,0.031182914534111802,-0.3560729473022813
1,All Population,1,Deaths,110,Dominica,3,Both,27,Age-standardized,456,Pancreatic cancer,98,Tobacco,2,Percent,1990,2023,0.1312242563481241,0.8705886472686679,-0.3706359077903083
1,All Population,1,Deaths,99,Uruguay,3,Both,27,Age-standardized,474,Bladder cancer,98,Tobacco,2,Percent,1990,2023,-0.13372854353144784,0.05231466553710851,-0.30842680307256953
1,All Population,1,Deaths,114,Haiti,3,Both,27,Age-standardized,411,Esophageal cancer,98,Tobacco,2,Percent,1990,2023,-0.22067771057980745,0.2838975284502552,-0.5345108069468603
1,All Population,1,Deaths,75,Austria,3,Both,27,Age-standardized,474,Bladder cancer,98,Tobacco,2,Percent,1990,2023,-0.1299840656568071,0.08903416861523529,-0.34528267914552413
1,All Population,1,Deaths,110,Dominica,3,Both,27,Age-standardized,471,Kidney cancer,98,Tobacco,2,Percent,1990,2023,0.06275888350817672,0.7861191770242855,-0.3693838828283151
1,All Population,1,Deaths,97,Argentina,3,Both,27,Age-standardized,432,Cervical cancer,98,Tobacco,2,Percent,1990,2023,-0.14363702023338495,0.5066157207118591,-0.5104859090476251
1,All Population,1,Deaths,63,Ukraine,3,Both,27,Age-standardized,423,Larynx cancer,98,Tobacco,2,Percent,1990,2023,-0.04085994810434929,0.012576827352687489,-0.09884130648818566
1,All Population,1,Deaths,116,Saint Lucia,3,Both,27,Age-standardized,414,Stomach cancer,98,Tobacco,2,Percent,1990,2023,-0.09801044496560146,0.43474313661327735,-0.4644353506882858
1,All Population,1,Deaths,114,Haiti,3,Both,27,Age-standardized,426,"Tracheal, bronchus, and lung cancer",98,Tobacco,2,Percent,1990,2023,-0.2119878442654907,0.061223722683663044,-0.45006821387162854
1,All Population,1,Deaths,114,Haiti,3,Both,27,Age-standardized,441,Colon and rectum cancer,98,Tobacco,2,Percent,1990,2023,-0.20019009115525357,0.3635119082613346,-0.560465168278921
1,All Population,1,Deaths,102,United States of America,3,Both,27,Age-standardized,456,Pancreatic cancer,98,Tobacco,2,Percent,1990,2023,-0.18302896046145417,-0.07684117879457716,-0.27717364139461076
1,All Population,1,Deaths,116,Saint Lucia,3,Both,27,Age-standardized,444,Lip and oral cavity cancer,98,Tobacco,2,Percent,1990,2023,-0.08280730280111397,0.4164329713309134,-0.4125708207750636
1,All Population,1,Deaths,116,Saint Lucia,3,Both,27,Age-standardized,447,Nasopharynx cancer,98,Tobacco,2,Percent,1990,2023,-0.01448844440960035,0.6650179208150516,-0.4331283398793607
1,All Population,1,Deaths,63,Ukraine,3,Both,27,Age-standardized,471,Kidney cancer,98,Tobacco,2,Percent,1990,2023,-0.09403406341488552,0.1883249048808927,-0.32082513558958575
1,All Population,1,Deaths,63,Ukraine,3,Both,27,Age-standardized,474,Bladder cancer,98,Tobacco,2,Percent,1990,2023,-0.1389152352460269,0.05352733989134835,-0.2918669389460046
1,All Population,1,Deaths,116,Saint Lucia,3,Both,27,Age-standardized,487,Leukemia,98,Tobacco,2,Percent,1990,2023,-0.11035123514641353,0.6524495242307213,-0.5072093489139561
1,All Population,1,Deaths,114,Haiti,3,Both,27,Age-standardized,444,Lip and oral cavity cancer,98,Tobacco,2,Percent,1990,2023,-0.23054991119435214,0.14960109640531405,-0.5585714910606874
1,All Population,1,Deaths,97,Argentina,3,Both,27,Age-standardized,438,Prostate cancer,98,Tobacco,2,Percent,1990,2023,-0.2376527282648581,0.11000626410496898,-0.4747372282210256
1,All Population,1,Deaths,97,Argentina,3,Both,27,Age-standardized,441,Colon and rectum cancer,98,Tobacco,2,Percent,1990,2023,-0.141527480421759,0.3229566705405377,-0.4549178604104779
1,All Population,1,Deaths,97,Argentina,3,Both,27,Age-standardized,474,Bladder cancer,98,Tobacco,2,Percent,1990,2023,-0.18487056912255306,0.14594179104418564,-0.4297481880259058
1,All Population,1,Deaths,77,Cyprus,3,Both,27,Age-standardized,444,Lip and oral cavity cancer,98,Tobacco,2,Percent,1990,2023,-0.2451176477106898,0.025227580985247876,-0.4696267471231265
1,All Population,1,Deaths,63,Ukraine,3,Both,27,Age-standardized,447,Nasopharynx cancer,98,Tobacco,2,Percent,1990,2023,-0.11675559551972302,0.1503257550538845,-0.29987061554885075
1,All Population,1,Deaths,63,Ukraine,3,Both,27,Age-standardized,450,Other pharynx cancer,98,Tobacco,2,Percent,1990,2023,-0.09112148873517709,0.04833663219778309,-0.21740004566920723
1,All Population,1,Deaths,82,Greece,3,Both,27,Age-standardized,438,Prostate cancer,98,Tobacco,2,Percent,1990,2023,-0.318617062585455,-0.0796731714001574,-0.5297432961681575
1,All Population,1,Deaths,82,Greece,3,Both,27,Age-standardized,441,Colon and rectum cancer,98,Tobacco,2,Percent,1990,2023,0.06860822053885184,0.3017321273590014,-0.11806452664472358
1,All Population,1,Deaths,81,Germany,3,Both,27,Age-standardized,426,"Tracheal, bronchus, and lung cancer",98,Tobacco,2,Percent,1990,2023,-0.1366091331724533,-0.06803694461062683,-0.20359887077376518
1,All Population,1,Deaths,77,Cyprus,3,Both,27,Age-standardized,487,Leukemia,98,Tobacco,2,Percent,1990,2023,-0.16307282116805114,0.21247631946722265,-0.4611126955926013
1,All Population,1,Deaths,89,Netherlands,3,Both,27,Age-standardized,423,Larynx cancer,98,Tobacco,2,Percent,1990,2023,-0.15644944240320455,-0.10816425834008998,-0.21235293278200051
1,All Population,1,Deaths,87,Luxembourg,3,Both,27,Age-standardized,423,Larynx cancer,98,Tobacco,2,Percent,1990,2023,-0.10094190943167541,-0.03493891020561291,-0.17239810043019033
1,All Population,1,Deaths,116,Saint Lucia,3,Both,27,Age-standardized,429,Breast cancer,98,Tobacco,2,Percent,1990,2023,-0.11627754461150602,0.1152856469459513,-0.32795863457205393
1,All Population,1,Deaths,81,Germany,3,Both,27,Age-standardized,456,Pancreatic cancer,98,Tobacco,2,Percent,1990,2023,-0.16427442896565622,0.05613429142685811,-0.3103335167996483
1,All Population,1,Deaths,94,Switzerland,3,Both,27,Age-standardized,423,Larynx cancer,98,Tobacco,2,Percent,1990,2023,-0.11858875392148135,-0.06998463726424434,-0.1747568826422295
1,All Population,1,Deaths,93,Sweden,3,Both,27,Age-standardized,423,Larynx cancer,98,Tobacco,2,Percent,1990,2023,-0.10846019984774209,-0.03422178383463111,-0.17836398316122726
1,All Population,1,Deaths,69,Singapore,3,Both,27,Age-standardized,456,Pancreatic cancer,98,Tobacco,2,Percent,1990,2023,-0.24109183068939355,0.17081074295508086,-0.5336527287477921
1,All Population,1,Deaths,89,Netherlands,3,Both,27,Age-standardized,447,Nasopharynx cancer,98,Tobacco,2,Percent,1990,2023,-0.4075453975004017,-0.28000366069867133,-0.5237961660541866
1,All Population,1,Deaths,89,Netherlands,3,Both,27,Age-standardized,450,Other pharynx cancer,98,Tobacco,2,Percent,1990,2023,-0.25907139292842857,-0.16152678645151392,-0.336767998393284
1,All Population,1,Deaths,114,Haiti,3,Both,27,Age-standardized,456,Pancreatic cancer,98,Tobacco,2,Percent,1990,2023,-0.24737547843815477,0.2873764090825151,-0.5774937965399063
1,All Population,1,Deaths,87,Luxembourg,3,Both,27,Age-standardized,447,Nasopharynx cancer,98,Tobacco,2,Percent,1990,2023,-0.17987047129432385,0.1224998871612096,-0.39525739258271075
1,All Population,1,Deaths,61,Republic of Moldova,3,Both,27,Age-standardized,411,Esophageal cancer,98,Tobacco,2,Percent,1990,2023,0.1969248498022982,0.4728553501703945,0.0018240044141581225
1,All Population,1,Deaths,106,Bahamas,3,Both,27,Age-standardized,441,Colon and rectum cancer,98,Tobacco,2,Percent,1990,2023,-0.13385385270570319,0.46988024152517627,-0.5230524989680294
1,All Population,1,Deaths,78,Denmark,3,Both,27,Age-standardized,417,Liver cancer,98,Tobacco,2,Percent,1990,2023,-0.3273556962474396,-0.23326542515738063,-0.4262047870611011
1,All Population,1,Deaths,57,Belarus,3,Both,27,Age-standardized,438,Prostate cancer,98,Tobacco,2,Percent,1990,2023,0.1350381003810169,0.48882931278269226,-0.14632943592583725
1,All Population,1,Deaths,57,Belarus,3,Both,27,Age-standardized,441,Colon and rectum cancer,98,Tobacco,2,Percent,1990,2023,0.10477606794559877,0.49129908615818363,-0.19693482161401893
1,All Population,1,Deaths,60,Lithuania,3,Both,27,Age-standardized,423,Larynx cancer,98,Tobacco,2,Percent,1990,2023,-0.022847198165938054,0.033008334849792355,-0.08371425433676208
1,All Population,1,Deaths,93,Sweden,3,Both,27,Age-standardized,447,Nasopharynx cancer,98,Tobacco,2,Percent,1990,2023,-0.10762915655228908,0.13896283408065951,-0.3002403819715632
1,All Population,1,Deaths,52,Romania,3,Both,27,Age-standardized,423,Larynx cancer,98,Tobacco,2,Percent,1990,2023,-0.021336502922443767,0.03932016898616149,-0.08342705132178914
1,All Population,1,Deaths,52,Romania,3,Both,27,Age-standardized,444,Lip and oral cavity cancer,98,Tobacco,2,Percent,1990,2023,-0.01771596355418941,0.17372888858870567,-0.1974951711472437
1,All Population,1,Deaths,52,Romania,3,Both,27,Age-standardized,447,Nasopharynx cancer,98,Tobacco,2,Percent,1990,2023,0.056278871403300644,0.3297552263065846,-0.1805454764729228
1,All Population,1,Deaths,116,Saint Lucia,3,Both,27,Age-standardized,471,Kidney cancer,98,Tobacco,2,Percent,1990,2023,-0.0912335598880605,0.46416784513798803,-0.45359447358659577
1,All Population,1,Deaths,118,Suriname,3,Both,27,Age-standardized,487,Leukemia,98,Tobacco,2,Percent,1990,2023,-0.33887654560197755,0.10829593472661998,-0.6374312646064704
1,All Population,1,Deaths,60,Lithuania,3,Both,27,Age-standardized,426,"Tracheal, bronchus, and lung cancer",98,Tobacco,2,Percent,1990,2023,-0.07519003634148358,0.002445962129929303,-0.15569089807817046
1,All Population,1,Deaths,60,Lithuania,3,Both,27,Age-standardized,450,Other pharynx cancer,98,Tobacco,2,Percent,1990,2023,-0.0025447966006576523,0.11930051730241409,-0.12714944321683141
1,All Population,1,Deaths,87,Luxembourg,3,Both,27,Age-standardized,450,Other pharynx cancer,98,Tobacco,2,Percent,1990,2023,-0.16490360419315814,-0.029827866312278607,-0.2826765316547386
1,All Population,1,Deaths,52,Romania,3,Both,27,Age-standardized,450,Other pharynx cancer,98,Tobacco,2,Percent,1990,2023,-0.02092214583506614,0.13466873599044027,-0.16454053999335405
1,All Population,1,Deaths,122,Ecuador,3,Both,27,Age-standardized,438,Prostate cancer,98,Tobacco,2,Percent,1990,2023,-0.45886369550932116,-0.21775980999834876,-0.6509918535513686
1,All Population,1,Deaths,122,Ecuador,3,Both,27,Age-standardized,441,Colon and rectum cancer,98,Tobacco,2,Percent,1990,2023,-0.4040676793888026,-0.09824360839292108,-0.6484629563315245
1,All Population,1,Deaths,114,Haiti,3,Both,27,Age-standardized,487,Leukemia,98,Tobacco,2,Percent,1990,2023,-0.15259571099340785,0.5207489160060016,-0.5564971766080353
1,All Population,1,Deaths,60,Lithuania,3,Both,27,Age-standardized,456,Pancreatic cancer,98,Tobacco,2,Percent,1990,2023,-0.05586700702018083,0.18849662442509943,-0.23486788826864374
1,All Population,1,Deaths,62,Russian Federation,3,Both,27,Age-standardized,487,Leukemia,98,Tobacco,2,Percent,1990,2023,0.287785187158914,0.6274972520898849,0.01247192764802649
1,All Population,1,Deaths,57,Belarus,3,Both,27,Age-standardized,411,Esophageal cancer,98,Tobacco,2,Percent,1990,2023,0.08021062388374386,0.2292826043511809,-0.04935479454754378
1,All Population,1,Deaths,94,Switzerland,3,Both,27,Age-standardized,447,Nasopharynx cancer,98,Tobacco,2,Percent,1990,2023,-0.22808677371550243,-0.06416421936315098,-0.3534410688903148
1,All Population,1,Deaths,94,Switzerland,3,Both,27,Age-standardized,450,Other pharynx cancer,98,Tobacco,2,Percent,1990,2023,-0.14267861289419526,-0.04845717676080445,-0.23745763611136678
1,All Population,1,Deaths,110,Dominica,3,Both,27,Age-standardized,441,Colon and rectum cancer,98,Tobacco,2,Percent,1990,2023,0.11971921683857817,0.9892013482016829,-0.3397844679377408
1,All Population,1,Deaths,59,Latvia,3,Both,27,Age-standardized,423,Larynx cancer,98,Tobacco,2,Percent,1990,2023,-0.02614050133209589,0.030039514305091535,-0.0833006728112085
1,All Population,1,Deaths,59,Latvia,3,Both,27,Age-standardized,426,"Tracheal, bronchus, and lung cancer",98,Tobacco,2,Percent,1990,2023,-0.07131959595374476,0.004294197207935151,-0.15079493949598263
1,All Population,1,Deaths,83,Iceland,3,Both,27,Age-standardized,432,Cervical cancer,98,Tobacco,2,Percent,1990,2023,-0.2571445159646814,0.0601821886022188,-0.4763875032517233
1,All Population,1,Deaths,83,Iceland,3,Both,27,Age-standardized,471,Kidney cancer,98,Tobacco,2,Percent,1990,2023,-0.3001875943130388,-0.044013437913144667,-0.5093788138046278
1,All Population,1,Deaths,59,Latvia,3,Both,27,Age-standardized,450,Other pharynx cancer,98,Tobacco,2,Percent,1990,2023,-0.06445038544626473,0.07351567160357064,-0.17713015917886457
1,All Population,1,Deaths,59,Latvia,3,Both,27,Age-standardized,456,Pancreatic cancer,98,Tobacco,2,Percent,1990,2023,-0.06160977637157935,0.22392623170850032,-0.26451996763561686
1,All Population,1,Deaths,55,Slovenia,3,Both,27,Age-standardized,411,Esophageal cancer,98,Tobacco,2,Percent,1990,2023,0.0008501367334100896,0.19389028666970695,-0.1606230240394695
1,All Population,1,Deaths,84,Ireland,3,Both,27,Age-standardized,411,Esophageal cancer,98,Tobacco,2,Percent,1990,2023,-0.4100850253929543,-0.29448149830096365,-0.5089145887887253
1,All Population,1,Deaths,84,Ireland,3,Both,27,Age-standardized,414,Stomach cancer,98,Tobacco,2,Percent,1990,2023,-0.5237295646965876,-0.40143964135410476,-0.6294150590531628
1,All Population,1,Deaths,122,Ecuador,3,Both,27,Age-standardized,474,Bladder cancer,98,Tobacco,2,Percent,1990,2023,-0.450314082449709,-0.1709179019920979,-0.6606661849742657
1,All Population,1,Deaths,83,Iceland,3,Both,27,Age-standardized,474,Bladder cancer,98,Tobacco,2,Percent,1990,2023,-0.3769849816995419,-0.16492423830443936,-0.5265217910080051
1,All Population,1,Deaths,114,Haiti,3,Both,27,Age-standardized,423,Larynx cancer,98,Tobacco,2,Percent,1990,2023,-0.15823935438000736,0.09373451746485947,-0.3853280224796767
1,All Population,1,Deaths,114,Haiti,3,Both,27,Age-standardized,447,Nasopharynx cancer,98,Tobacco,2,Percent,1990,2023,-0.2049828979261975,0.23027522112621182,-0.506740859508562
1,All Population,1,Deaths,55,Slovenia,3,Both,27,Age-standardized,414,Stomach cancer,98,Tobacco,2,Percent,1990,2023,-0.020483310563074737,0.3252803838486742,-0.29468918058387056
1,All Population,1,Deaths,106,Bahamas,3,Both,27,Age-standardized,444,Lip and oral cavity cancer,98,Tobacco,2,Percent,1990,2023,-0.09466165046330145,0.5133268656229937,-0.4840905191105471
1,All Population,1,Deaths,94,Switzerland,3,Both,27,Age-standardized,411,Esophageal cancer,98,Tobacco,2,Percent,1990,2023,-0.19256350084543408,-0.07036424612517875,-0.30117752652970964
1,All Population,1,Deaths,94,Switzerland,3,Both,27,Age-standardized,426,"Tracheal, bronchus, and lung cancer",98,Tobacco,2,Percent,1990,2023,-0.12323635270907923,-0.06700749220297339,-0.18122242968432395
1,All Population,1,Deaths,114,Haiti,3,Both,27,Age-standardized,450,Other pharynx cancer,98,Tobacco,2,Percent,1990,2023,-0.22627417653736576,0.07376569775487053,-0.49974280650302616
1,All Population,1,Deaths,106,Bahamas,3,Both,27,Age-standardized,487,Leukemia,98,Tobacco,2,Percent,1990,2023,-0.026074901659920904,0.8801281911181867,-0.512750306204101
1,All Population,1,Deaths,77,Cyprus,3,Both,27,Age-standardized,411,Esophageal cancer,98,Tobacco,2,Percent,1990,2023,-0.1868689645905091,0.04440648992770499,-0.374745040754249
1,All Population,1,Deaths,55,Slovenia,3,Both,27,Age-standardized,429,Breast cancer,98,Tobacco,2,Percent,1990,2023,-0.22894669861522485,-0.024402410207928403,-0.40012296102134826
1,All Population,1,Deaths,94,Switzerland,3,Both,27,Age-standardized,456,Pancreatic cancer,98,Tobacco,2,Percent,1990,2023,-0.14203347537229813,0.032033849774634915,-0.28985251251879895
1,All Population,1,Deaths,57,Belarus,3,Both,27,Age-standardized,414,Stomach cancer,98,Tobacco,2,Percent,1990,2023,0.032604599830747136,0.30260671264542294,-0.18763383981270826
1,All Population,1,Deaths,57,Belarus,3,Both,27,Age-standardized,417,Liver cancer,98,Tobacco,2,Percent,1990,2023,0.22275617439956788,0.6409707009052,-0.06608210880440735
1,All Population,1,Deaths,59,Latvia,3,Both,27,Age-standardized,444,Lip and oral cavity cancer,98,Tobacco,2,Percent,1990,2023,-0.10752742362275393,0.04833008913021461,-0.25670369515252894
1,All Population,1,Deaths,59,Latvia,3,Both,27,Age-standardized,447,Nasopharynx cancer,98,Tobacco,2,Percent,1990,2023,-0.13262872850088617,0.09647040130353524,-0.29909254661039375
1,All Population,1,Deaths,57,Belarus,3,Both,27,Age-standardized,429,Breast cancer,98,Tobacco,2,Percent,1990,2023,-0.1567507943304657,-0.017942921052653535,-0.3068428861338802
1,All Population,1,Deaths,77,Cyprus,3,Both,27,Age-standardized,426,"Tracheal, bronchus, and lung cancer",98,Tobacco,2,Percent,1990,2023,-0.12934945200540957,-0.01293088914121137,-0.24904328737424036
1,All Population,1,Deaths,88,Malta,3,Both,27,Age-standardized,411,Esophageal cancer,98,Tobacco,2,Percent,1990,2023,-0.2631387150604119,-0.07750422685505343,-0.4399656801895483
1,All Population,1,Deaths,59,Latvia,3,Both,27,Age-standardized,487,Leukemia,98,Tobacco,2,Percent,1990,2023,0.1410815808690284,0.49531397105590974,-0.15697711042906376
1,All Population,1,Deaths,110,Dominica,3,Both,27,Age-standardized,444,Lip and oral cavity cancer,98,Tobacco,2,Percent,1990,2023,0.08612607159105802,0.7544195770387717,-0.3644508085347733
1,All Population,1,Deaths,102,United States of America,3,Both,27,Age-standardized,411,Esophageal cancer,98,Tobacco,2,Percent,1990,2023,-0.08236100851241732,0.020980102205276345,-0.17848472209519378
1,All Population,1,Deaths,102,United States of America,3,Both,27,Age-standardized,414,Stomach cancer,98,Tobacco,2,Percent,1990,2023,-0.13113722248380974,0.0285195995074352,-0.2743459755204852
1,All Population,1,Deaths,57,Belarus,3,Both,27,Age-standardized,471,Kidney cancer,98,Tobacco,2,Percent,1990,2023,0.11833410240683273,0.41698489603825545,-0.131743334661526
1,All Population,1,Deaths,110,Dominica,3,Both,27,Age-standardized,487,Leukemia,98,Tobacco,2,Percent,1990,2023,0.06615633465207582,0.9221483432126751,-0.4273769882885024
1,All Population,1,Deaths,53,Serbia,3,Both,27,Age-standardized,411,Esophageal cancer,98,Tobacco,2,Percent,1990,2023,-0.05097272243377549,0.14268773941909216,-0.21577349704391963
1,All Population,1,Deaths,53,Serbia,3,Both,27,Age-standardized,414,Stomach cancer,98,Tobacco,2,Percent,1990,2023,-0.07195884435917067,0.27990652566318963,-0.32506006338657245
1,All Population,1,Deaths,53,Serbia,3,Both,27,Age-standardized,426,"Tracheal, bronchus, and lung cancer",98,Tobacco,2,Percent,1990,2023,-0.04992818886346354,0.035568345910242286,-0.12525905560383102
1,All Population,1,Deaths,77,Cyprus,3,Both,27,Age-standardized,456,Pancreatic cancer,98,Tobacco,2,Percent,1990,2023,-0.2224276601042089,0.0995742250057692,-0.5052403244361199
1,All Population,1,Deaths,82,Greece,3,Both,27,Age-standardized,444,Lip and oral cavity cancer,98,Tobacco,2,Percent,1990,2023,-0.055515206301942115,0.08906825407805485,-0.1758616689456308
1,All Population,1,Deaths,78,Denmark,3,Both,27,Age-standardized,432,Cervical cancer,98,Tobacco,2,Percent,1990,2023,-0.3673727180666592,-0.2703878219463156,-0.475446248877445
1,All Population,1,Deaths,90,Norway,3,Both,27,Age-standardized,423,Larynx cancer,98,Tobacco,2,Percent,1990,2023,-0.2588765982572153,-0.16298107490236058,-0.3420151616496448
1,All Population,1,Deaths,90,Norway,3,Both,27,Age-standardized,447,Nasopharynx cancer,98,Tobacco,2,Percent,1990,2023,-0.42308084953518443,-0.23907518877510683,-0.5583497323476126
1,All Population,1,Deaths,75,Austria,3,Both,27,Age-standardized,423,Larynx cancer,98,Tobacco,2,Percent,1990,2023,-0.05744622018616901,0.00031902723169884104,-0.12334572631666176
1,All Population,1,Deaths,75,Austria,3,Both,27,Age-standardized,447,Nasopharynx cancer,98,Tobacco,2,Percent,1990,2023,-0.048989768724330175,0.20128614151336993,-0.2302063863058862
1,All Population,1,Deaths,102,United States of America,3,Both,27,Age-standardized,429,Breast cancer,98,Tobacco,2,Percent,1990,2023,-0.33098395446939494,-0.21629363920019987,-0.40609221892366404
1,All Population,1,Deaths,82,Greece,3,Both,27,Age-standardized,487,Leukemia,98,Tobacco,2,Percent,1990,2023,-0.047589260816799143,0.1837360388119084,-0.2267563996058638
1,All Population,1,Deaths,90,Norway,3,Both,27,Age-standardized,414,Stomach cancer,98,Tobacco,2,Percent,1990,2023,-0.515241969391514,-0.33416698940280043,-0.6405287666687265
1,All Population,1,Deaths,90,Norway,3,Both,27,Age-standardized,417,Liver cancer,98,Tobacco,2,Percent,1990,2023,-0.40110204321141163,-0.21618206631130854,-0.5543506680434013
1,All Population,1,Deaths,75,Austria,3,Both,27,Age-standardized,450,Other pharynx cancer,98,Tobacco,2,Percent,1990,2023,-0.08673610049476504,0.029479753799391308,-0.19351969467465197
1,All Population,1,Deaths,90,Norway,3,Both,27,Age-standardized,450,Other pharynx cancer,98,Tobacco,2,Percent,1990,2023,-0.33054850813546266,-0.19508948625217976,-0.4362848069399446
1,All Population,1,Deaths,90,Norway,3,Both,27,Age-standardized,429,Breast cancer,98,Tobacco,2,Percent,1990,2023,-0.4780185884617775,-0.3154177849392632,-0.5890602078308118
1,All Population,1,Deaths,114,Haiti,3,Both,27,Age-standardized,471,Kidney cancer,98,Tobacco,2,Percent,1990,2023,-0.21564600532864805,0.31435370365692156,-0.5622215632738208
1,All Population,1,Deaths,93,Sweden,3,Both,27,Age-standardized,450,Other pharynx cancer,98,Tobacco,2,Percent,1990,2023,-0.16183047506330833,-0.014906896612994443,-0.26954545062440255
1,All Population,1,Deaths,80,France,3,Both,27,Age-standardized,438,Prostate cancer,98,Tobacco,2,Percent,1990,2023,-0.39684421452305263,-0.22764755169974976,-0.5367869239369149
1,All Population,1,Deaths,80,France,3,Both,27,Age-standardized,441,Colon and rectum cancer,98,Tobacco,2,Percent,1990,2023,-0.13170989633857935,0.03809120781662233,-0.29175491121277874
1,All Population,1,Deaths,92,Spain,3,Both,27,Age-standardized,438,Prostate cancer,98,Tobacco,2,Percent,1990,2023,-0.3786327046942547,-0.2258255664563552,-0.5133586445661927
1,All Population,1,Deaths,92,Spain,3,Both,27,Age-standardized,441,Colon and rectum cancer,98,Tobacco,2,Percent,1990,2023,-0.12123317834058173,0.057064459543980726,-0.2731271843182142
1,All Population,1,Deaths,102,United States of America,3,Both,27,Age-standardized,471,Kidney cancer,98,Tobacco,2,Percent,1990,2023,-0.19106780634665335,-0.07782731414618205,-0.30706948902698117
1,All Population,1,Deaths,57,Belarus,3,Both,27,Age-standardized,474,Bladder cancer,98,Tobacco,2,Percent,1990,2023,0.027143284910767458,0.21225593822601496,-0.14203375571152066
1,All Population,1,Deaths,61,Republic of Moldova,3,Both,27,Age-standardized,438,Prostate cancer,98,Tobacco,2,Percent,1990,2023,0.06509872177270412,0.5909556380595364,-0.3108325464893112
1,All Population,1,Deaths,92,Spain,3,Both,27,Age-standardized,444,Lip and oral cavity cancer,98,Tobacco,2,Percent,1990,2023,-0.3444924230605179,-0.2504540542398193,-0.4312780688092196
1,All Population,1,Deaths,88,Malta,3,Both,27,Age-standardized,444,Lip and oral cavity cancer,98,Tobacco,2,Percent,1990,2023,-0.34811488432359566,-0.1581426333595126,-0.530081622988784
1,All Population,1,Deaths,88,Malta,3,Both,27,Age-standardized,447,Nasopharynx cancer,98,Tobacco,2,Percent,1990,2023,-0.33412278220595054,-0.1374006512836009,-0.5135669074168112
1,All Population,1,Deaths,61,Republic of Moldova,3,Both,27,Age-standardized,441,Colon and rectum cancer,98,Tobacco,2,Percent,1990,2023,0.318712700640172,0.7553307518381285,-0.08323240892384387
1,All Population,1,Deaths,61,Republic of Moldova,3,Both,27,Age-standardized,426,"Tracheal, bronchus, and lung cancer",98,Tobacco,2,Percent,1990,2023,0.023227450920833868,0.13598310416492496,-0.08391832456660438
1,All Population,1,Deaths,84,Ireland,3,Both,27,Age-standardized,417,Liver cancer,98,Tobacco,2,Percent,1990,2023,-0.38447979177731006,-0.25643091185810557,-0.5061069164300647
1,All Population,1,Deaths,55,Slovenia,3,Both,27,Age-standardized,471,Kidney cancer,98,Tobacco,2,Percent,1990,2023,-0.09503497408634862,0.20811706228022472,-0.34752520758325645
1,All Population,1,Deaths,94,Switzerland,3,Both,27,Age-standardized,414,Stomach cancer,98,Tobacco,2,Percent,1990,2023,-0.23335936571899274,-0.019931556675394754,-0.4032042680023832
1,All Population,1,Deaths,94,Switzerland,3,Both,27,Age-standardized,417,Liver cancer,98,Tobacco,2,Percent,1990,2023,-0.18774510003664835,-0.0008266833769071122,-0.3381562024965954
1,All Population,1,Deaths,94,Switzerland,3,Both,27,Age-standardized,429,Breast cancer,98,Tobacco,2,Percent,1990,2023,-0.30885614595012906,-0.18038209013723228,-0.40679666927268787
1,All Population,1,Deaths,61,Republic of Moldova,3,Both,27,Age-standardized,487,Leukemia,98,Tobacco,2,Percent,1990,2023,0.48155495037043206,1.0618677229126583,0.09784618224322984
1,All Population,1,Deaths,107,Barbados,3,Both,27,Age-standardized,411,Esophageal cancer,98,Tobacco,2,Percent,1990,2023,-0.0960456328584996,0.517063580790945,-0.4829320481473403
1,All Population,1,Deaths,69,Singapore,3,Both,27,Age-standardized,423,Larynx cancer,98,Tobacco,2,Percent,1990,2023,-0.13262440631837902,0.02980502655677119,-0.30230635557292984
1,All Population,1,Deaths,69,Singapore,3,Both,27,Age-standardized,447,Nasopharynx cancer,98,Tobacco,2,Percent,1990,2023,-0.16252793150056172,0.19058597209469627,-0.4305098821799439
1,All Population,1,Deaths,86,Italy,3,Both,27,Age-standardized,444,Lip and oral cavity cancer,98,Tobacco,2,Percent,1990,2023,-0.3649569340171279,-0.2635864394442044,-0.48293425501365217
1,All Population,1,Deaths,61,Republic of Moldova,3,Both,27,Age-standardized,456,Pancreatic cancer,98,Tobacco,2,Percent,1990,2023,0.17765194193106557,0.5661733281053672,-0.12165355121875307
1,All Population,1,Deaths,84,Ireland,3,Both,27,Age-standardized,429,Breast cancer,98,Tobacco,2,Percent,1990,2023,-0.4698040532450034,-0.36248059561442153,-0.548811258891789
1,All Population,1,Deaths,84,Ireland,3,Both,27,Age-standardized,471,Kidney cancer,98,Tobacco,2,Percent,1990,2023,-0.48853476209677577,-0.3555607206174882,-0.5866291844929421
1,All Population,1,Deaths,84,Ireland,3,Both,27,Age-standardized,474,Bladder cancer,98,Tobacco,2,Percent,1990,2023,-0.4894159980185698,-0.3884475194902788,-0.5775779388673424
1,All Population,1,Deaths,78,Denmark,3,Both,27,Age-standardized,438,Prostate cancer,98,Tobacco,2,Percent,1990,2023,-0.5076817657277116,-0.4131038930573354,-0.6312617016963725
1,All Population,1,Deaths,78,Denmark,3,Both,27,Age-standardized,441,Colon and rectum cancer,98,Tobacco,2,Percent,1990,2023,-0.46788368203768194,-0.3760806444067466,-0.5426528167579667
1,All Population,1,Deaths,78,Denmark,3,Both,27,Age-standardized,474,Bladder cancer,98,Tobacco,2,Percent,1990,2023,-0.40327402827201614,-0.316023836966018,-0.4908863202097502
1,All Population,1,Deaths,77,Cyprus,3,Both,27,Age-standardized,471,Kidney cancer,98,Tobacco,2,Percent,1990,2023,-0.17155227596589562,0.1373823754471375,-0.4328524560316014
1,All Population,1,Deaths,92,Spain,3,Both,27,Age-standardized,414,Stomach cancer,98,Tobacco,2,Percent,1990,2023,-0.23716021018646388,-0.098884426370896,-0.3562205368841085
1,All Population,1,Deaths,92,Spain,3,Both,27,Age-standardized,417,Liver cancer,98,Tobacco,2,Percent,1990,2023,-0.09995864738056767,0.03877831017715545,-0.2585782336920935
1,All Population,1,Deaths,105,Antigua and Barbuda,3,Both,27,Age-standardized,441,Colon and rectum cancer,98,Tobacco,2,Percent,1990,2023,0.034737746616828616,0.8191274635897172,-0.41414817679318433
1,All Population,1,Deaths,105,Antigua and Barbuda,3,Both,27,Age-standardized,444,Lip and oral cavity cancer,98,Tobacco,2,Percent,1990,2023,0.08174870624699315,0.6405156645324241,-0.3161241687827465
1,All Population,1,Deaths,92,Spain,3,Both,27,Age-standardized,429,Breast cancer,98,Tobacco,2,Percent,1990,2023,-0.32931707637018537,-0.20005875735066875,-0.4269564566112885
1,All Population,1,Deaths,107,Barbados,3,Both,27,Age-standardized,414,Stomach cancer,98,Tobacco,2,Percent,1990,2023,-0.19751724305256954,0.36060751480819153,-0.5676398224162212
1,All Population,1,Deaths,92,Spain,3,Both,27,Age-standardized,432,Cervical cancer,98,Tobacco,2,Percent,1990,2023,0.256813901040982,0.4992274252667452,0.06336112670416513
1,All Population,1,Deaths,92,Spain,3,Both,27,Age-standardized,471,Kidney cancer,98,Tobacco,2,Percent,1990,2023,-0.17314771834120218,-0.028553035577789144,-0.31185027078297856
1,All Population,1,Deaths,63,Ukraine,3,Both,27,Age-standardized,438,Prostate cancer,98,Tobacco,2,Percent,1990,2023,-0.12997978740407323,0.20849956176140366,-0.3780316598015677
1,All Population,1,Deaths,63,Ukraine,3,Both,27,Age-standardized,441,Colon and rectum cancer,98,Tobacco,2,Percent,1990,2023,0.019982118030668638,0.3680085931269924,-0.23845371913427255
1,All Population,1,Deaths,90,Norway,3,Both,27,Age-standardized,432,Cervical cancer,98,Tobacco,2,Percent,1990,2023,-0.3166427149988856,-0.0075079134634440286,-0.5258891468892638
1,All Population,1,Deaths,90,Norway,3,Both,27,Age-standardized,471,Kidney cancer,98,Tobacco,2,Percent,1990,2023,-0.49758941858154915,-0.3274547886330648,-0.6322644324515754
1,All Population,1,Deaths,107,Barbados,3,Both,27,Age-standardized,429,Breast cancer,98,Tobacco,2,Percent,1990,2023,-0.195881642823208,0.042000196630487326,-0.38911416565893653
1,All Population,1,Deaths,88,Malta,3,Both,27,Age-standardized,487,Leukemia,98,Tobacco,2,Percent,1990,2023,-0.24109859135627298,0.005990108439708202,-0.4877645885830024
1,All Population,1,Deaths,94,Switzerland,3,Both,27,Age-standardized,432,Cervical cancer,98,Tobacco,2,Percent,1990,2023,-0.08822046904849372,0.11058913161138334,-0.24384500330346154
1,All Population,1,Deaths,94,Switzerland,3,Both,27,Age-standardized,471,Kidney cancer,98,Tobacco,2,Percent,1990,2023,-0.20854975074836282,-0.03629022890561549,-0.35344026990812943
1,All Population,1,Deaths,53,Serbia,3,Both,27,Age-standardized,417,Liver cancer,98,Tobacco,2,Percent,1990,2023,-0.0643134216526021,0.3248018797097594,-0.3315220457687641
1,All Population,1,Deaths,98,Chile,3,Both,27,Age-standardized,411,Esophageal cancer,98,Tobacco,2,Percent,1990,2023,-0.26759201891253537,-0.05796745258467462,-0.4575325498278403
1,All Population,1,Deaths,86,Italy,3,Both,27,Age-standardized,447,Nasopharynx cancer,98,Tobacco,2,Percent,1990,2023,-0.3299016229077622,-0.1870885507355502,-0.4470930736915494
1,All Population,1,Deaths,98,Chile,3,Both,27,Age-standardized,426,"Tracheal, bronchus, and lung cancer",98,Tobacco,2,Percent,1990,2023,-0.22037874285164433,-0.12025814074114625,-0.32184353344538064
1,All Population,1,Deaths,107,Barbados,3,Both,27,Age-standardized,471,Kidney cancer,98,Tobacco,2,Percent,1990,2023,-0.14055024710405278,0.4421582823069887,-0.5297656374794282
1,All Population,1,Deaths,63,Ukraine,3,Both,27,Age-standardized,444,Lip and oral cavity cancer,98,Tobacco,2,Percent,1990,2023,-0.10851115173061508,0.06275724462251019,-0.27906426869133244
1,All Population,1,Deaths,98,Chile,3,Both,27,Age-standardized,456,Pancreatic cancer,98,Tobacco,2,Percent,1990,2023,-0.16574321707328615,0.1527815369339722,-0.43698446888704545
1,All Population,1,Deaths,90,Norway,3,Both,27,Age-standardized,474,Bladder cancer,98,Tobacco,2,Percent,1990,2023,-0.5197904236246909,-0.37268359124261735,-0.6252109128464692
1,All Population,1,Deaths,92,Spain,3,Both,27,Age-standardized,487,Leukemia,98,Tobacco,2,Percent,1990,2023,-0.0776092569945097,0.10252202258136078,-0.2543945854011967
1,All Population,1,Deaths,135,Brazil,3,Both,27,Age-standardized,411,Esophageal cancer,98,Tobacco,2,Percent,1990,2023,-0.40178287374532945,-0.2975739348444598,-0.4957686962165154
1,All Population,1,Deaths,135,Brazil,3,Both,27,Age-standardized,414,Stomach cancer,98,Tobacco,2,Percent,1990,2023,-0.47153962656467774,-0.35055564820474194,-0.5751532016128971
1,All Population,1,Deaths,135,Brazil,3,Both,27,Age-standardized,426,"Tracheal, bronchus, and lung cancer",98,Tobacco,2,Percent,1990,2023,-0.28067928865944797,-0.22480136325039665,-0.33674870608483365
1,All Population,1,Deaths,105,Antigua and Barbuda,3,Both,27,Age-standardized,411,Esophageal cancer,98,Tobacco,2,Percent,1990,2023,0.14589365988983094,0.7016434479641191,-0.2923532069742736
1,All Population,1,Deaths,86,Italy,3,Both,27,Age-standardized,487,Leukemia,98,Tobacco,2,Percent,1990,2023,-0.21091643212475414,-0.03881674299212328,-0.3825759645862026
1,All Population,1,Deaths,63,Ukraine,3,Both,27,Age-standardized,487,Leukemia,98,Tobacco,2,Percent,1990,2023,0.34488943448469883,0.7512101375902303,-0.016096853295461084
1,All Population,1,Deaths,69,Singapore,3,Both,27,Age-standardized,450,Other pharynx cancer,98,Tobacco,2,Percent,1990,2023,-0.12129445358280315,0.16795447920814927,-0.3650312813790126
1,All Population,1,Deaths,135,Brazil,3,Both,27,Age-standardized,429,Breast cancer,98,Tobacco,2,Percent,1990,2023,-0.4953777398320076,-0.41538056611182145,-0.5677607515519874
1,All Population,1,Deaths,80,France,3,Both,27,Age-standardized,414,Stomach cancer,98,Tobacco,2,Percent,1990,2023,-0.2540350304729996,-0.10021597358777923,-0.40006677790217315
1,All Population,1,Deaths,80,France,3,Both,27,Age-standardized,417,Liver cancer,98,Tobacco,2,Percent,1990,2023,-0.16781289591753587,-0.04032057017303254,-0.3008286655131604
1,All Population,1,Deaths,105,Antigua and Barbuda,3,Both,27,Age-standardized,426,"Tracheal, bronchus, and lung cancer",98,Tobacco,2,Percent,1990,2023,-0.048132292704966946,0.24572950116969489,-0.28377975506140624
1,All Population,1,Deaths,88,Malta,3,Both,27,Age-standardized,414,Stomach cancer,98,Tobacco,2,Percent,1990,2023,-0.36821747695263285,-0.10455322128566238,-0.575597966143642
1,All Population,1,Deaths,88,Malta,3,Both,27,Age-standardized,426,"Tracheal, bronchus, and lung cancer",98,Tobacco,2,Percent,1990,2023,-0.20956139425514472,-0.10679787540962288,-0.3247508875829156
1,All Population,1,Deaths,106,Bahamas,3,Both,27,Age-standardized,417,Liver cancer,98,Tobacco,2,Percent,1990,2023,-0.01032859525332196,0.553795710216211,-0.42317231602172806
1,All Population,1,Deaths,113,Guyana,3,Both,27,Age-standardized,411,Esophageal cancer,98,Tobacco,2,Percent,1990,2023,0.05831928180842451,0.5760623999563501,-0.31278334642939387
1,All Population,1,Deaths,113,Guyana,3,Both,27,Age-standardized,414,Stomach cancer,98,Tobacco,2,Percent,1990,2023,-0.06504805262483924,0.4794373925124294,-0.38502788514081565
1,All Population,1,Deaths,135,Brazil,3,Both,27,Age-standardized,471,Kidney cancer,98,Tobacco,2,Percent,1990,2023,-0.3918889385816866,-0.23782595585233945,-0.5214844587312032
1,All Population,1,Deaths,105,Antigua and Barbuda,3,Both,27,Age-standardized,456,Pancreatic cancer,98,Tobacco,2,Percent,1990,2023,0.14063407460602154,0.8681125459183148,-0.3527401038397841
1,All Population,1,Deaths,105,Antigua and Barbuda,3,Both,27,Age-standardized,471,Kidney cancer,98,Tobacco,2,Percent,1990,2023,-0.00659844652551805,0.6181092684485171,-0.387331344256327
1,All Population,1,Deaths,106,Bahamas,3,Both,27,Age-standardized,432,Cervical cancer,98,Tobacco,2,Percent,1990,2023,-0.13695802309896388,1.1022596035849928,-0.7038239544284945
1,All Population,1,Deaths,88,Malta,3,Both,27,Age-standardized,429,Breast cancer,98,Tobacco,2,Percent,1990,2023,-0.4360107904098363,-0.31445034567725644,-0.5419481502008349
1,All Population,1,Deaths,67,Japan,3,Both,27,Age-standardized,444,Lip and oral cavity cancer,98,Tobacco,2,Percent,1990,2023,-0.30124941091427354,-0.19607080898333495,-0.40414049381853134
1,All Population,1,Deaths,113,Guyana,3,Both,27,Age-standardized,429,Breast cancer,98,Tobacco,2,Percent,1990,2023,-0.020287298237916383,0.2003741989898991,-0.23272331687925438
1,All Population,1,Deaths,106,Bahamas,3,Both,27,Age-standardized,438,Prostate cancer,98,Tobacco,2,Percent,1990,2023,-0.16389965750388066,0.3126803362862159,-0.5142621103994253
1,All Population,1,Deaths,106,Bahamas,3,Both,27,Age-standardized,474,Bladder cancer,98,Tobacco,2,Percent,1990,2023,-0.1387768366366721,0.37356976778487394,-0.49079877271105504
1,All Population,1,Deaths,109,Cuba,3,Both,27,Age-standardized,411,Esophageal cancer,98,Tobacco,2,Percent,1990,2023,0.06698946585586824,0.49041746560388655,-0.27995420529457454
1,All Population,1,Deaths,113,Guyana,3,Both,27,Age-standardized,471,Kidney cancer,98,Tobacco,2,Percent,1990,2023,-0.12361604376218457,0.3618125130105943,-0.44018574304011615
1,All Population,1,Deaths,109,Cuba,3,Both,27,Age-standardized,414,Stomach cancer,98,Tobacco,2,Percent,1990,2023,-0.06083058372915639,0.5038642942959694,-0.4820258944429307
1,All Population,1,Deaths,67,Japan,3,Both,27,Age-standardized,487,Leukemia,98,Tobacco,2,Percent,1990,2023,0.014255140454223863,0.24644589954794685,-0.2147452344927739
1,All Population,1,Deaths,98,Chile,3,Both,27,Age-standardized,423,Larynx cancer,98,Tobacco,2,Percent,1990,2023,-0.14640916872207407,-0.06026373030772928,-0.2433366949824779
1,All Population,1,Deaths,98,Chile,3,Both,27,Age-standardized,447,Nasopharynx cancer,98,Tobacco,2,Percent,1990,2023,-0.27276787890047355,-0.038947286523397164,-0.452400458004944
1,All Population,1,Deaths,98,Chile,3,Both,27,Age-standardized,450,Other pharynx cancer,98,Tobacco,2,Percent,1990,2023,-0.20316370877704046,-0.04243418095788945,-0.343007041741343
1,All Population,1,Deaths,109,Cuba,3,Both,27,Age-standardized,429,Breast cancer,98,Tobacco,2,Percent,1990,2023,-0.13961188009563782,0.10786204486167271,-0.36625677836249737
1,All Population,1,Deaths,118,Suriname,3,Both,27,Age-standardized,423,Larynx cancer,98,Tobacco,2,Percent,1990,2023,-0.09874069329512075,0.04721028022473294,-0.24346861803645664
1,All Population,1,Deaths,109,Cuba,3,Both,27,Age-standardized,471,Kidney cancer,98,Tobacco,2,Percent,1990,2023,0.016421475556617455,0.5987725546299243,-0.4266571048498515
1,All Population,1,Deaths,53,Serbia,3,Both,27,Age-standardized,429,Breast cancer,98,Tobacco,2,Percent,1990,2023,-0.12131445129204593,0.09190092232828115,-0.2779521480575983
1,All Population,1,Deaths,94,Switzerland,3,Both,27,Age-standardized,474,Bladder cancer,98,Tobacco,2,Percent,1990,2023,-0.21507494953295997,-0.04252343426668858,-0.36098842257994307
1,All Population,1,Deaths,119,Trinidad and Tobago,3,Both,27,Age-standardized,411,Esophageal cancer,98,Tobacco,2,Percent,1990,2023,-0.09567127546912389,0.35337875029382404,-0.41904131389134125
1,All Population,1,Deaths,147,Libya,3,Both,27,Age-standardized,474,Bladder cancer,98,Tobacco,2,Percent,1990,2023,0.061938112575410625,0.4603475713058779,-0.25320846057927127
1,All Population,1,Deaths,143,Iraq,3,Both,27,Age-standardized,432,Cervical cancer,98,Tobacco,2,Percent,1990,2023,-0.16812546711907433,0.5755494079297312,-0.5687926149203619
1,All Population,1,Deaths,143,Iraq,3,Both,27,Age-standardized,438,Prostate cancer,98,Tobacco,2,Percent,1990,2023,-0.022418417602784683,0.3149593859352743,-0.3185066859457638
1,All Population,1,Deaths,143,Iraq,3,Both,27,Age-standardized,441,Colon and rectum cancer,98,Tobacco,2,Percent,1990,2023,-0.06441569243966837,0.4029832491965878,-0.407775940009055
1,All Population,1,Deaths,88,Malta,3,Both,27,Age-standardized,471,Kidney cancer,98,Tobacco,2,Percent,1990,2023,-0.27393307640388775,-0.0008305888709787745,-0.507611334020129
1,All Population,1,Deaths,88,Malta,3,Both,27,Age-standardized,474,Bladder cancer,98,Tobacco,2,Percent,1990,2023,-0.3595254437234467,-0.13880393381417336,-0.5548477535797245
1,All Population,1,Deaths,147,Libya,3,Both,27,Age-standardized,447,Nasopharynx cancer,98,Tobacco,2,Percent,1990,2023,-0.021875578069957907,0.4646944993194546,-0.3509390649015421
1,All Population,1,Deaths,147,Libya,3,Both,27,Age-standardized,487,Leukemia,98,Tobacco,2,Percent,1990,2023,-0.009288154337534407,0.7612721902735566,-0.41449371675194546
1,All Population,1,Deaths,139,Algeria,3,Both,27,Age-standardized,444,Lip and oral cavity cancer,98,Tobacco,2,Percent,1990,2023,-0.18912800209660105,0.10622109216915625,-0.47644533449901366
1,All Population,1,Deaths,139,Algeria,3,Both,27,Age-standardized,447,Nasopharynx cancer,98,Tobacco,2,Percent,1990,2023,-0.16158598911395616,0.2494586081484522,-0.4321903400202828
1,All Population,1,Deaths,125,Colombia,3,Both,27,Age-standardized,441,Colon and rectum cancer,98,Tobacco,2,Percent,1990,2023,-0.39361943814774325,-0.06915873372468856,-0.6213652216723589
1,All Population,1,Deaths,125,Colombia,3,Both,27,Age-standardized,444,Lip and oral cavity cancer,98,Tobacco,2,Percent,1990,2023,-0.4516357238934193,-0.20722302124401346,-0.6483429384454145
1,All Population,1,Deaths,125,Colombia,3,Both,27,Age-standardized,487,Leukemia,98,Tobacco,2,Percent,1990,2023,-0.43999538786712244,-0.06766182391438559,-0.6881850224542543
1,All Population,1,Deaths,92,Spain,3,Both,27,Age-standardized,474,Bladder cancer,98,Tobacco,2,Percent,1990,2023,-0.25874952806106194,-0.16156253083338076,-0.34966315240576556
1,All Population,1,Deaths,139,Algeria,3,Both,27,Age-standardized,411,Esophageal cancer,98,Tobacco,2,Percent,1990,2023,-0.1255108706868911,0.34160047543789007,-0.41516309420325553
1,All Population,1,Deaths,143,Iraq,3,Both,27,Age-standardized,423,Larynx cancer,98,Tobacco,2,Percent,1990,2023,0.013277784546468097,0.23268196447020714,-0.16151553670736588
1,All Population,1,Deaths,139,Algeria,3,Both,27,Age-standardized,414,Stomach cancer,98,Tobacco,2,Percent,1990,2023,-0.17887069039613387,0.26526433669921984,-0.5018221582946488
1,All Population,1,Deaths,139,Algeria,3,Both,27,Age-standardized,426,"Tracheal, bronchus, and lung cancer",98,Tobacco,2,Percent,1990,2023,-0.10819958515322367,0.04499060616075646,-0.23932462391633172
1,All Population,1,Deaths,118,Suriname,3,Both,27,Age-standardized,432,Cervical cancer,98,Tobacco,2,Percent,1990,2023,-0.2961607477284866,0.7585946501379055,-0.7456686801517591
1,All Population,1,Deaths,139,Algeria,3,Both,27,Age-standardized,487,Leukemia,98,Tobacco,2,Percent,1990,2023,-0.03254401121471641,0.4970644209973327,-0.4111115187240306
1,All Population,1,Deaths,90,Norway,3,Both,27,Age-standardized,411,Esophageal cancer,98,Tobacco,2,Percent,1990,2023,-0.3791113383469661,-0.21050859861518267,-0.5016227219912155
1,All Population,1,Deaths,143,Iraq,3,Both,27,Age-standardized,426,"Tracheal, bronchus, and lung cancer",98,Tobacco,2,Percent,1990,2023,-0.07158822738027087,0.04764305514386176,-0.17278338668061996
1,All Population,1,Deaths,143,Iraq,3,Both,27,Age-standardized,450,Other pharynx cancer,98,Tobacco,2,Percent,1990,2023,-0.09027184727558357,0.26331862263729505,-0.32856425624792573
1,All Population,1,Deaths,69,Singapore,3,Both,27,Age-standardized,414,Stomach cancer,98,Tobacco,2,Percent,1990,2023,-0.29282918615607045,0.09041505986319143,-0.5735015093339676
1,All Population,1,Deaths,69,Singapore,3,Both,27,Age-standardized,417,Liver cancer,98,Tobacco,2,Percent,1990,2023,-0.20413292154691015,0.13900589969753405,-0.48448414897472997
1,All Population,1,Deaths,143,Iraq,3,Both,27,Age-standardized,456,Pancreatic cancer,98,Tobacco,2,Percent,1990,2023,-0.09165723365873475,0.35521923069203465,-0.385886933039342
1,All Population,1,Deaths,69,Singapore,3,Both,27,Age-standardized,429,Breast cancer,98,Tobacco,2,Percent,1990,2023,-0.35207113882528696,-0.15282897314640176,-0.499000400667772
1,All Population,1,Deaths,101,Canada,3,Both,27,Age-standardized,411,Esophageal cancer,98,Tobacco,2,Percent,1990,2023,-0.21236859488743898,-0.0963235000649755,-0.3292734506067952
1,All Population,1,Deaths,145,Kuwait,3,Both,27,Age-standardized,411,Esophageal cancer,98,Tobacco,2,Percent,1990,2023,-0.08540010827385565,0.2737634250301157,-0.36159666220541586
1,All Population,1,Deaths,145,Kuwait,3,Both,27,Age-standardized,414,Stomach cancer,98,Tobacco,2,Percent,1990,2023,-0.29704916496283007,0.1041935545278854,-0.5749430674807684
1,All Population,1,Deaths,79,Finland,3,Both,27,Age-standardized,411,Esophageal cancer,98,Tobacco,2,Percent,1990,2023,-0.08894799074730302,0.15883560443802508,-0.26571208314101513
1,All Population,1,Deaths,101,Canada,3,Both,27,Age-standardized,414,Stomach cancer,98,Tobacco,2,Percent,1990,2023,-0.316665149911316,-0.15505270393149395,-0.46827682516066504
1,All Population,1,Deaths,101,Canada,3,Both,27,Age-standardized,426,"Tracheal, bronchus, and lung cancer",98,Tobacco,2,Percent,1990,2023,-0.20208272331370705,-0.14411059732494996,-0.26674480183941285
1,All Population,1,Deaths,113,Guyana,3,Both,27,Age-standardized,423,Larynx cancer,98,Tobacco,2,Percent,1990,2023,0.00294793077298972,0.1793784000042842,-0.16311886853075838
1,All Population,1,Deaths,113,Guyana,3,Both,27,Age-standardized,426,"Tracheal, bronchus, and lung cancer",98,Tobacco,2,Percent,1990,2023,-0.16119954821909468,0.11382431406866375,-0.3657958637432618
1,All Population,1,Deaths,113,Guyana,3,Both,27,Age-standardized,450,Other pharynx cancer,98,Tobacco,2,Percent,1990,2023,0.05980681914523496,0.4626640220558177,-0.23001304748905432
1,All Population,1,Deaths,111,Dominican Republic,3,Both,27,Age-standardized,423,Larynx cancer,98,Tobacco,2,Percent,1990,2023,-0.23183810001147234,-0.10498204899047871,-0.3453983263218374
1,All Population,1,Deaths,69,Singapore,3,Both,27,Age-standardized,432,Cervical cancer,98,Tobacco,2,Percent,1990,2023,-0.30190833248106225,0.5931269130138099,-0.6985388366277088
1,All Population,1,Deaths,69,Singapore,3,Both,27,Age-standardized,471,Kidney cancer,98,Tobacco,2,Percent,1990,2023,-0.2151506638454138,0.17722897544631544,-0.49997175853857145
1,All Population,1,Deaths,80,France,3,Both,27,Age-standardized,411,Esophageal cancer,98,Tobacco,2,Percent,1990,2023,-0.3031200288369437,-0.20277508356800358,-0.3959259790964139
1,All Population,1,Deaths,80,France,3,Both,27,Age-standardized,426,"Tracheal, bronchus, and lung cancer",98,Tobacco,2,Percent,1990,2023,-0.16508288622452683,-0.11405034284547128,-0.21970163578516827
1,All Population,1,Deaths,145,Kuwait,3,Both,27,Age-standardized,441,Colon and rectum cancer,98,Tobacco,2,Percent,1990,2023,-0.28955595498281445,0.18631587791278245,-0.5797758829843587
1,All Population,1,Deaths,69,Singapore,3,Both,27,Age-standardized,474,Bladder cancer,98,Tobacco,2,Percent,1990,2023,-0.29910391090741406,0.026509078103891102,-0.5659505021108522
1,All Population,1,Deaths,101,Canada,3,Both,27,Age-standardized,429,Breast cancer,98,Tobacco,2,Percent,1990,2023,-0.428022460005244,-0.3199490700337554,-0.5230717999490475
1,All Population,1,Deaths,86,Italy,3,Both,27,Age-standardized,432,Cervical cancer,98,Tobacco,2,Percent,1990,2023,-0.23175838338273708,0.04851020081214292,-0.4888104754656716
1,All Population,1,Deaths,86,Italy,3,Both,27,Age-standardized,438,Prostate cancer,98,Tobacco,2,Percent,1990,2023,-0.48734449513233236,-0.367932872368096,-0.6133105366927282
1,All Population,1,Deaths,145,Kuwait,3,Both,27,Age-standardized,444,Lip and oral cavity cancer,98,Tobacco,2,Percent,1990,2023,-0.3901046063244164,-0.07308307731004657,-0.6338700328774121
1,All Population,1,Deaths,79,Finland,3,Both,27,Age-standardized,426,"Tracheal, bronchus, and lung cancer",98,Tobacco,2,Percent,1990,2023,-0.22999873807707819,-0.13805102355942223,-0.3200080377367847
1,All Population,1,Deaths,122,Ecuador,3,Both,27,Age-standardized,444,Lip and oral cavity cancer,98,Tobacco,2,Percent,1990,2023,-0.5270807121029341,-0.2906529478428215,-0.7046841364730718
1,All Population,1,Deaths,122,Ecuador,3,Both,27,Age-standardized,447,Nasopharynx cancer,98,Tobacco,2,Percent,1990,2023,-0.423998481719268,-0.1139922391964368,-0.6348588783158006
1,All Population,1,Deaths,113,Guyana,3,Both,27,Age-standardized,456,Pancreatic cancer,98,Tobacco,2,Percent,1990,2023,-0.007842774723910052,0.5606335305974013,-0.40381698033615143
1,All Population,1,Deaths,105,Antigua and Barbuda,3,Both,27,Age-standardized,423,Larynx cancer,98,Tobacco,2,Percent,1990,2023,0.02693795390993725,0.19721544204586766,-0.14126908999289017
1,All Population,1,Deaths,122,Ecuador,3,Both,27,Age-standardized,487,Leukemia,98,Tobacco,2,Percent,1990,2023,-0.5663446648255986,-0.3281322309611669,-0.7322052773284633
1,All Population,1,Deaths,116,Saint Lucia,3,Both,27,Age-standardized,423,Larynx cancer,98,Tobacco,2,Percent,1990,2023,-0.019871709364523864,0.1617859719602999,-0.18892361810927888
1,All Population,1,Deaths,118,Suriname,3,Both,27,Age-standardized,426,"Tracheal, bronchus, and lung cancer",98,Tobacco,2,Percent,1990,2023,-0.19010948665279626,0.006446516743643569,-0.3787332396136584
1,All Population,1,Deaths,118,Suriname,3,Both,27,Age-standardized,450,Other pharynx cancer,98,Tobacco,2,Percent,1990,2023,-0.18923214406815184,0.11910723025390581,-0.4630270431345047
1,All Population,1,Deaths,116,Saint Lucia,3,Both,27,Age-standardized,426,"Tracheal, bronchus, and lung cancer",98,Tobacco,2,Percent,1990,2023,-0.11932773324316363,0.14993262481009875,-0.3263135856624922
1,All Population,1,Deaths,105,Antigua and Barbuda,3,Both,27,Age-standardized,447,Nasopharynx cancer,98,Tobacco,2,Percent,1990,2023,0.10476988500910003,0.8511972725963053,-0.32959437962537047
1,All Population,1,Deaths,105,Antigua and Barbuda,3,Both,27,Age-standardized,450,Other pharynx cancer,98,Tobacco,2,Percent,1990,2023,0.08386759442689877,0.49639706440302045,-0.24481605126740463
1,All Population,1,Deaths,135,Brazil,3,Both,27,Age-standardized,444,Lip and oral cavity cancer,98,Tobacco,2,Percent,1990,2023,-0.4375162281750369,-0.33383647473555766,-0.5399793385749345
1,All Population,1,Deaths,145,Kuwait,3,Both,27,Age-standardized,487,Leukemia,98,Tobacco,2,Percent,1990,2023,-0.15546458813972114,0.21731066827709392,-0.46421652787011786
1,All Population,1,Deaths,111,Dominican Republic,3,Both,27,Age-standardized,447,Nasopharynx cancer,98,Tobacco,2,Percent,1990,2023,-0.47173190758807143,-0.20700860141043426,-0.6479009602040247
1,All Population,1,Deaths,111,Dominican Republic,3,Both,27,Age-standardized,450,Other pharynx cancer,98,Tobacco,2,Percent,1990,2023,-0.3518084628145135,-0.13659876496946088,-0.5256070026698053
1,All Population,1,Deaths,92,Spain,3,Both,27,Age-standardized,411,Esophageal cancer,98,Tobacco,2,Percent,1990,2023,-0.18546419971953945,-0.0989927867332181,-0.2727858603658708
1,All Population,1,Deaths,92,Spain,3,Both,27,Age-standardized,426,"Tracheal, bronchus, and lung cancer",98,Tobacco,2,Percent,1990,2023,-0.14996770527036687,-0.10871530679921226,-0.1905220210631631
1,All Population,1,Deaths,110,Dominica,3,Both,27,Age-standardized,414,Stomach cancer,98,Tobacco,2,Percent,1990,2023,0.07946442206768033,0.8328842668159415,-0.405801734081748
1,All Population,1,Deaths,110,Dominica,3,Both,27,Age-standardized,417,Liver cancer,98,Tobacco,2,Percent,1990,2023,0.16731152798658216,0.8297677567569621,-0.29242095189127615
1,All Population,1,Deaths,118,Suriname,3,Both,27,Age-standardized,456,Pancreatic cancer,98,Tobacco,2,Percent,1990,2023,-0.2624704600148182,0.21563872942155712,-0.5801442266339032
1,All Population,1,Deaths,105,Antigua and Barbuda,3,Both,27,Age-standardized,487,Leukemia,98,Tobacco,2,Percent,1990,2023,-0.03258506268218692,0.694751438955981,-0.451300811750993
1,All Population,1,Deaths,86,Italy,3,Both,27,Age-standardized,441,Colon and rectum cancer,98,Tobacco,2,Percent,1990,2023,-0.3596017817887027,-0.2289738808262866,-0.48921856915669926
1,All Population,1,Deaths,110,Dominica,3,Both,27,Age-standardized,429,Breast cancer,98,Tobacco,2,Percent,1990,2023,0.07805595690738437,0.4124807866824532,-0.19019159702747856
1,All Population,1,Deaths,116,Saint Lucia,3,Both,27,Age-standardized,417,Liver cancer,98,Tobacco,2,Percent,1990,2023,-0.02674654670733833,0.4530121202190722,-0.3984462860649751
1,All Population,1,Deaths,121,Bolivia (Plurinational State of),3,Both,27,Age-standardized,417,Liver cancer,98,Tobacco,2,Percent,1990,2023,0.06227505424864914,0.8554151017176173,-0.42188165075557876
1,All Population,1,Deaths,145,Kuwait,3,Both,27,Age-standardized,426,"Tracheal, bronchus, and lung cancer",98,Tobacco,2,Percent,1990,2023,-0.18445093023275608,-0.005846892757394317,-0.3537099940469475
1,All Population,1,Deaths,82,Greece,3,Both,27,Age-standardized,411,Esophageal cancer,98,Tobacco,2,Percent,1990,2023,-0.04266461709623836,0.09526056087581113,-0.16343209862779645
1,All Population,1,Deaths,82,Greece,3,Both,27,Age-standardized,426,"Tracheal, bronchus, and lung cancer",98,Tobacco,2,Percent,1990,2023,-0.04584739162245921,0.009869591856183276,-0.09295447421397071
1,All Population,1,Deaths,57,Belarus,3,Both,27,Age-standardized,423,Larynx cancer,98,Tobacco,2,Percent,1990,2023,-0.007785381277279835,0.042461379943815006,-0.04883965704647644
1,All Population,1,Deaths,57,Belarus,3,Both,27,Age-standardized,426,"Tracheal, bronchus, and lung cancer",98,Tobacco,2,Percent,1990,2023,0.0015502060986082508,0.07509116516258454,-0.064634007885087
1,All Population,1,Deaths,145,Kuwait,3,Both,27,Age-standardized,429,Breast cancer,98,Tobacco,2,Percent,1990,2023,-0.23056560764151926,-0.07400721775477634,-0.35375003478665834
1,All Population,1,Deaths,145,Kuwait,3,Both,27,Age-standardized,456,Pancreatic cancer,98,Tobacco,2,Percent,1990,2023,-0.3018923501383489,0.10650957818762888,-0.5939651391625541
1,All Population,1,Deaths,82,Greece,3,Both,27,Age-standardized,456,Pancreatic cancer,98,Tobacco,2,Percent,1990,2023,-0.043513024872038404,0.16072542798235073,-0.18500019154262942
1,All Population,1,Deaths,133,Venezuela (Bolivarian Republic of),3,Both,27,Age-standardized,423,Larynx cancer,98,Tobacco,2,Percent,1990,2023,-0.1942185391513667,0.023056923290716822,-0.3790798062300125
1,All Population,1,Deaths,145,Kuwait,3,Both,27,Age-standardized,471,Kidney cancer,98,Tobacco,2,Percent,1990,2023,-0.1870919502032883,0.30158638853867054,-0.5000360200456565
1,All Population,1,Deaths,133,Venezuela (Bolivarian Republic of),3,Both,27,Age-standardized,450,Other pharynx cancer,98,Tobacco,2,Percent,1990,2023,-0.3343121741416419,-0.04558047903129911,-0.5847949443281699
1,All Population,1,Deaths,111,Dominican Republic,3,Both,27,Age-standardized,411,Esophageal cancer,98,Tobacco,2,Percent,1990,2023,-0.4628401227993687,-0.24136830590046868,-0.6357030572226515
1,All Population,1,Deaths,111,Dominican Republic,3,Both,27,Age-standardized,414,Stomach cancer,98,Tobacco,2,Percent,1990,2023,-0.5123630996337075,-0.25312081025967903,-0.701270181561179
1,All Population,1,Deaths,111,Dominican Republic,3,Both,27,Age-standardized,426,"Tracheal, bronchus, and lung cancer",98,Tobacco,2,Percent,1990,2023,-0.29987978577452534,-0.14524341485202172,-0.4234047666559224
1,All Population,1,Deaths,92,Spain,3,Both,27,Age-standardized,456,Pancreatic cancer,98,Tobacco,2,Percent,1990,2023,-0.18509910278452743,-0.05057309853920232,-0.2888414660676454
1,All Population,1,Deaths,84,Ireland,3,Both,27,Age-standardized,444,Lip and oral cavity cancer,98,Tobacco,2,Percent,1990,2023,-0.46150321968892005,-0.35804840092947365,-0.5467182066774141
1,All Population,1,Deaths,117,Saint Vincent and the Grenadines,3,Both,27,Age-standardized,411,Esophageal cancer,98,Tobacco,2,Percent,1990,2023,-0.16881166906577005,0.21747642410700346,-0.46252323204684676
1,All Population,1,Deaths,111,Dominican Republic,3,Both,27,Age-standardized,429,Breast cancer,98,Tobacco,2,Percent,1990,2023,-0.3235616973506433,-0.12793914064212283,-0.49658585977485603
1,All Population,1,Deaths,84,Ireland,3,Both,27,Age-standardized,447,Nasopharynx cancer,98,Tobacco,2,Percent,1990,2023,-0.49875667775304044,-0.3875561545415068,-0.5988775154454586
1,All Population,1,Deaths,84,Ireland,3,Both,27,Age-standardized,487,Leukemia,98,Tobacco,2,Percent,1990,2023,-0.4402685578079134,-0.2801395900025474,-0.5945909510662771
1,All Population,1,Deaths,123,Peru,3,Both,27,Age-standardized,423,Larynx cancer,98,Tobacco,2,Percent,1990,2023,-0.1470651339164681,0.155727665045955,-0.39633924052300407
1,All Population,1,Deaths,116,Saint Lucia,3,Both,27,Age-standardized,432,Cervical cancer,98,Tobacco,2,Percent,1990,2023,-0.21459532371775078,0.8572187848468623,-0.7094122753011707
1,All Population,1,Deaths,57,Belarus,3,Both,27,Age-standardized,450,Other pharynx cancer,98,Tobacco,2,Percent,1990,2023,0.006453145423409018,0.13168641359765573,-0.09457266984191928
1,All Population,1,Deaths,121,Bolivia (Plurinational State of),3,Both,27,Age-standardized,432,Cervical cancer,98,Tobacco,2,Percent,1990,2023,-0.17516745656993066,1.580835121631976,-0.7450057523287541
1,All Population,1,Deaths,121,Bolivia (Plurinational State of),3,Both,27,Age-standardized,438,Prostate cancer,98,Tobacco,2,Percent,1990,2023,-0.0745961447761491,0.490572532696956,-0.43654848898059323
1,All Population,1,Deaths,121,Bolivia (Plurinational State of),3,Both,27,Age-standardized,441,Colon and rectum cancer,98,Tobacco,2,Percent,1990,2023,0.0663338379136048,1.028574201738688,-0.4571850005279125
1,All Population,1,Deaths,121,Bolivia (Plurinational State of),3,Both,27,Age-standardized,474,Bladder cancer,98,Tobacco,2,Percent,1990,2023,-0.013140144313808028,0.7236300357227775,-0.4513749948979521
1,All Population,1,Deaths,141,Egypt,3,Both,27,Age-standardized,414,Stomach cancer,98,Tobacco,2,Percent,1990,2023,0.05714411618124983,0.889019284471383,-0.3582947056464023
1,All Population,1,Deaths,141,Egypt,3,Both,27,Age-standardized,417,Liver cancer,98,Tobacco,2,Percent,1990,2023,0.2519745342771865,1.0975897121342397,-0.21332976846914756
1,All Population,1,Deaths,117,Saint Vincent and the Grenadines,3,Both,27,Age-standardized,414,Stomach cancer,98,Tobacco,2,Percent,1990,2023,-0.1821340931798776,0.27537674191250494,-0.5048550016033232
1,All Population,1,Deaths,117,Saint Vincent and the Grenadines,3,Both,27,Age-standardized,417,Liver cancer,98,Tobacco,2,Percent,1990,2023,-0.048872650329703185,0.41614802697606673,-0.3958936286924903
1,All Population,1,Deaths,80,France,3,Both,27,Age-standardized,429,Breast cancer,98,Tobacco,2,Percent,1990,2023,-0.21468036716104086,-0.052412283366839424,-0.31404573699937877
1,All Population,1,Deaths,135,Brazil,3,Both,27,Age-standardized,447,Nasopharynx cancer,98,Tobacco,2,Percent,1990,2023,-0.4710051175011481,-0.34743062834946215,-0.586328586500674
1,All Population,1,Deaths,107,Barbados,3,Both,27,Age-standardized,423,Larynx cancer,98,Tobacco,2,Percent,1990,2023,-0.0959026077632295,0.16527499262971126,-0.3219261677545717
1,All Population,1,Deaths,107,Barbados,3,Both,27,Age-standardized,426,"Tracheal, bronchus, and lung cancer",98,Tobacco,2,Percent,1990,2023,-0.22404008665655722,0.06481052420764404,-0.4576643478790999
1,All Population,1,Deaths,141,Egypt,3,Both,27,Age-standardized,429,Breast cancer,98,Tobacco,2,Percent,1990,2023,-0.0029803090112426045,0.15914566695274734,-0.14366845274110224
1,All Population,1,Deaths,119,Trinidad and Tobago,3,Both,27,Age-standardized,414,Stomach cancer,98,Tobacco,2,Percent,1990,2023,-0.16723241768507877,0.3498767996721801,-0.5324149676922274
1,All Population,1,Deaths,119,Trinidad and Tobago,3,Both,27,Age-standardized,417,Liver cancer,98,Tobacco,2,Percent,1990,2023,-0.05699718483875936,0.5101312592805322,-0.4405562336589387
1,All Population,1,Deaths,80,France,3,Both,27,Age-standardized,432,Cervical cancer,98,Tobacco,2,Percent,1990,2023,0.0987776426248128,0.4082372840403645,-0.07923296957571793
1,All Population,1,Deaths,80,France,3,Both,27,Age-standardized,471,Kidney cancer,98,Tobacco,2,Percent,1990,2023,-0.27343792622294555,-0.11805770748109312,-0.4160780233547695
1,All Population,1,Deaths,80,France,3,Both,27,Age-standardized,474,Bladder cancer,98,Tobacco,2,Percent,1990,2023,-0.29857455568767516,-0.18231365733496407,-0.41420717651116656
1,All Population,1,Deaths,116,Saint Lucia,3,Both,27,Age-standardized,438,Prostate cancer,98,Tobacco,2,Percent,1990,2023,-0.1859553037992416,0.2929899054485727,-0.5256933624515044
1,All Population,1,Deaths,116,Saint Lucia,3,Both,27,Age-standardized,441,Colon and rectum cancer,98,Tobacco,2,Percent,1990,2023,-0.06645450108009845,0.5209298262661495,-0.4404737545691876
1,All Population,1,Deaths,90,Norway,3,Both,27,Age-standardized,426,"Tracheal, bronchus, and lung cancer",98,Tobacco,2,Percent,1990,2023,-0.29445209082778406,-0.20204887603245647,-0.38041942959244096
1,All Population,1,Deaths,135,Brazil,3,Both,27,Age-standardized,487,Leukemia,98,Tobacco,2,Percent,1990,2023,-0.3186651606881359,-0.14479188387385755,-0.4624834175812599
1,All Population,1,Deaths,141,Egypt,3,Both,27,Age-standardized,432,Cervical cancer,98,Tobacco,2,Percent,1990,2023,-0.17515038037117864,2.150874333311945,-0.8074423610184823
1,All Population,1,Deaths,141,Egypt,3,Both,27,Age-standardized,438,Prostate cancer,98,Tobacco,2,Percent,1990,2023,-0.021624873023931665,0.4333023703512566,-0.3244911286638309
1,All Population,1,Deaths,141,Egypt,3,Both,27,Age-standardized,474,Bladder cancer,98,Tobacco,2,Percent,1990,2023,0.058199470434932205,0.3314860466093346,-0.1757313412209121
1,All Population,1,Deaths,109,Cuba,3,Both,27,Age-standardized,444,Lip and oral cavity cancer,98,Tobacco,2,Percent,1990,2023,0.00036777490089095224,0.39829237131092865,-0.3436435958815498
1,All Population,1,Deaths,57,Belarus,3,Both,27,Age-standardized,456,Pancreatic cancer,98,Tobacco,2,Percent,1990,2023,0.09683391647761357,0.4011820282909807,-0.12661380569227015
1,All Population,1,Deaths,79,Finland,3,Both,27,Age-standardized,456,Pancreatic cancer,98,Tobacco,2,Percent,1990,2023,-0.18013784586221682,0.059588003496222494,-0.3451855423054751
1,All Population,1,Deaths,117,Saint Vincent and the Grenadines,3,Both,27,Age-standardized,444,Lip and oral cavity cancer,98,Tobacco,2,Percent,1990,2023,-0.16770966738928528,0.24157659668486842,-0.48686408848681745
1,All Population,1,Deaths,139,Algeria,3,Both,27,Age-standardized,429,Breast cancer,98,Tobacco,2,Percent,1990,2023,-0.07184719201430045,0.08300168433591296,-0.21066784548446518
1,All Population,1,Deaths,111,Dominican Republic,3,Both,27,Age-standardized,456,Pancreatic cancer,98,Tobacco,2,Percent,1990,2023,-0.4422676305242278,-0.13670619227623687,-0.6357696672114026
1,All Population,1,Deaths,111,Dominican Republic,3,Both,27,Age-standardized,471,Kidney cancer,98,Tobacco,2,Percent,1990,2023,-0.49221316631306433,-0.22150828839437822,-0.6899504659610174
1,All Population,1,Deaths,109,Cuba,3,Both,27,Age-standardized,447,Nasopharynx cancer,98,Tobacco,2,Percent,1990,2023,0.07046349876558321,0.6044396964574622,-0.34667841512774367
1,All Population,1,Deaths,109,Cuba,3,Both,27,Age-standardized,487,Leukemia,98,Tobacco,2,Percent,1990,2023,0.2181048133905403,1.0233853296529007,-0.32466655848911397
1,All Population,1,Deaths,101,Canada,3,Both,27,Age-standardized,444,Lip and oral cavity cancer,98,Tobacco,2,Percent,1990,2023,-0.3234235631401792,-0.20212269241256076,-0.4430597089311409
1,All Population,1,Deaths,101,Canada,3,Both,27,Age-standardized,447,Nasopharynx cancer,98,Tobacco,2,Percent,1990,2023,-0.30754705225896134,-0.14358091942732637,-0.44129196704684726
1,All Population,1,Deaths,117,Saint Vincent and the Grenadines,3,Both,27,Age-standardized,447,Nasopharynx cancer,98,Tobacco,2,Percent,1990,2023,-0.17856665778562242,0.27591920068081965,-0.49503478276715984
1,All Population,1,Deaths,117,Saint Vincent and the Grenadines,3,Both,27,Age-standardized,487,Leukemia,98,Tobacco,2,Percent,1990,2023,-0.2759912369642781,0.17079738788846383,-0.5854973932774604
1,All Population,1,Deaths,84,Ireland,3,Both,27,Age-standardized,432,Cervical cancer,98,Tobacco,2,Percent,1990,2023,-0.3446423503243769,-0.16057029970001616,-0.5209620464812136
1,All Population,1,Deaths,84,Ireland,3,Both,27,Age-standardized,438,Prostate cancer,98,Tobacco,2,Percent,1990,2023,-0.6221821421338072,-0.49996514538710873,-0.7399728262969804
1,All Population,1,Deaths,90,Norway,3,Both,27,Age-standardized,456,Pancreatic cancer,98,Tobacco,2,Percent,1990,2023,-0.44453811596357606,-0.23890344888169868,-0.5855788022302704
1,All Population,1,Deaths,139,Algeria,3,Both,27,Age-standardized,471,Kidney cancer,98,Tobacco,2,Percent,1990,2023,-0.19241458137765777,0.3413175458479021,-0.5236837442195952
1,All Population,1,Deaths,101,Canada,3,Both,27,Age-standardized,417,Liver cancer,98,Tobacco,2,Percent,1990,2023,-0.2477793726585578,-0.0964837841356464,-0.402671134078152
1,All Population,1,Deaths,113,Guyana,3,Both,27,Age-standardized,444,Lip and oral cavity cancer,98,Tobacco,2,Percent,1990,2023,0.04097869181624793,0.5257542620550731,-0.3160993730340292
1,All Population,1,Deaths,116,Saint Lucia,3,Both,27,Age-standardized,474,Bladder cancer,98,Tobacco,2,Percent,1990,2023,-0.07532316053042196,0.4119038754404948,-0.4381582995356907
1,All Population,1,Deaths,84,Ireland,3,Both,27,Age-standardized,423,Larynx cancer,98,Tobacco,2,Percent,1990,2023,-0.21129092029153185,-0.1456688091451231,-0.2875201865649671
1,All Population,1,Deaths,88,Malta,3,Both,27,Age-standardized,417,Liver cancer,98,Tobacco,2,Percent,1990,2023,-0.23771048824246216,0.01566439987358993,-0.47288153088867124
1,All Population,1,Deaths,101,Canada,3,Both,27,Age-standardized,432,Cervical cancer,98,Tobacco,2,Percent,1990,2023,-0.21725884237884396,-0.03026188699606073,-0.36472217278557123
1,All Population,1,Deaths,80,France,3,Both,27,Age-standardized,456,Pancreatic cancer,98,Tobacco,2,Percent,1990,2023,-0.15686286118726717,-0.015906996146323196,-0.2893249272659923
1,All Population,1,Deaths,145,Kuwait,3,Both,27,Age-standardized,423,Larynx cancer,98,Tobacco,2,Percent,1990,2023,-0.10472236080046822,0.1401692811554527,-0.3142406251597056
1,All Population,1,Deaths,107,Barbados,3,Both,27,Age-standardized,450,Other pharynx cancer,98,Tobacco,2,Percent,1990,2023,-0.1637293534232851,0.23082362360550257,-0.4672469199982266
1,All Population,1,Deaths,131,Nicaragua,3,Both,27,Age-standardized,423,Larynx cancer,98,Tobacco,2,Percent,1990,2023,-0.12938026851612403,0.085636375814464,-0.3220784779893896
1,All Population,1,Deaths,131,Nicaragua,3,Both,27,Age-standardized,444,Lip and oral cavity cancer,98,Tobacco,2,Percent,1990,2023,-0.35619986102568896,0.042346950158330864,-0.6510915054712767
1,All Population,1,Deaths,125,Colombia,3,Both,27,Age-standardized,411,Esophageal cancer,98,Tobacco,2,Percent,1990,2023,-0.43067922444589724,-0.19126756181952634,-0.6312280810336527
1,All Population,1,Deaths,119,Trinidad and Tobago,3,Both,27,Age-standardized,429,Breast cancer,98,Tobacco,2,Percent,1990,2023,-0.08454545365915121,0.13475300348419408,-0.28578349612498777
1,All Population,1,Deaths,116,Saint Lucia,3,Both,27,Age-standardized,450,Other pharynx cancer,98,Tobacco,2,Percent,1990,2023,-0.034444349561865185,0.29890196945144193,-0.30005829660988836
1,All Population,1,Deaths,116,Saint Lucia,3,Both,27,Age-standardized,456,Pancreatic cancer,98,Tobacco,2,Percent,1990,2023,-0.07379991364988901,0.45906150820955605,-0.4515936700550295
1,All Population,1,Deaths,145,Kuwait,3,Both,27,Age-standardized,447,Nasopharynx cancer,98,Tobacco,2,Percent,1990,2023,-0.08130424033568483,0.35167360394280667,-0.38943733349980414
1,All Population,1,Deaths,145,Kuwait,3,Both,27,Age-standardized,450,Other pharynx cancer,98,Tobacco,2,Percent,1990,2023,-0.09055663196856475,0.29643442525563535,-0.42185954460761277
1,All Population,1,Deaths,122,Ecuador,3,Both,27,Age-standardized,414,Stomach cancer,98,Tobacco,2,Percent,1990,2023,-0.47696565399372515,-0.1886513010402764,-0.6807401183060842
1,All Population,1,Deaths,119,Trinidad and Tobago,3,Both,27,Age-standardized,444,Lip and oral cavity cancer,98,Tobacco,2,Percent,1990,2023,-0.1337465100506477,0.29197658443549435,-0.47870759157847687
1,All Population,1,Deaths,119,Trinidad and Tobago,3,Both,27,Age-standardized,447,Nasopharynx cancer,98,Tobacco,2,Percent,1990,2023,-0.14668680880595275,0.3645739456166181,-0.4717321381888575
1,All Population,1,Deaths,107,Barbados,3,Both,27,Age-standardized,456,Pancreatic cancer,98,Tobacco,2,Percent,1990,2023,-0.15694628050793574,0.3457998409537853,-0.5389102493068343
1,All Population,1,Deaths,123,Peru,3,Both,27,Age-standardized,414,Stomach cancer,98,Tobacco,2,Percent,1990,2023,-0.2699829802268459,0.295160067800676,-0.6057083803635265
1,All Population,1,Deaths,123,Peru,3,Both,27,Age-standardized,417,Liver cancer,98,Tobacco,2,Percent,1990,2023,-0.18153083060940606,0.4172710553501059,-0.5487396074495127
1,All Population,1,Deaths,131,Nicaragua,3,Both,27,Age-standardized,447,Nasopharynx cancer,98,Tobacco,2,Percent,1990,2023,-0.3459700876845219,0.017067026282388327,-0.6179677158862555
1,All Population,1,Deaths,131,Nicaragua,3,Both,27,Age-standardized,450,Other pharynx cancer,98,Tobacco,2,Percent,1990,2023,-0.23766315397067495,0.07602346242631772,-0.5069828078067934
1,All Population,1,Deaths,118,Suriname,3,Both,27,Age-standardized,438,Prostate cancer,98,Tobacco,2,Percent,1990,2023,-0.29501259735102414,0.08030257817786178,-0.5766806574994536
1,All Population,1,Deaths,118,Suriname,3,Both,27,Age-standardized,441,Colon and rectum cancer,98,Tobacco,2,Percent,1990,2023,-0.25078189507730064,0.22798545830296624,-0.5574388076181476
1,All Population,1,Deaths,125,Colombia,3,Both,27,Age-standardized,414,Stomach cancer,98,Tobacco,2,Percent,1990,2023,-0.44672884713897,-0.1902617173327475,-0.6377617123834027
1,All Population,1,Deaths,125,Colombia,3,Both,27,Age-standardized,426,"Tracheal, bronchus, and lung cancer",98,Tobacco,2,Percent,1990,2023,-0.35737971291598825,-0.2023668781595155,-0.5027904575125719
1,All Population,1,Deaths,110,Dominica,3,Both,27,Age-standardized,432,Cervical cancer,98,Tobacco,2,Percent,1990,2023,0.014547030209649448,1.6157018456642627,-0.6580268869390886
1,All Population,1,Deaths,110,Dominica,3,Both,27,Age-standardized,438,Prostate cancer,98,Tobacco,2,Percent,1990,2023,0.1966118849635378,0.864554549400852,-0.25475775672906614
1,All Population,1,Deaths,88,Malta,3,Both,27,Age-standardized,423,Larynx cancer,98,Tobacco,2,Percent,1990,2023,-0.13728530358353008,-0.052512574901422825,-0.23354568825292116
1,All Population,1,Deaths,123,Peru,3,Both,27,Age-standardized,444,Lip and oral cavity cancer,98,Tobacco,2,Percent,1990,2023,-0.32153484679411604,0.1931574141802122,-0.654628652253761
1,All Population,1,Deaths,123,Peru,3,Both,27,Age-standardized,447,Nasopharynx cancer,98,Tobacco,2,Percent,1990,2023,-0.24176438090070526,0.31548314253087095,-0.5625402039825529
1,All Population,1,Deaths,78,Denmark,3,Both,27,Age-standardized,444,Lip and oral cavity cancer,98,Tobacco,2,Percent,1990,2023,-0.3396900095898342,-0.25093913919372934,-0.42730010930414997
1,All Population,1,Deaths,110,Dominica,3,Both,27,Age-standardized,474,Bladder cancer,98,Tobacco,2,Percent,1990,2023,0.05908163952514149,0.7192506693476752,-0.3975193749458298
1,All Population,1,Deaths,101,Canada,3,Both,27,Age-standardized,438,Prostate cancer,98,Tobacco,2,Percent,1990,2023,-0.3373106780313766,-0.10600463080994388,-0.5456820640485421
1,All Population,1,Deaths,101,Canada,3,Both,27,Age-standardized,441,Colon and rectum cancer,98,Tobacco,2,Percent,1990,2023,-0.31239703989974504,-0.1300248263786354,-0.44279239592852576
1,All Population,1,Deaths,125,Colombia,3,Both,27,Age-standardized,456,Pancreatic cancer,98,Tobacco,2,Percent,1990,2023,-0.431888817381416,-0.14072064657114636,-0.6438350461978503
1,All Population,1,Deaths,122,Ecuador,3,Both,27,Age-standardized,429,Breast cancer,98,Tobacco,2,Percent,1990,2023,-0.3907225167336344,-0.2157343616227175,-0.5167760551420612
1,All Population,1,Deaths,123,Peru,3,Both,27,Age-standardized,450,Other pharynx cancer,98,Tobacco,2,Percent,1990,2023,-0.25619684482859306,0.1351812126802438,-0.5789077473896646
1,All Population,1,Deaths,125,Colombia,3,Both,27,Age-standardized,471,Kidney cancer,98,Tobacco,2,Percent,1990,2023,-0.422352142754473,-0.13848651921988597,-0.6477093802503615
1,All Population,1,Deaths,108,Belize,3,Both,27,Age-standardized,417,Liver cancer,98,Tobacco,2,Percent,1990,2023,-0.025045115890158776,0.5167416856698293,-0.3987833299279762
1,All Population,1,Deaths,122,Ecuador,3,Both,27,Age-standardized,471,Kidney cancer,98,Tobacco,2,Percent,1990,2023,-0.2700275295337394,0.12297780050133347,-0.5720784324107995
1,All Population,1,Deaths,113,Guyana,3,Both,27,Age-standardized,447,Nasopharynx cancer,98,Tobacco,2,Percent,1990,2023,0.017232673423471342,0.5511766953740427,-0.3451457620171936
1,All Population,1,Deaths,113,Guyana,3,Both,27,Age-standardized,487,Leukemia,98,Tobacco,2,Percent,1990,2023,-0.2419706611585808,0.17971354487506777,-0.5176508797425994
1,All Population,1,Deaths,88,Malta,3,Both,27,Age-standardized,432,Cervical cancer,98,Tobacco,2,Percent,1990,2023,-0.25792793018312166,0.051188210118181726,-0.5169101184714457
1,All Population,1,Deaths,126,Costa Rica,3,Both,27,Age-standardized,432,Cervical cancer,98,Tobacco,2,Percent,1990,2023,-0.3815264052785498,0.2590709872783855,-0.6812046064754099
1,All Population,1,Deaths,126,Costa Rica,3,Both,27,Age-standardized,438,Prostate cancer,98,Tobacco,2,Percent,1990,2023,-0.4676942009752954,-0.2525636671313667,-0.6306351567782299
1,All Population,1,Deaths,126,Costa Rica,3,Both,27,Age-standardized,441,Colon and rectum cancer,98,Tobacco,2,Percent,1990,2023,-0.44679053974824035,-0.18683124603699186,-0.6190460522302854
1,All Population,1,Deaths,84,Ireland,3,Both,27,Age-standardized,441,Colon and rectum cancer,98,Tobacco,2,Percent,1990,2023,-0.4753901870718125,-0.36368263619505903,-0.5810941863722943
1,All Population,1,Deaths,147,Libya,3,Both,27,Age-standardized,456,Pancreatic cancer,98,Tobacco,2,Percent,1990,2023,0.049580624378450004,0.6719411708440826,-0.3568565494855104
1,All Population,1,Deaths,131,Nicaragua,3,Both,27,Age-standardized,487,Leukemia,98,Tobacco,2,Percent,1990,2023,-0.28497181487502343,0.24404067681190586,-0.5945144574976762
1,All Population,1,Deaths,117,Saint Vincent and the Grenadines,3,Both,27,Age-standardized,429,Breast cancer,98,Tobacco,2,Percent,1990,2023,-0.17859312561785803,0.047745021974347844,-0.35068610899525743
1,All Population,1,Deaths,127,El Salvador,3,Both,27,Age-standardized,423,Larynx cancer,98,Tobacco,2,Percent,1990,2023,-0.12209999442456916,0.21994585183933743,-0.3677122372626151
1,All Population,1,Deaths,127,El Salvador,3,Both,27,Age-standardized,444,Lip and oral cavity cancer,98,Tobacco,2,Percent,1990,2023,-0.30270389285241084,0.18306442487700106,-0.6374168000727792
1,All Population,1,Deaths,127,El Salvador,3,Both,27,Age-standardized,447,Nasopharynx cancer,98,Tobacco,2,Percent,1990,2023,-0.2041109217927389,0.31555893611451613,-0.5425534272256491
1,All Population,1,Deaths,119,Trinidad and Tobago,3,Both,27,Age-standardized,471,Kidney cancer,98,Tobacco,2,Percent,1990,2023,-0.2101760579915124,0.2872223032360509,-0.5251627562077864
1,All Population,1,Deaths,162,Bhutan,3,Both,27,Age-standardized,441,Colon and rectum cancer,98,Tobacco,2,Percent,1990,2023,-0.16144049645089603,0.519419033737973,-0.5474188903035759
1,All Population,1,Deaths,162,Bhutan,3,Both,27,Age-standardized,444,Lip and oral cavity cancer,98,Tobacco,2,Percent,1990,2023,-0.12687979142014233,0.21782297407756096,-0.38485733889015117
1,All Population,1,Deaths,107,Barbados,3,Both,27,Age-standardized,444,Lip and oral cavity cancer,98,Tobacco,2,Percent,1990,2023,-0.19994250224907772,0.32385205668326555,-0.5546268009259745
1,All Population,1,Deaths,107,Barbados,3,Both,27,Age-standardized,447,Nasopharynx cancer,98,Tobacco,2,Percent,1990,2023,-0.12494410742952591,0.4992225354899975,-0.5197968940699952
1,All Population,1,Deaths,117,Saint Vincent and the Grenadines,3,Both,27,Age-standardized,471,Kidney cancer,98,Tobacco,2,Percent,1990,2023,-0.1447915323827686,0.41407121710688866,-0.4980899074996638
1,All Population,1,Deaths,127,El Salvador,3,Both,27,Age-standardized,450,Other pharynx cancer,98,Tobacco,2,Percent,1990,2023,-0.2244918525627014,0.14064967223730143,-0.543735541468019
1,All Population,1,Deaths,119,Trinidad and Tobago,3,Both,27,Age-standardized,474,Bladder cancer,98,Tobacco,2,Percent,1990,2023,-0.14066953631722265,0.3060426692814436,-0.4804873884205406
1,All Population,1,Deaths,108,Belize,3,Both,27,Age-standardized,432,Cervical cancer,98,Tobacco,2,Percent,1990,2023,-0.025913285271658485,1.3218538456828297,-0.6365779461894348
1,All Population,1,Deaths,119,Trinidad and Tobago,3,Both,27,Age-standardized,487,Leukemia,98,Tobacco,2,Percent,1990,2023,-0.19372922391721997,0.32621693570913457,-0.5168285544333328
1,All Population,1,Deaths,107,Barbados,3,Both,27,Age-standardized,487,Leukemia,98,Tobacco,2,Percent,1990,2023,-0.03795903041224087,0.7801937897844742,-0.5034169976067064
1,All Population,1,Deaths,88,Malta,3,Both,27,Age-standardized,438,Prostate cancer,98,Tobacco,2,Percent,1990,2023,-0.4449886395057136,-0.22201547945804215,-0.636148449279907
1,All Population,1,Deaths,88,Malta,3,Both,27,Age-standardized,441,Colon and rectum cancer,98,Tobacco,2,Percent,1990,2023,-0.32961292071536585,-0.07800253067312482,-0.5457202459668418
1,All Population,1,Deaths,168,Angola,3,Both,27,Age-standardized,426,"Tracheal, bronchus, and lung cancer",98,Tobacco,2,Percent,1990,2023,-0.18384670737083153,0.13300023672389005,-0.4065630680066929
1,All Population,1,Deaths,88,Malta,3,Both,27,Age-standardized,450,Other pharynx cancer,98,Tobacco,2,Percent,1990,2023,-0.2425883725449066,-0.09116710463939895,-0.39707621263983367
1,All Population,1,Deaths,88,Malta,3,Both,27,Age-standardized,456,Pancreatic cancer,98,Tobacco,2,Percent,1990,2023,-0.3426045758390424,-0.08508952915748488,-0.560109248261907
1,All Population,1,Deaths,162,Bhutan,3,Both,27,Age-standardized,487,Leukemia,98,Tobacco,2,Percent,1990,2023,-0.0631877154229054,0.6031507333298933,-0.47630303389193884
1,All Population,1,Deaths,86,Italy,3,Both,27,Age-standardized,423,Larynx cancer,98,Tobacco,2,Percent,1990,2023,-0.15563507413521238,-0.10274877784313097,-0.22196563458182372
1,All Population,1,Deaths,164,Nepal,3,Both,27,Age-standardized,414,Stomach cancer,98,Tobacco,2,Percent,1990,2023,-0.38631750068989956,-0.1271198198219173,-0.5494239084647317
1,All Population,1,Deaths,168,Angola,3,Both,27,Age-standardized,456,Pancreatic cancer,98,Tobacco,2,Percent,1990,2023,-0.28845231841626745,0.3163462251045613,-0.6355520565548594
1,All Population,1,Deaths,121,Bolivia (Plurinational State of),3,Both,27,Age-standardized,423,Larynx cancer,98,Tobacco,2,Percent,1990,2023,0.051662445833022624,0.4273263929699848,-0.2244565425307096
1,All Population,1,Deaths,86,Italy,3,Both,27,Age-standardized,426,"Tracheal, bronchus, and lung cancer",98,Tobacco,2,Percent,1990,2023,-0.21492901857448224,-0.1479258302489106,-0.28975949206737867
1,All Population,1,Deaths,86,Italy,3,Both,27,Age-standardized,450,Other pharynx cancer,98,Tobacco,2,Percent,1990,2023,-0.2693699185910645,-0.18971889617850762,-0.36189073732582777
1,All Population,1,Deaths,102,United States of America,3,Both,27,Age-standardized,444,Lip and oral cavity cancer,98,Tobacco,2,Percent,1990,2023,-0.2096525934303693,-0.11469394857762355,-0.3075326097272928
1,All Population,1,Deaths,102,United States of America,3,Both,27,Age-standardized,447,Nasopharynx cancer,98,Tobacco,2,Percent,1990,2023,-0.16129242499676225,-0.01860456017250826,-0.2821799893222811
1,All Population,1,Deaths,162,Bhutan,3,Both,27,Age-standardized,411,Esophageal cancer,98,Tobacco,2,Percent,1990,2023,-0.11154692624477901,0.35449937711407964,-0.38056954295046364
1,All Population,1,Deaths,164,Nepal,3,Both,27,Age-standardized,417,Liver cancer,98,Tobacco,2,Percent,1990,2023,-0.3482491804990872,-0.15733091861638676,-0.5112230591121059
1,All Population,1,Deaths,168,Angola,3,Both,27,Age-standardized,471,Kidney cancer,98,Tobacco,2,Percent,1990,2023,-0.27908660176585653,0.3077546910953904,-0.626535546344666
1,All Population,1,Deaths,121,Bolivia (Plurinational State of),3,Both,27,Age-standardized,450,Other pharynx cancer,98,Tobacco,2,Percent,1990,2023,-0.0018718001544225083,0.5800617138898232,-0.3952393492776547
1,All Population,1,Deaths,108,Belize,3,Both,27,Age-standardized,438,Prostate cancer,98,Tobacco,2,Percent,1990,2023,-0.12540815557378723,0.35921366503699176,-0.451615583074917
1,All Population,1,Deaths,115,Jamaica,3,Both,27,Age-standardized,411,Esophageal cancer,98,Tobacco,2,Percent,1990,2023,-0.2368779057460004,0.06037414914939729,-0.4959001590863422
1,All Population,1,Deaths,115,Jamaica,3,Both,27,Age-standardized,414,Stomach cancer,98,Tobacco,2,Percent,1990,2023,-0.32581379809471817,0.002953344696701464,-0.5779777336620525
1,All Population,1,Deaths,115,Jamaica,3,Both,27,Age-standardized,426,"Tracheal, bronchus, and lung cancer",98,Tobacco,2,Percent,1990,2023,-0.23524769093168146,-0.06621889499696416,-0.39970733292130944
1,All Population,1,Deaths,86,Italy,3,Both,27,Age-standardized,456,Pancreatic cancer,98,Tobacco,2,Percent,1990,2023,-0.33092818887533115,-0.20324547807462318,-0.46056862271593163
1,All Population,1,Deaths,127,El Salvador,3,Both,27,Age-standardized,414,Stomach cancer,98,Tobacco,2,Percent,1990,2023,-0.24982416415450104,0.26190224158102643,-0.5939655317804435
1,All Population,1,Deaths,162,Bhutan,3,Both,27,Age-standardized,426,"Tracheal, bronchus, and lung cancer",98,Tobacco,2,Percent,1990,2023,-0.1897841411709771,0.15139581526137696,-0.4159640747594226
1,All Population,1,Deaths,111,Dominican Republic,3,Both,27,Age-standardized,441,Colon and rectum cancer,98,Tobacco,2,Percent,1990,2023,-0.4100002003664058,-0.031971945714938214,-0.6478055466068843
1,All Population,1,Deaths,111,Dominican Republic,3,Both,27,Age-standardized,444,Lip and oral cavity cancer,98,Tobacco,2,Percent,1990,2023,-0.4615171742104322,-0.19928242987412395,-0.6477340628576878
1,All Population,1,Deaths,160,Afghanistan,3,Both,27,Age-standardized,414,Stomach cancer,98,Tobacco,2,Percent,1990,2023,0.4564585737110961,1.6807077620925335,-0.21606210552541152
1,All Population,1,Deaths,133,Venezuela (Bolivarian Republic of),3,Both,27,Age-standardized,417,Liver cancer,98,Tobacco,2,Percent,1990,2023,-0.3486552180548705,0.07061883864763506,-0.6442513837592734
1,All Population,1,Deaths,164,Nepal,3,Both,27,Age-standardized,429,Breast cancer,98,Tobacco,2,Percent,1990,2023,-0.32649656323330056,-0.2089082291754665,-0.4432854838380882
1,All Population,1,Deaths,164,Nepal,3,Both,27,Age-standardized,432,Cervical cancer,98,Tobacco,2,Percent,1990,2023,-0.37075953706472625,-0.08923766014938975,-0.5832840643860889
1,All Population,1,Deaths,115,Jamaica,3,Both,27,Age-standardized,429,Breast cancer,98,Tobacco,2,Percent,1990,2023,-0.31374831763556826,-0.15500133734847538,-0.45718118058574453
1,All Population,1,Deaths,162,Bhutan,3,Both,27,Age-standardized,456,Pancreatic cancer,98,Tobacco,2,Percent,1990,2023,-0.19132604322851163,0.45958737089634094,-0.5741871662604296
1,All Population,1,Deaths,82,Greece,3,Both,27,Age-standardized,423,Larynx cancer,98,Tobacco,2,Percent,1990,2023,-0.027570885918721755,0.015270324780524928,-0.06248282081155667
1,All Population,1,Deaths,82,Greece,3,Both,27,Age-standardized,447,Nasopharynx cancer,98,Tobacco,2,Percent,1990,2023,-0.12057801420473141,0.08934940287068391,-0.2641324941459264
1,All Population,1,Deaths,78,Denmark,3,Both,27,Age-standardized,447,Nasopharynx cancer,98,Tobacco,2,Percent,1990,2023,-0.3598792675543204,-0.24703608655750137,-0.46734728558252187
1,All Population,1,Deaths,102,United States of America,3,Both,27,Age-standardized,487,Leukemia,98,Tobacco,2,Percent,1990,2023,0.026784733785175697,0.22821974675793205,-0.17271876601318328
1,All Population,1,Deaths,115,Jamaica,3,Both,27,Age-standardized,423,Larynx cancer,98,Tobacco,2,Percent,1990,2023,-0.14469547608357722,0.0083920675760597,-0.29663423715792525
1,All Population,1,Deaths,82,Greece,3,Both,27,Age-standardized,450,Other pharynx cancer,98,Tobacco,2,Percent,1990,2023,-0.04587098302936927,0.06052054303244645,-0.12992486522263005
1,All Population,1,Deaths,139,Algeria,3,Both,27,Age-standardized,417,Liver cancer,98,Tobacco,2,Percent,1990,2023,-0.09781103411049587,0.4640131175496377,-0.47818756022289144
1,All Population,1,Deaths,115,Jamaica,3,Both,27,Age-standardized,444,Lip and oral cavity cancer,98,Tobacco,2,Percent,1990,2023,-0.3215970620670959,0.022930695624414143,-0.5947950621942905
1,All Population,1,Deaths,108,Belize,3,Both,27,Age-standardized,474,Bladder cancer,98,Tobacco,2,Percent,1990,2023,-0.14224518425375873,0.35597793691184193,-0.44713332261136285
1,All Population,1,Deaths,143,Iraq,3,Both,27,Age-standardized,411,Esophageal cancer,98,Tobacco,2,Percent,1990,2023,-0.0945091954972924,0.27338999772961436,-0.3540070359034457
1,All Population,1,Deaths,143,Iraq,3,Both,27,Age-standardized,414,Stomach cancer,98,Tobacco,2,Percent,1990,2023,-0.10869361248250106,0.4498544253176331,-0.41009166935931185
1,All Population,1,Deaths,129,Honduras,3,Both,27,Age-standardized,411,Esophageal cancer,98,Tobacco,2,Percent,1990,2023,-0.3666120551588503,0.05182366386842658,-0.6190533161255926
1,All Population,1,Deaths,164,Nepal,3,Both,27,Age-standardized,471,Kidney cancer,98,Tobacco,2,Percent,1990,2023,-0.374635294811755,-0.11839093366747717,-0.5518247710000723
1,All Population,1,Deaths,164,Nepal,3,Both,27,Age-standardized,474,Bladder cancer,98,Tobacco,2,Percent,1990,2023,-0.33391111168585164,-0.11175254821808317,-0.519285424918593
1,All Population,1,Deaths,115,Jamaica,3,Both,27,Age-standardized,456,Pancreatic cancer,98,Tobacco,2,Percent,1990,2023,-0.28214376871288566,0.0930482292689483,-0.576079092468231
1,All Population,1,Deaths,115,Jamaica,3,Both,27,Age-standardized,471,Kidney cancer,98,Tobacco,2,Percent,1990,2023,-0.35048871230482126,-0.04177905355450162,-0.5941221507216701
1,All Population,1,Deaths,168,Angola,3,Both,27,Age-standardized,441,Colon and rectum cancer,98,Tobacco,2,Percent,1990,2023,-0.2688815865638065,0.35101018120028527,-0.6199628287307215
1,All Population,1,Deaths,115,Jamaica,3,Both,27,Age-standardized,447,Nasopharynx cancer,98,Tobacco,2,Percent,1990,2023,-0.28671785530183347,0.028783852869734727,-0.549221956209641
1,All Population,1,Deaths,133,Venezuela (Bolivarian Republic of),3,Both,27,Age-standardized,432,Cervical cancer,98,Tobacco,2,Percent,1990,2023,-0.40408006739816066,0.583813828071305,-0.8022340431313337
1,All Population,1,Deaths,133,Venezuela (Bolivarian Republic of),3,Both,27,Age-standardized,438,Prostate cancer,98,Tobacco,2,Percent,1990,2023,-0.5100188723418074,-0.2159263386714909,-0.725207177589615
1,All Population,1,Deaths,133,Venezuela (Bolivarian Republic of),3,Both,27,Age-standardized,441,Colon and rectum cancer,98,Tobacco,2,Percent,1990,2023,-0.39490764925495153,0.07156690971424773,-0.6891831826408273
1,All Population,1,Deaths,139,Algeria,3,Both,27,Age-standardized,432,Cervical cancer,98,Tobacco,2,Percent,1990,2023,-0.40717930075279385,0.9806599859999348,-0.8410382012483786
1,All Population,1,Deaths,111,Dominican Republic,3,Both,27,Age-standardized,487,Leukemia,98,Tobacco,2,Percent,1990,2023,-0.4558889640799091,-0.13113056729056793,-0.6685441772314134
1,All Population,1,Deaths,168,Angola,3,Both,27,Age-standardized,444,Lip and oral cavity cancer,98,Tobacco,2,Percent,1990,2023,-0.24523601934271264,0.23995913429265295,-0.5749607678083086
1,All Population,1,Deaths,164,Nepal,3,Both,27,Age-standardized,423,Larynx cancer,98,Tobacco,2,Percent,1990,2023,-0.10281295810026192,-0.033403152756034525,-0.1875235337812738
1,All Population,1,Deaths,133,Venezuela (Bolivarian Republic of),3,Both,27,Age-standardized,474,Bladder cancer,98,Tobacco,2,Percent,1990,2023,-0.4000391407916657,-0.0382751091121436,-0.642086203375456
1,All Population,1,Deaths,109,Cuba,3,Both,27,Age-standardized,423,Larynx cancer,98,Tobacco,2,Percent,1990,2023,0.0028977417439084666,0.13360566081069436,-0.13944683755790044
1,All Population,1,Deaths,109,Cuba,3,Both,27,Age-standardized,426,"Tracheal, bronchus, and lung cancer",98,Tobacco,2,Percent,1990,2023,-0.05514280880737778,0.1394543458301859,-0.26052489510769156
1,All Population,1,Deaths,141,Egypt,3,Both,27,Age-standardized,423,Larynx cancer,98,Tobacco,2,Percent,1990,2023,0.024635844772548925,0.2195571648753514,-0.15053529896780476
1,All Population,1,Deaths,141,Egypt,3,Both,27,Age-standardized,447,Nasopharynx cancer,98,Tobacco,2,Percent,1990,2023,0.1547102979884304,0.6852157670273293,-0.2188276745739219
1,All Population,1,Deaths,123,Peru,3,Both,27,Age-standardized,429,Breast cancer,98,Tobacco,2,Percent,1990,2023,-0.3599018918133545,-0.18675796865652955,-0.5156680675873704
1,All Population,1,Deaths,59,Latvia,3,Both,27,Age-standardized,432,Cervical cancer,98,Tobacco,2,Percent,1990,2023,0.029397740160218108,0.7926141152206791,-0.3754883962506139
1,All Population,1,Deaths,109,Cuba,3,Both,27,Age-standardized,450,Other pharynx cancer,98,Tobacco,2,Percent,1990,2023,-0.005038959224108131,0.2629549582064143,-0.26592178062623884
1,All Population,1,Deaths,143,Iraq,3,Both,27,Age-standardized,417,Liver cancer,98,Tobacco,2,Percent,1990,2023,-0.038333306694930985,0.4875306137113228,-0.4025700095325785
1,All Population,1,Deaths,143,Iraq,3,Both,27,Age-standardized,429,Breast cancer,98,Tobacco,2,Percent,1990,2023,-0.02182310080791753,0.0768354118210525,-0.138339641167483
1,All Population,1,Deaths,162,Bhutan,3,Both,27,Age-standardized,471,Kidney cancer,98,Tobacco,2,Percent,1990,2023,-0.14213042700424317,0.4371490334418582,-0.4955210552109984
1,All Population,1,Deaths,168,Angola,3,Both,27,Age-standardized,487,Leukemia,98,Tobacco,2,Percent,1990,2023,-0.24597782316101935,0.5060135817076313,-0.642003924226689
1,All Population,1,Deaths,141,Egypt,3,Both,27,Age-standardized,450,Other pharynx cancer,98,Tobacco,2,Percent,1990,2023,-0.09932268109595291,0.34607226953896386,-0.3767015517497629
1,All Population,1,Deaths,164,Nepal,3,Both,27,Age-standardized,444,Lip and oral cavity cancer,98,Tobacco,2,Percent,1990,2023,-0.13464445591672544,0.06585694652699083,-0.3017289472901712
1,All Population,1,Deaths,164,Nepal,3,Both,27,Age-standardized,447,Nasopharynx cancer,98,Tobacco,2,Percent,1990,2023,-0.09803108930088597,0.2211160611475031,-0.32529767013245814
1,All Population,1,Deaths,86,Italy,3,Both,27,Age-standardized,411,Esophageal cancer,98,Tobacco,2,Percent,1990,2023,-0.24173866190512783,-0.11491331479993293,-0.35537088840981634
1,All Population,1,Deaths,86,Italy,3,Both,27,Age-standardized,414,Stomach cancer,98,Tobacco,2,Percent,1990,2023,-0.3402506234229688,-0.19065209449856232,-0.47215058382910524
1,All Population,1,Deaths,129,Honduras,3,Both,27,Age-standardized,414,Stomach cancer,98,Tobacco,2,Percent,1990,2023,-0.44714636267520025,-0.07946046531535417,-0.7030063938292556
1,All Population,1,Deaths,129,Honduras,3,Both,27,Age-standardized,426,"Tracheal, bronchus, and lung cancer",98,Tobacco,2,Percent,1990,2023,-0.3227879939350481,-0.030620520222319834,-0.5138999199576066
1,All Population,1,Deaths,123,Peru,3,Both,27,Age-standardized,432,Cervical cancer,98,Tobacco,2,Percent,1990,2023,-0.1509829461630634,1.097668195572394,-0.6619109490460318
1,All Population,1,Deaths,123,Peru,3,Both,27,Age-standardized,471,Kidney cancer,98,Tobacco,2,Percent,1990,2023,-0.19426969620789591,0.4630977269251721,-0.5541758445321701
1,All Population,1,Deaths,127,El Salvador,3,Both,27,Age-standardized,438,Prostate cancer,98,Tobacco,2,Percent,1990,2023,-0.5158435893142256,-0.21002280817490201,-0.7084420247372742
1,All Population,1,Deaths,127,El Salvador,3,Both,27,Age-standardized,441,Colon and rectum cancer,98,Tobacco,2,Percent,1990,2023,-0.2509745712913135,0.29461873257053683,-0.5840809632293765
1,All Population,1,Deaths,112,Grenada,3,Both,27,Age-standardized,432,Cervical cancer,98,Tobacco,2,Percent,1990,2023,-0.10929304064276332,1.118707911395421,-0.652605220046319
1,All Population,1,Deaths,115,Jamaica,3,Both,27,Age-standardized,487,Leukemia,98,Tobacco,2,Percent,1990,2023,-0.2570235716809856,0.14525091010443714,-0.5521506421984257
1,All Population,1,Deaths,143,Iraq,3,Both,27,Age-standardized,471,Kidney cancer,98,Tobacco,2,Percent,1990,2023,-0.046188379557423644,0.4707899336585372,-0.3569913791050505
1,All Population,1,Deaths,123,Peru,3,Both,27,Age-standardized,474,Bladder cancer,98,Tobacco,2,Percent,1990,2023,-0.2960835184866197,0.1558625183661121,-0.6128839183773346
1,All Population,1,Deaths,129,Honduras,3,Both,27,Age-standardized,429,Breast cancer,98,Tobacco,2,Percent,1990,2023,-0.3467053205869149,-0.19705343644681794,-0.47561783869283664
1,All Population,1,Deaths,129,Honduras,3,Both,27,Age-standardized,456,Pancreatic cancer,98,Tobacco,2,Percent,1990,2023,-0.4393817381211585,0.022391865369198755,-0.6923452124358991
1,All Population,1,Deaths,115,Jamaica,3,Both,27,Age-standardized,450,Other pharynx cancer,98,Tobacco,2,Percent,1990,2023,-0.25068956583719093,-0.009187989155642621,-0.49591288922295346
1,All Population,1,Deaths,59,Latvia,3,Both,27,Age-standardized,438,Prostate cancer,98,Tobacco,2,Percent,1990,2023,-0.25619114360857076,0.014654678144314842,-0.4620897652536835
1,All Population,1,Deaths,59,Latvia,3,Both,27,Age-standardized,441,Colon and rectum cancer,98,Tobacco,2,Percent,1990,2023,0.030022812386928145,0.39199187714028516,-0.25239518311643744
1,All Population,1,Deaths,139,Algeria,3,Both,27,Age-standardized,438,Prostate cancer,98,Tobacco,2,Percent,1990,2023,-0.25031451085696016,0.13160387380400473,-0.5102066883519988
1,All Population,1,Deaths,139,Algeria,3,Both,27,Age-standardized,441,Colon and rectum cancer,98,Tobacco,2,Percent,1990,2023,-0.09346268296276063,0.5597174077485253,-0.4709326127238786
1,All Population,1,Deaths,139,Algeria,3,Both,27,Age-standardized,474,Bladder cancer,98,Tobacco,2,Percent,1990,2023,-0.16597254858161825,0.17254589087765085,-0.4266596842805784
1,All Population,1,Deaths,143,Iraq,3,Both,27,Age-standardized,474,Bladder cancer,98,Tobacco,2,Percent,1990,2023,-0.08437632550732084,0.1824431153209926,-0.32654109428924005
1,All Population,1,Deaths,129,Honduras,3,Both,27,Age-standardized,417,Liver cancer,98,Tobacco,2,Percent,1990,2023,-0.3061750858845702,0.18450622089440197,-0.6216796638651
1,All Population,1,Deaths,129,Honduras,3,Both,27,Age-standardized,441,Colon and rectum cancer,98,Tobacco,2,Percent,1990,2023,-0.41970517881166003,0.009521111105460825,-0.6739874485092265
1,All Population,1,Deaths,129,Honduras,3,Both,27,Age-standardized,471,Kidney cancer,98,Tobacco,2,Percent,1990,2023,-0.4008376074632941,-0.013254114833767679,-0.641050673538173
1,All Population,1,Deaths,127,El Salvador,3,Both,27,Age-standardized,487,Leukemia,98,Tobacco,2,Percent,1990,2023,-0.005881961976076181,0.9148741176911821,-0.5039321464658844
1,All Population,1,Deaths,98,Chile,3,Both,27,Age-standardized,414,Stomach cancer,98,Tobacco,2,Percent,1990,2023,-0.23430451261444238,0.02583227572413954,-0.4411404591519249
1,All Population,1,Deaths,131,Nicaragua,3,Both,27,Age-standardized,426,"Tracheal, bronchus, and lung cancer",98,Tobacco,2,Percent,1990,2023,-0.28116005526278315,-0.048472593221082806,-0.4686290309666184
1,All Population,1,Deaths,129,Honduras,3,Both,27,Age-standardized,444,Lip and oral cavity cancer,98,Tobacco,2,Percent,1990,2023,-0.43416466314708024,-0.07495390606461155,-0.68021733200478
1,All Population,1,Deaths,160,Afghanistan,3,Both,27,Age-standardized,417,Liver cancer,98,Tobacco,2,Percent,1990,2023,0.27704053143144997,1.2102740995751216,-0.31989252903396714
1,All Population,1,Deaths,98,Chile,3,Both,27,Age-standardized,417,Liver cancer,98,Tobacco,2,Percent,1990,2023,-0.15605365083709774,0.1572756707519742,-0.42383063068827
1,All Population,1,Deaths,131,Nicaragua,3,Both,27,Age-standardized,456,Pancreatic cancer,98,Tobacco,2,Percent,1990,2023,-0.2772893379869699,0.22854782138467247,-0.6246726261383592
1,All Population,1,Deaths,129,Honduras,3,Both,27,Age-standardized,487,Leukemia,98,Tobacco,2,Percent,1990,2023,-0.2305818787090261,0.27030132628928555,-0.5720155280712529
1,All Population,1,Deaths,98,Chile,3,Both,27,Age-standardized,429,Breast cancer,98,Tobacco,2,Percent,1990,2023,-0.2864010071953557,-0.12834991157725772,-0.4261741136508811
1,All Population,1,Deaths,98,Chile,3,Both,27,Age-standardized,432,Cervical cancer,98,Tobacco,2,Percent,1990,2023,-0.14531712736284957,0.3334170977793346,-0.4749414064544069
1,All Population,1,Deaths,168,Angola,3,Both,27,Age-standardized,423,Larynx cancer,98,Tobacco,2,Percent,1990,2023,-0.11704648053072854,0.13742822564094248,-0.3208713014848336
1,All Population,1,Deaths,160,Afghanistan,3,Both,27,Age-standardized,429,Breast cancer,98,Tobacco,2,Percent,1990,2023,0.58932811431845,1.037081886454339,0.2919018084728954
1,All Population,1,Deaths,160,Afghanistan,3,Both,27,Age-standardized,432,Cervical cancer,98,Tobacco,2,Percent,1990,2023,0.8937044358984625,4.106567552855406,-0.3492502269722386
1,All Population,1,Deaths,98,Chile,3,Both,27,Age-standardized,438,Prostate cancer,98,Tobacco,2,Percent,1990,2023,-0.267928025812322,-0.035872763463557195,-0.48360214748637087
1,All Population,1,Deaths,98,Chile,3,Both,27,Age-standardized,471,Kidney cancer,98,Tobacco,2,Percent,1990,2023,-0.15893357082544804,0.1361006874355634,-0.4011750785507965
1,All Population,1,Deaths,98,Chile,3,Both,27,Age-standardized,474,Bladder cancer,98,Tobacco,2,Percent,1990,2023,-0.2534527178417332,-0.028335251192259145,-0.44230331962271197
1,All Population,1,Deaths,160,Afghanistan,3,Both,27,Age-standardized,474,Bladder cancer,98,Tobacco,2,Percent,1990,2023,0.4121575362118708,1.3565966970219132,-0.1612999854336023
1,All Population,1,Deaths,156,United Arab Emirates,3,Both,27,Age-standardized,411,Esophageal cancer,98,Tobacco,2,Percent,1990,2023,-0.43214127105952993,-0.05694273930157871,-0.6588888972473235
1,All Population,1,Deaths,168,Angola,3,Both,27,Age-standardized,447,Nasopharynx cancer,98,Tobacco,2,Percent,1990,2023,-0.2533257085708733,0.2797834695600996,-0.5767992987998497
1,All Population,1,Deaths,78,Denmark,3,Both,27,Age-standardized,423,Larynx cancer,98,Tobacco,2,Percent,1990,2023,-0.15395652515221778,-0.11213490722321506,-0.20757285724006252
1,All Population,1,Deaths,129,Honduras,3,Both,27,Age-standardized,432,Cervical cancer,98,Tobacco,2,Percent,1990,2023,-0.4049917913029622,0.48084973505920015,-0.7897945336665738
1,All Population,1,Deaths,129,Honduras,3,Both,27,Age-standardized,438,Prostate cancer,98,Tobacco,2,Percent,1990,2023,-0.6592073789437224,-0.4786414965466315,-0.7870805734958733
1,All Population,1,Deaths,156,United Arab Emirates,3,Both,27,Age-standardized,426,"Tracheal, bronchus, and lung cancer",98,Tobacco,2,Percent,1990,2023,-0.27206587279912203,-0.009638582613798526,-0.44861675571540327
1,All Population,1,Deaths,112,Grenada,3,Both,27,Age-standardized,438,Prostate cancer,98,Tobacco,2,Percent,1990,2023,-0.2088571010692112,0.25073337497711895,-0.5130661794644487
1,All Population,1,Deaths,112,Grenada,3,Both,27,Age-standardized,441,Colon and rectum cancer,98,Tobacco,2,Percent,1990,2023,-0.008333231133015371,0.6685247595011063,-0.43895646952519446
1,All Population,1,Deaths,112,Grenada,3,Both,27,Age-standardized,474,Bladder cancer,98,Tobacco,2,Percent,1990,2023,-0.10977994622840252,0.42759666234090954,-0.47268530025734956
1,All Population,1,Deaths,168,Angola,3,Both,27,Age-standardized,450,Other pharynx cancer,98,Tobacco,2,Percent,1990,2023,-0.19216210291969296,0.2523474240389521,-0.507284984039441
1,All Population,1,Deaths,129,Honduras,3,Both,27,Age-standardized,474,Bladder cancer,98,Tobacco,2,Percent,1990,2023,-0.4372244286572218,-0.14219019660167667,-0.6506856444224771
1,All Population,1,Deaths,152,Saudi Arabia,3,Both,27,Age-standardized,423,Larynx cancer,98,Tobacco,2,Percent,1990,2023,-0.0009067718695024982,0.2686796564597229,-0.2447652471140156
1,All Population,1,Deaths,131,Nicaragua,3,Both,27,Age-standardized,438,Prostate cancer,98,Tobacco,2,Percent,1990,2023,-0.3418388883881695,0.040877016719269,-0.6052638114676896
1,All Population,1,Deaths,131,Nicaragua,3,Both,27,Age-standardized,441,Colon and rectum cancer,98,Tobacco,2,Percent,1990,2023,-0.25560594433463446,0.31650962269453276,-0.5864086026905051
1,All Population,1,Deaths,164,Nepal,3,Both,27,Age-standardized,450,Other pharynx cancer,98,Tobacco,2,Percent,1990,2023,-0.15136106652334172,-0.0256700404882829,-0.28411751430982135
1,All Population,1,Deaths,109,Cuba,3,Both,27,Age-standardized,456,Pancreatic cancer,98,Tobacco,2,Percent,1990,2023,-0.06814706322950795,0.46953789482709235,-0.471826503603552
1,All Population,1,Deaths,135,Brazil,3,Both,27,Age-standardized,423,Larynx cancer,98,Tobacco,2,Percent,1990,2023,-0.1975751882461406,-0.13780146211472685,-0.2676668917116866
1,All Population,1,Deaths,136,Paraguay,3,Both,27,Age-standardized,444,Lip and oral cavity cancer,98,Tobacco,2,Percent,1990,2023,-0.2977668898683419,-0.05025390151455694,-0.511845039961444
1,All Population,1,Deaths,78,Denmark,3,Both,27,Age-standardized,426,"Tracheal, bronchus, and lung cancer",98,Tobacco,2,Percent,1990,2023,-0.2123703410125836,-0.17403984634192082,-0.2575776430334873
1,All Population,1,Deaths,78,Denmark,3,Both,27,Age-standardized,450,Other pharynx cancer,98,Tobacco,2,Percent,1990,2023,-0.27262970853467544,-0.1819169055356592,-0.34588593144087226
1,All Population,1,Deaths,162,Bhutan,3,Both,27,Age-standardized,414,Stomach cancer,98,Tobacco,2,Percent,1990,2023,-0.21818985120363774,0.34586627306155465,-0.5809115081502526
1,All Population,1,Deaths,141,Egypt,3,Both,27,Age-standardized,441,Colon and rectum cancer,98,Tobacco,2,Percent,1990,2023,-0.020982890876729995,0.5083058464861845,-0.3676636062910027
1,All Population,1,Deaths,164,Nepal,3,Both,27,Age-standardized,411,Esophageal cancer,98,Tobacco,2,Percent,1990,2023,-0.19530800668787032,0.038859428471433886,-0.3700667094593718
1,All Population,1,Deaths,127,El Salvador,3,Both,27,Age-standardized,417,Liver cancer,98,Tobacco,2,Percent,1990,2023,-0.20589287172070167,0.43361859536204234,-0.574834439942609
1,All Population,1,Deaths,127,El Salvador,3,Both,27,Age-standardized,429,Breast cancer,98,Tobacco,2,Percent,1990,2023,-0.22960803237648933,-0.0005421868623270468,-0.445805010536056
1,All Population,1,Deaths,135,Brazil,3,Both,27,Age-standardized,450,Other pharynx cancer,98,Tobacco,2,Percent,1990,2023,-0.3547608262858787,-0.2591938156262792,-0.45263452587867997
1,All Population,1,Deaths,136,Paraguay,3,Both,27,Age-standardized,447,Nasopharynx cancer,98,Tobacco,2,Percent,1990,2023,-0.3395276938784741,-0.07302152888623135,-0.5474837426705086
1,All Population,1,Deaths,86,Italy,3,Both,27,Age-standardized,417,Liver cancer,98,Tobacco,2,Percent,1990,2023,-0.3342854277703035,-0.24121081778309142,-0.4484581264992039
1,All Population,1,Deaths,152,Saudi Arabia,3,Both,27,Age-standardized,417,Liver cancer,98,Tobacco,2,Percent,1990,2023,-0.10466067983640157,0.2986715179146387,-0.4313411294350388
1,All Population,1,Deaths,61,Republic of Moldova,3,Both,27,Age-standardized,423,Larynx cancer,98,Tobacco,2,Percent,1990,2023,0.04118257865405226,0.1095115633839494,-0.029255184379508477
1,All Population,1,Deaths,141,Egypt,3,Both,27,Age-standardized,444,Lip and oral cavity cancer,98,Tobacco,2,Percent,1990,2023,-0.12223732957025146,0.2502930768714118,-0.4036323599772418
1,All Population,1,Deaths,135,Brazil,3,Both,27,Age-standardized,456,Pancreatic cancer,98,Tobacco,2,Percent,1990,2023,-0.43761259556555226,-0.3316490653723194,-0.5345935705062395
1,All Population,1,Deaths,78,Denmark,3,Both,27,Age-standardized,456,Pancreatic cancer,98,Tobacco,2,Percent,1990,2023,-0.40244707775750654,-0.320952793422981,-0.4753616955558321
1,All Population,1,Deaths,125,Colombia,3,Both,27,Age-standardized,423,Larynx cancer,98,Tobacco,2,Percent,1990,2023,-0.2574747037333425,-0.10498231205358718,-0.4233523921780849
1,All Population,1,Deaths,164,Nepal,3,Both,27,Age-standardized,426,"Tracheal, bronchus, and lung cancer",98,Tobacco,2,Percent,1990,2023,-0.2199751865912262,-0.11501527930958227,-0.31310467582968826
1,All Population,1,Deaths,141,Egypt,3,Both,27,Age-standardized,487,Leukemia,98,Tobacco,2,Percent,1990,2023,0.2878281751063451,1.0104012892254113,-0.26224343450322374
1,All Population,1,Deaths,136,Paraguay,3,Both,27,Age-standardized,487,Leukemia,98,Tobacco,2,Percent,1990,2023,-0.36123393047420227,-0.049495688908387875,-0.6183418359189079
1,All Population,1,Deaths,127,El Salvador,3,Both,27,Age-standardized,432,Cervical cancer,98,Tobacco,2,Percent,1990,2023,-0.2699910485209822,0.7208729929861742,-0.7243140518767903
1,All Population,1,Deaths,127,El Salvador,3,Both,27,Age-standardized,471,Kidney cancer,98,Tobacco,2,Percent,1990,2023,-0.18003965198115313,0.4378234096666678,-0.5816405406339811
1,All Population,1,Deaths,61,Republic of Moldova,3,Both,27,Age-standardized,444,Lip and oral cavity cancer,98,Tobacco,2,Percent,1990,2023,0.09317912152705794,0.3298188521097013,-0.1004874932526465
1,All Population,1,Deaths,61,Republic of Moldova,3,Both,27,Age-standardized,447,Nasopharynx cancer,98,Tobacco,2,Percent,1990,2023,0.20442257582151113,0.5822820820741943,-0.06468333573405877
1,All Population,1,Deaths,86,Italy,3,Both,27,Age-standardized,429,Breast cancer,98,Tobacco,2,Percent,1990,2023,-0.3965404301041159,-0.23520033003793367,-0.512255610467883
1,All Population,1,Deaths,55,Slovenia,3,Both,27,Age-standardized,444,Lip and oral cavity cancer,98,Tobacco,2,Percent,1990,2023,-0.11048837756952776,0.11243543866155928,-0.2901167993554818
1,All Population,1,Deaths,125,Colombia,3,Both,27,Age-standardized,447,Nasopharynx cancer,98,Tobacco,2,Percent,1990,2023,-0.44324390061428687,-0.1722713113770223,-0.6325305255604865
1,All Population,1,Deaths,94,Switzerland,3,Both,27,Age-standardized,438,Prostate cancer,98,Tobacco,2,Percent,1990,2023,-0.45719729985953217,-0.2544846428203547,-0.6173516731540818
1,All Population,1,Deaths,86,Italy,3,Both,27,Age-standardized,471,Kidney cancer,98,Tobacco,2,Percent,1990,2023,-0.3746803944771717,-0.2525311525162961,-0.48429365596296203
1,All Population,1,Deaths,86,Italy,3,Both,27,Age-standardized,474,Bladder cancer,98,Tobacco,2,Percent,1990,2023,-0.37828485405421447,-0.2738044755013907,-0.4789560516638981
1,All Population,1,Deaths,99,Uruguay,3,Both,27,Age-standardized,411,Esophageal cancer,98,Tobacco,2,Percent,1990,2023,-0.0809486091058933,0.09087108497031013,-0.24851734582505397
1,All Population,1,Deaths,125,Colombia,3,Both,27,Age-standardized,450,Other pharynx cancer,98,Tobacco,2,Percent,1990,2023,-0.3569143940386633,-0.1437428551234343,-0.5360647048453278
1,All Population,1,Deaths,156,United Arab Emirates,3,Both,27,Age-standardized,456,Pancreatic cancer,98,Tobacco,2,Percent,1990,2023,-0.41832474760290833,0.14943304972429577,-0.7130262359507835
1,All Population,1,Deaths,94,Switzerland,3,Both,27,Age-standardized,441,Colon and rectum cancer,98,Tobacco,2,Percent,1990,2023,-0.1820320812448482,0.039356477781681526,-0.3376545447986694
1,All Population,1,Deaths,94,Switzerland,3,Both,27,Age-standardized,444,Lip and oral cavity cancer,98,Tobacco,2,Percent,1990,2023,-0.19471104774213036,-0.08027122776212145,-0.301687060428919
1,All Population,1,Deaths,121,Bolivia (Plurinational State of),3,Both,27,Age-standardized,444,Lip and oral cavity cancer,98,Tobacco,2,Percent,1990,2023,0.003910487367666357,0.6607844461924842,-0.45920801145894236
1,All Population,1,Deaths,162,Bhutan,3,Both,27,Age-standardized,417,Liver cancer,98,Tobacco,2,Percent,1990,2023,-0.14790633412363138,0.29585465195083616,-0.5116169977059337
1,All Population,1,Deaths,162,Bhutan,3,Both,27,Age-standardized,429,Breast cancer,98,Tobacco,2,Percent,1990,2023,-0.17084372372263076,0.05338641147169762,-0.3621827394964019
1,All Population,1,Deaths,142,Iran (Islamic Republic of),3,Both,27,Age-standardized,411,Esophageal cancer,98,Tobacco,2,Percent,1990,2023,-0.061981733095407616,0.47503343762112754,-0.3805241996538145
1,All Population,1,Deaths,148,Morocco,3,Both,27,Age-standardized,411,Esophageal cancer,98,Tobacco,2,Percent,1990,2023,-0.20032459612611117,0.513804927663307,-0.5465150594792811
1,All Population,1,Deaths,164,Nepal,3,Both,27,Age-standardized,456,Pancreatic cancer,98,Tobacco,2,Percent,1990,2023,-0.35965902685471474,-0.14025056139950906,-0.5282412291831069
1,All Population,1,Deaths,84,Ireland,3,Both,27,Age-standardized,426,"Tracheal, bronchus, and lung cancer",98,Tobacco,2,Percent,1990,2023,-0.27939908437982874,-0.2198320658243329,-0.3402029720063779
1,All Population,1,Deaths,84,Ireland,3,Both,27,Age-standardized,450,Other pharynx cancer,98,Tobacco,2,Percent,1990,2023,-0.3495538209423889,-0.23915680402919956,-0.4346635770424263
1,All Population,1,Deaths,121,Bolivia (Plurinational State of),3,Both,27,Age-standardized,447,Nasopharynx cancer,98,Tobacco,2,Percent,1990,2023,0.02421314923351774,0.6828837679891467,-0.38677287319778936
1,All Population,1,Deaths,142,Iran (Islamic Republic of),3,Both,27,Age-standardized,414,Stomach cancer,98,Tobacco,2,Percent,1990,2023,-0.04073668528647798,0.603646115109827,-0.4171854088026464
1,All Population,1,Deaths,142,Iran (Islamic Republic of),3,Both,27,Age-standardized,417,Liver cancer,98,Tobacco,2,Percent,1990,2023,-0.02519330335544683,0.6546874975498845,-0.42591650010170967
1,All Population,1,Deaths,148,Morocco,3,Both,27,Age-standardized,444,Lip and oral cavity cancer,98,Tobacco,2,Percent,1990,2023,-0.2906744381380044,0.11300658062552953,-0.6195433181182348
1,All Population,1,Deaths,148,Morocco,3,Both,27,Age-standardized,447,Nasopharynx cancer,98,Tobacco,2,Percent,1990,2023,-0.32938437804705123,-0.02758587506065553,-0.5310240497881318
1,All Population,1,Deaths,146,Lebanon,3,Both,27,Age-standardized,444,Lip and oral cavity cancer,98,Tobacco,2,Percent,1990,2023,0.2319751974839784,0.7815231572572234,-0.18890268426885232
1,All Population,1,Deaths,146,Lebanon,3,Both,27,Age-standardized,447,Nasopharynx cancer,98,Tobacco,2,Percent,1990,2023,0.2554698710854743,0.7416911045913263,-0.10146893501703325
1,All Population,1,Deaths,140,Bahrain,3,Both,27,Age-standardized,444,Lip and oral cavity cancer,98,Tobacco,2,Percent,1990,2023,-0.1820577688924525,0.12813405493020183,-0.43743093864921345
1,All Population,1,Deaths,140,Bahrain,3,Both,27,Age-standardized,447,Nasopharynx cancer,98,Tobacco,2,Percent,1990,2023,-0.17499608403585606,0.1495099031953865,-0.4006322471788387
1,All Population,1,Deaths,148,Morocco,3,Both,27,Age-standardized,414,Stomach cancer,98,Tobacco,2,Percent,1990,2023,-0.31184571311342385,0.16572210503354037,-0.6225723027102451
1,All Population,1,Deaths,133,Venezuela (Bolivarian Republic of),3,Both,27,Age-standardized,444,Lip and oral cavity cancer,98,Tobacco,2,Percent,1990,2023,-0.39377047613096633,-0.018214085954569834,-0.6764638932153298
1,All Population,1,Deaths,133,Venezuela (Bolivarian Republic of),3,Both,27,Age-standardized,447,Nasopharynx cancer,98,Tobacco,2,Percent,1990,2023,-0.41974245136489696,-0.0693671791341672,-0.6752109021507617
1,All Population,1,Deaths,121,Bolivia (Plurinational State of),3,Both,27,Age-standardized,487,Leukemia,98,Tobacco,2,Percent,1990,2023,-0.010645411719224281,0.7987653589592623,-0.4916863600519452
1,All Population,1,Deaths,140,Bahrain,3,Both,27,Age-standardized,487,Leukemia,98,Tobacco,2,Percent,1990,2023,-0.11378321765123058,0.2967422632910336,-0.3919100452594261
1,All Population,1,Deaths,142,Iran (Islamic Republic of),3,Both,27,Age-standardized,429,Breast cancer,98,Tobacco,2,Percent,1990,2023,0.12021265383892636,0.39958141341210673,-0.09580450668672476
1,All Population,1,Deaths,148,Morocco,3,Both,27,Age-standardized,487,Leukemia,98,Tobacco,2,Percent,1990,2023,-0.2265200039826367,0.17512579492313946,-0.5371149498280093
1,All Population,1,Deaths,170,Congo,3,Both,27,Age-standardized,487,Leukemia,98,Tobacco,2,Percent,1990,2023,0.23026232546614853,1.66383455261546,-0.38609371425188777
1,All Population,1,Deaths,84,Ireland,3,Both,27,Age-standardized,456,Pancreatic cancer,98,Tobacco,2,Percent,1990,2023,-0.47095195359528336,-0.3626142922962197,-0.5643299699361628
1,All Population,1,Deaths,154,Tunisia,3,Both,27,Age-standardized,411,Esophageal cancer,98,Tobacco,2,Percent,1990,2023,-0.047622882840780534,0.33633933702729757,-0.30908426304346137
1,All Population,1,Deaths,154,Tunisia,3,Both,27,Age-standardized,426,"Tracheal, bronchus, and lung cancer",98,Tobacco,2,Percent,1990,2023,-0.04849284335246458,0.06324151480235848,-0.14093252161761888
1,All Population,1,Deaths,154,Tunisia,3,Both,27,Age-standardized,441,Colon and rectum cancer,98,Tobacco,2,Percent,1990,2023,-0.0050684673461461865,0.6603662108687626,-0.38527726343342594
1,All Population,1,Deaths,152,Saudi Arabia,3,Both,27,Age-standardized,432,Cervical cancer,98,Tobacco,2,Percent,1990,2023,0.09791923245060781,2.237740535636701,-0.6738577117211455
1,All Population,1,Deaths,142,Iran (Islamic Republic of),3,Both,27,Age-standardized,471,Kidney cancer,98,Tobacco,2,Percent,1990,2023,-0.031488249448783194,0.619767031259939,-0.40932959431311755
1,All Population,1,Deaths,127,El Salvador,3,Both,27,Age-standardized,474,Bladder cancer,98,Tobacco,2,Percent,1990,2023,-0.2716321709004855,0.19972916486749237,-0.6088096496104279
1,All Population,1,Deaths,152,Saudi Arabia,3,Both,27,Age-standardized,438,Prostate cancer,98,Tobacco,2,Percent,1990,2023,-0.08627717494268004,0.3867948803942544,-0.4398600897335295
1,All Population,1,Deaths,152,Saudi Arabia,3,Both,27,Age-standardized,441,Colon and rectum cancer,98,Tobacco,2,Percent,1990,2023,0.13190382812521922,0.7208591982505185,-0.3045213528295538
1,All Population,1,Deaths,152,Saudi Arabia,3,Both,27,Age-standardized,474,Bladder cancer,98,Tobacco,2,Percent,1990,2023,-0.05808650005478894,0.32427133460229635,-0.3746374259058166
1,All Population,1,Deaths,152,Saudi Arabia,3,Both,27,Age-standardized,450,Other pharynx cancer,98,Tobacco,2,Percent,1990,2023,-0.05920038360886334,0.3665560490938986,-0.3648308628499276
1,All Population,1,Deaths,152,Saudi Arabia,3,Both,27,Age-standardized,456,Pancreatic cancer,98,Tobacco,2,Percent,1990,2023,0.06835096424641063,0.6205623356611659,-0.3489586245764863
1,All Population,1,Deaths,148,Morocco,3,Both,27,Age-standardized,429,Breast cancer,98,Tobacco,2,Percent,1990,2023,-0.22971708604560856,-0.08340645910862479,-0.345607514283811
1,All Population,1,Deaths,171,Democratic Republic of the Congo,3,Both,27,Age-standardized,414,Stomach cancer,98,Tobacco,2,Percent,1990,2023,-0.17130105835061657,0.5812492689626574,-0.6082613372013248
1,All Population,1,Deaths,61,Republic of Moldova,3,Both,27,Age-standardized,450,Other pharynx cancer,98,Tobacco,2,Percent,1990,2023,0.08711525384795518,0.26418222541297354,-0.07654708307387956
1,All Population,1,Deaths,154,Tunisia,3,Both,27,Age-standardized,456,Pancreatic cancer,98,Tobacco,2,Percent,1990,2023,-0.07547288766576217,0.38075242478352955,-0.4102036238339655
1,All Population,1,Deaths,154,Tunisia,3,Both,27,Age-standardized,471,Kidney cancer,98,Tobacco,2,Percent,1990,2023,-0.07232461036552597,0.3570682787404049,-0.37987985100119087
1,All Population,1,Deaths,160,Afghanistan,3,Both,27,Age-standardized,423,Larynx cancer,98,Tobacco,2,Percent,1990,2023,0.30243173744987417,1.0085384738761447,-0.07525061227444335
1,All Population,1,Deaths,171,Democratic Republic of the Congo,3,Both,27,Age-standardized,417,Liver cancer,98,Tobacco,2,Percent,1990,2023,-0.0911579106153275,0.5996623091916289,-0.4991101579434826
1,All Population,1,Deaths,148,Morocco,3,Both,27,Age-standardized,471,Kidney cancer,98,Tobacco,2,Percent,1990,2023,-0.21852595196072452,0.3509555251912705,-0.5257153039410525
1,All Population,1,Deaths,117,Saint Vincent and the Grenadines,3,Both,27,Age-standardized,423,Larynx cancer,98,Tobacco,2,Percent,1990,2023,-0.07429609956095934,0.10172233068917345,-0.2510471376492451
1,All Population,1,Deaths,117,Saint Vincent and the Grenadines,3,Both,27,Age-standardized,426,"Tracheal, bronchus, and lung cancer",98,Tobacco,2,Percent,1990,2023,-0.1835526570541839,0.06446547278970916,-0.3986884170045254
1,All Population,1,Deaths,160,Afghanistan,3,Both,27,Age-standardized,447,Nasopharynx cancer,98,Tobacco,2,Percent,1990,2023,0.33367231944228215,1.3204855610805142,-0.19694020636303292
1,All Population,1,Deaths,160,Afghanistan,3,Both,27,Age-standardized,450,Other pharynx cancer,98,Tobacco,2,Percent,1990,2023,0.36802429010594895,1.3029287426151583,-0.15897011485337292
1,All Population,1,Deaths,146,Lebanon,3,Both,27,Age-standardized,411,Esophageal cancer,98,Tobacco,2,Percent,1990,2023,0.19378755515792112,0.6950039824185854,-0.09786110408409784
1,All Population,1,Deaths,171,Democratic Republic of the Congo,3,Both,27,Age-standardized,432,Cervical cancer,98,Tobacco,2,Percent,1990,2023,-0.19842687229321748,1.224759402901232,-0.7598176929619588
1,All Population,1,Deaths,171,Democratic Republic of the Congo,3,Both,27,Age-standardized,438,Prostate cancer,98,Tobacco,2,Percent,1990,2023,-0.06762433426111394,0.5167679906344038,-0.4722831026780403
1,All Population,1,Deaths,117,Saint Vincent and the Grenadines,3,Both,27,Age-standardized,450,Other pharynx cancer,98,Tobacco,2,Percent,1990,2023,-0.07203072260618656,0.26238103987637146,-0.3671354409575642
1,All Population,1,Deaths,171,Democratic Republic of the Congo,3,Both,27,Age-standardized,474,Bladder cancer,98,Tobacco,2,Percent,1990,2023,-0.12618015925979267,0.6199220301212862,-0.540187735040238
1,All Population,1,Deaths,117,Saint Vincent and the Grenadines,3,Both,27,Age-standardized,456,Pancreatic cancer,98,Tobacco,2,Percent,1990,2023,-0.060139153281467427,0.4483623150760325,-0.43613632461485097
1,All Population,1,Deaths,55,Slovenia,3,Both,27,Age-standardized,447,Nasopharynx cancer,98,Tobacco,2,Percent,1990,2023,0.030579033775218846,0.3566772812033181,-0.20776620581824062
1,All Population,1,Deaths,55,Slovenia,3,Both,27,Age-standardized,487,Leukemia,98,Tobacco,2,Percent,1990,2023,0.1029779961375918,0.47810431222034605,-0.19068340749989496
1,All Population,1,Deaths,144,Jordan,3,Both,27,Age-standardized,411,Esophageal cancer,98,Tobacco,2,Percent,1990,2023,-0.05119011043350526,0.23816751701384814,-0.2730553391835304
1,All Population,1,Deaths,160,Afghanistan,3,Both,27,Age-standardized,411,Esophageal cancer,98,Tobacco,2,Percent,1990,2023,0.49115274799952274,1.6982990922222387,-0.16539787279377058
1,All Population,1,Deaths,119,Trinidad and Tobago,3,Both,27,Age-standardized,423,Larynx cancer,98,Tobacco,2,Percent,1990,2023,-0.05346134114839253,0.12326867613725917,-0.2085191130379396
1,All Population,1,Deaths,146,Lebanon,3,Both,27,Age-standardized,423,Larynx cancer,98,Tobacco,2,Percent,1990,2023,0.1163618524483682,0.3113325427352725,-0.033439988241239185
1,All Population,1,Deaths,156,United Arab Emirates,3,Both,27,Age-standardized,414,Stomach cancer,98,Tobacco,2,Percent,1990,2023,-0.47292232336711437,0.03548460527985813,-0.7253005575557583
1,All Population,1,Deaths,142,Iran (Islamic Republic of),3,Both,27,Age-standardized,444,Lip and oral cavity cancer,98,Tobacco,2,Percent,1990,2023,-0.14434813965598586,0.3244489141593073,-0.4785724801736325
1,All Population,1,Deaths,142,Iran (Islamic Republic of),3,Both,27,Age-standardized,447,Nasopharynx cancer,98,Tobacco,2,Percent,1990,2023,-0.06362478915917946,0.46065862891733844,-0.3868618004507717
1,All Population,1,Deaths,119,Trinidad and Tobago,3,Both,27,Age-standardized,426,"Tracheal, bronchus, and lung cancer",98,Tobacco,2,Percent,1990,2023,-0.10327822269840298,0.10877416934573202,-0.29611499066732916
1,All Population,1,Deaths,133,Venezuela (Bolivarian Republic of),3,Both,27,Age-standardized,487,Leukemia,98,Tobacco,2,Percent,1990,2023,-0.4994580982656458,-0.17472910024341282,-0.7457222799668226
1,All Population,1,Deaths,142,Iran (Islamic Republic of),3,Both,27,Age-standardized,487,Leukemia,98,Tobacco,2,Percent,1990,2023,0.13181630642240894,0.8417322289578294,-0.3284194908119282
1,All Population,1,Deaths,144,Jordan,3,Both,27,Age-standardized,438,Prostate cancer,98,Tobacco,2,Percent,1990,2023,-0.2440329586184424,0.08523066001951939,-0.48965897256234386
1,All Population,1,Deaths,154,Tunisia,3,Both,27,Age-standardized,444,Lip and oral cavity cancer,98,Tobacco,2,Percent,1990,2023,-0.08493614276860494,0.18868249264312748,-0.33495750732019947
1,All Population,1,Deaths,156,United Arab Emirates,3,Both,27,Age-standardized,438,Prostate cancer,98,Tobacco,2,Percent,1990,2023,-0.5501480206867135,-0.29382160800252666,-0.7444660386846738
1,All Population,1,Deaths,146,Lebanon,3,Both,27,Age-standardized,414,Stomach cancer,98,Tobacco,2,Percent,1990,2023,0.3467347191034074,1.090125497119759,-0.19930780938779907
1,All Population,1,Deaths,146,Lebanon,3,Both,27,Age-standardized,426,"Tracheal, bronchus, and lung cancer",98,Tobacco,2,Percent,1990,2023,0.11717133032943923,0.31466928971962593,-0.049464597580169564
1,All Population,1,Deaths,144,Jordan,3,Both,27,Age-standardized,441,Colon and rectum cancer,98,Tobacco,2,Percent,1990,2023,-0.04194047032038769,0.4272211417554583,-0.3434979203824074
1,All Population,1,Deaths,144,Jordan,3,Both,27,Age-standardized,444,Lip and oral cavity cancer,98,Tobacco,2,Percent,1990,2023,-0.0811257575541537,0.1543772156012438,-0.3253042553920733
1,All Population,1,Deaths,162,Bhutan,3,Both,27,Age-standardized,432,Cervical cancer,98,Tobacco,2,Percent,1990,2023,-0.17817539578598468,1.1210242993630277,-0.7022098036642014
1,All Population,1,Deaths,162,Bhutan,3,Both,27,Age-standardized,438,Prostate cancer,98,Tobacco,2,Percent,1990,2023,-0.21732581609056312,0.09882827218695056,-0.47779779509202785
1,All Population,1,Deaths,154,Tunisia,3,Both,27,Age-standardized,487,Leukemia,98,Tobacco,2,Percent,1990,2023,-0.059150973122476476,0.3794270798090035,-0.37460857189838315
1,All Population,1,Deaths,156,United Arab Emirates,3,Both,27,Age-standardized,441,Colon and rectum cancer,98,Tobacco,2,Percent,1990,2023,-0.41112688770506145,0.06961375670612005,-0.7054880445953972
1,All Population,1,Deaths,160,Afghanistan,3,Both,27,Age-standardized,426,"Tracheal, bronchus, and lung cancer",98,Tobacco,2,Percent,1990,2023,0.2899973468872567,0.796002353059843,-0.10932722407029953
1,All Population,1,Deaths,146,Lebanon,3,Both,27,Age-standardized,429,Breast cancer,98,Tobacco,2,Percent,1990,2023,0.3979498869722549,0.7244181514710935,0.09418743630951541
1,All Population,1,Deaths,146,Lebanon,3,Both,27,Age-standardized,456,Pancreatic cancer,98,Tobacco,2,Percent,1990,2023,0.30023996424161364,0.9246723499557689,-0.14001875596128466
1,All Population,1,Deaths,144,Jordan,3,Both,27,Age-standardized,487,Leukemia,98,Tobacco,2,Percent,1990,2023,0.06386346466887899,0.512361400400065,-0.27175710577411355
1,All Population,1,Deaths,162,Bhutan,3,Both,27,Age-standardized,474,Bladder cancer,98,Tobacco,2,Percent,1990,2023,-0.24884374623133704,0.25015060159010394,-0.5352740664523908
1,All Population,1,Deaths,160,Afghanistan,3,Both,27,Age-standardized,456,Pancreatic cancer,98,Tobacco,2,Percent,1990,2023,0.46511236791248856,1.6516522571610375,-0.2296056497735218
1,All Population,1,Deaths,114,Haiti,3,Both,27,Age-standardized,414,Stomach cancer,98,Tobacco,2,Percent,1990,2023,-0.23765223722077528,0.25624607155942264,-0.5668936806434032
1,All Population,1,Deaths,114,Haiti,3,Both,27,Age-standardized,417,Liver cancer,98,Tobacco,2,Percent,1990,2023,-0.15126066659546844,0.4049146041550502,-0.5346549717202799
1,All Population,1,Deaths,160,Afghanistan,3,Both,27,Age-standardized,471,Kidney cancer,98,Tobacco,2,Percent,1990,2023,0.3030265200483228,1.3568836077173212,-0.27373859198440637
1,All Population,1,Deaths,107,Barbados,3,Both,27,Age-standardized,417,Liver cancer,98,Tobacco,2,Percent,1990,2023,-0.09336668964315767,0.424264307091902,-0.4693864163636695
1,All Population,1,Deaths,154,Tunisia,3,Both,27,Age-standardized,414,Stomach cancer,98,Tobacco,2,Percent,1990,2023,-0.09126380204024251,0.5055827777064223,-0.43365482247043435
1,All Population,1,Deaths,154,Tunisia,3,Both,27,Age-standardized,417,Liver cancer,98,Tobacco,2,Percent,1990,2023,0.03776539223770509,0.6368984754610675,-0.31191069446664654
1,All Population,1,Deaths,152,Saudi Arabia,3,Both,27,Age-standardized,411,Esophageal cancer,98,Tobacco,2,Percent,1990,2023,-0.14096673039311391,0.35965646700782794,-0.4610021888880879
1,All Population,1,Deaths,146,Lebanon,3,Both,27,Age-standardized,487,Leukemia,98,Tobacco,2,Percent,1990,2023,0.5607681212376897,1.8305229858388852,-0.14412628694278684
1,All Population,1,Deaths,140,Bahrain,3,Both,27,Age-standardized,411,Esophageal cancer,98,Tobacco,2,Percent,1990,2023,-0.10950894939004635,0.2644341129341496,-0.34807231391269255
1,All Population,1,Deaths,123,Peru,3,Both,27,Age-standardized,438,Prostate cancer,98,Tobacco,2,Percent,1990,2023,-0.389545715720501,-0.0634351617541798,-0.6443939066258221
1,All Population,1,Deaths,123,Peru,3,Both,27,Age-standardized,441,Colon and rectum cancer,98,Tobacco,2,Percent,1990,2023,-0.2550945469570997,0.3734292215544094,-0.6012702207735532
1,All Population,1,Deaths,154,Tunisia,3,Both,27,Age-standardized,429,Breast cancer,98,Tobacco,2,Percent,1990,2023,-0.05054711368978754,0.08371762041092341,-0.17225928491621706
1,All Population,1,Deaths,82,Greece,3,Both,27,Age-standardized,414,Stomach cancer,98,Tobacco,2,Percent,1990,2023,-0.07084273137463086,0.18065467279533456,-0.24790300709958327
1,All Population,1,Deaths,82,Greece,3,Both,27,Age-standardized,417,Liver cancer,98,Tobacco,2,Percent,1990,2023,0.11964131989434594,0.35184652270049266,-0.05042337285988027
1,All Population,1,Deaths,150,Oman,3,Both,27,Age-standardized,423,Larynx cancer,98,Tobacco,2,Percent,1990,2023,-0.1610638542864003,-0.026542204774106883,-0.27183888079347124
1,All Population,1,Deaths,150,Oman,3,Both,27,Age-standardized,444,Lip and oral cavity cancer,98,Tobacco,2,Percent,1990,2023,-0.42353258783082004,-0.13134185198462517,-0.6291582121678625
1,All Population,1,Deaths,140,Bahrain,3,Both,27,Age-standardized,414,Stomach cancer,98,Tobacco,2,Percent,1990,2023,-0.13488543270299763,0.33557311219863134,-0.4635520885689509
1,All Population,1,Deaths,140,Bahrain,3,Both,27,Age-standardized,417,Liver cancer,98,Tobacco,2,Percent,1990,2023,-0.04154098447049971,0.376241650377373,-0.39112725738680454
1,All Population,1,Deaths,179,Ethiopia,3,Both,27,Age-standardized,438,Prostate cancer,98,Tobacco,2,Percent,1990,2023,-0.09992932174208907,0.4979883119627197,-0.501092734011983
1,All Population,1,Deaths,179,Ethiopia,3,Both,27,Age-standardized,441,Colon and rectum cancer,98,Tobacco,2,Percent,1990,2023,-0.170570521559225,0.5685906162966251,-0.5694706828572657
1,All Population,1,Deaths,154,Tunisia,3,Both,27,Age-standardized,432,Cervical cancer,98,Tobacco,2,Percent,1990,2023,-0.17821501814149832,1.6407455072772688,-0.7672878493027827
1,All Population,1,Deaths,154,Tunisia,3,Both,27,Age-standardized,438,Prostate cancer,98,Tobacco,2,Percent,1990,2023,-0.1472056320947776,0.19044196223798782,-0.4203975853070632
1,All Population,1,Deaths,156,United Arab Emirates,3,Both,27,Age-standardized,417,Liver cancer,98,Tobacco,2,Percent,1990,2023,-0.3675871039172955,0.16301221265066823,-0.6681865145688102
1,All Population,1,Deaths,156,United Arab Emirates,3,Both,27,Age-standardized,429,Breast cancer,98,Tobacco,2,Percent,1990,2023,-0.3517083479158291,-0.18662871158941233,-0.4782274000259053
1,All Population,1,Deaths,140,Bahrain,3,Both,27,Age-standardized,429,Breast cancer,98,Tobacco,2,Percent,1990,2023,-0.033726581644534376,0.22355410226339328,-0.24336351053338567
1,All Population,1,Deaths,123,Peru,3,Both,27,Age-standardized,487,Leukemia,98,Tobacco,2,Percent,1990,2023,-0.27487957237289884,0.2912408019078869,-0.6003946477956189
1,All Population,1,Deaths,128,Guatemala,3,Both,27,Age-standardized,423,Larynx cancer,98,Tobacco,2,Percent,1990,2023,-0.2250026772391212,0.012793300018353411,-0.4283267006415508
1,All Population,1,Deaths,154,Tunisia,3,Both,27,Age-standardized,474,Bladder cancer,98,Tobacco,2,Percent,1990,2023,-0.04811668893871332,0.2453538024536464,-0.2892554620545727
1,All Population,1,Deaths,152,Saudi Arabia,3,Both,27,Age-standardized,414,Stomach cancer,98,Tobacco,2,Percent,1990,2023,-0.057516826127905325,0.47300143791080124,-0.40922624306477623
1,All Population,1,Deaths,152,Saudi Arabia,3,Both,27,Age-standardized,426,"Tracheal, bronchus, and lung cancer",98,Tobacco,2,Percent,1990,2023,-0.10205876056616178,0.10783706190216133,-0.28712315834452334
1,All Population,1,Deaths,146,Lebanon,3,Both,27,Age-standardized,450,Other pharynx cancer,98,Tobacco,2,Percent,1990,2023,0.14339878898249536,0.4734773726308029,-0.129006105688836
1,All Population,1,Deaths,63,Ukraine,3,Both,27,Age-standardized,411,Esophageal cancer,98,Tobacco,2,Percent,1990,2023,-0.03259937928534807,0.13845751001549803,-0.19053306975658477
1,All Population,1,Deaths,173,Gabon,3,Both,27,Age-standardized,411,Esophageal cancer,98,Tobacco,2,Percent,1990,2023,0.6665747506606445,1.9463111440972494,-0.06169325329382841
1,All Population,1,Deaths,183,Mauritius,3,Both,27,Age-standardized,423,Larynx cancer,98,Tobacco,2,Percent,1990,2023,-0.1333299172195354,-0.058545355103527534,-0.2223545247006547
1,All Population,1,Deaths,183,Mauritius,3,Both,27,Age-standardized,426,"Tracheal, bronchus, and lung cancer",98,Tobacco,2,Percent,1990,2023,-0.1331219354367271,-0.0051105722122373985,-0.24171723071322293
1,All Population,1,Deaths,190,Uganda,3,Both,27,Age-standardized,423,Larynx cancer,98,Tobacco,2,Percent,1990,2023,0.002862392211768145,0.3815682529331221,-0.28841286278014006
1,All Population,1,Deaths,190,Uganda,3,Both,27,Age-standardized,426,"Tracheal, bronchus, and lung cancer",98,Tobacco,2,Percent,1990,2023,-0.08820054452003408,0.36577476146381344,-0.3790597021136112
1,All Population,1,Deaths,107,Barbados,3,Both,27,Age-standardized,432,Cervical cancer,98,Tobacco,2,Percent,1990,2023,-0.11843789697945457,1.1835169083400876,-0.6915136717915765
1,All Population,1,Deaths,107,Barbados,3,Both,27,Age-standardized,438,Prostate cancer,98,Tobacco,2,Percent,1990,2023,-0.21217004732957948,0.26555920901488383,-0.5520280655496602
1,All Population,1,Deaths,107,Barbados,3,Both,27,Age-standardized,441,Colon and rectum cancer,98,Tobacco,2,Percent,1990,2023,-0.18310956581368973,0.3828787927399828,-0.5342565327416517
1,All Population,1,Deaths,183,Mauritius,3,Both,27,Age-standardized,450,Other pharynx cancer,98,Tobacco,2,Percent,1990,2023,-0.1926700576917911,-0.05455270393087006,-0.34297386349425035
1,All Population,1,Deaths,152,Saudi Arabia,3,Both,27,Age-standardized,429,Breast cancer,98,Tobacco,2,Percent,1990,2023,0.13554179505795014,0.42316365721079974,-0.09176939868746746
1,All Population,1,Deaths,146,Lebanon,3,Both,27,Age-standardized,471,Kidney cancer,98,Tobacco,2,Percent,1990,2023,0.27309831886789165,1.0101520678955556,-0.1574871730262851
1,All Population,1,Deaths,144,Jordan,3,Both,27,Age-standardized,426,"Tracheal, bronchus, and lung cancer",98,Tobacco,2,Percent,1990,2023,-0.037968047082271715,0.06123713432516623,-0.1308818421300854
1,All Population,1,Deaths,187,Somalia,3,Both,27,Age-standardized,423,Larynx cancer,98,Tobacco,2,Percent,1990,2023,-0.048932039383997795,0.3430009001637291,-0.3305992204957878
1,All Population,1,Deaths,107,Barbados,3,Both,27,Age-standardized,474,Bladder cancer,98,Tobacco,2,Percent,1990,2023,-0.2030253657653425,0.2860473872501882,-0.5357383171885485
1,All Population,1,Deaths,90,Norway,3,Both,27,Age-standardized,438,Prostate cancer,98,Tobacco,2,Percent,1990,2023,-0.6179727310093598,-0.4930756310095196,-0.7138513511518831
1,All Population,1,Deaths,90,Norway,3,Both,27,Age-standardized,441,Colon and rectum cancer,98,Tobacco,2,Percent,1990,2023,-0.4902104923317942,-0.2856527353279621,-0.6337365315403717
1,All Population,1,Deaths,114,Haiti,3,Both,27,Age-standardized,429,Breast cancer,98,Tobacco,2,Percent,1990,2023,-0.23624004376432792,-0.05212960226577247,-0.40366845290154496
1,All Population,1,Deaths,136,Paraguay,3,Both,27,Age-standardized,411,Esophageal cancer,98,Tobacco,2,Percent,1990,2023,-0.3057945833033506,-0.06292600029942921,-0.5092770394475138
1,All Population,1,Deaths,136,Paraguay,3,Both,27,Age-standardized,414,Stomach cancer,98,Tobacco,2,Percent,1990,2023,-0.39923207380577874,-0.10002534109066541,-0.6223652256029919
1,All Population,1,Deaths,183,Mauritius,3,Both,27,Age-standardized,456,Pancreatic cancer,98,Tobacco,2,Percent,1990,2023,-0.10299785044049842,0.20776379144032894,-0.3754354699978196
1,All Population,1,Deaths,152,Saudi Arabia,3,Both,27,Age-standardized,471,Kidney cancer,98,Tobacco,2,Percent,1990,2023,0.14005918480571034,0.7501475644552182,-0.25352860777879915
1,All Population,1,Deaths,144,Jordan,3,Both,27,Age-standardized,456,Pancreatic cancer,98,Tobacco,2,Percent,1990,2023,-0.0888839570284684,0.3313693104195689,-0.3993835943302185
1,All Population,1,Deaths,187,Somalia,3,Both,27,Age-standardized,447,Nasopharynx cancer,98,Tobacco,2,Percent,1990,2023,-0.10858387612068705,0.5489334959796599,-0.45147142467851425
1,All Population,1,Deaths,187,Somalia,3,Both,27,Age-standardized,450,Other pharynx cancer,98,Tobacco,2,Percent,1990,2023,-0.10158023503155991,0.44437993412362964,-0.44869628152404395
1,All Population,1,Deaths,90,Norway,3,Both,27,Age-standardized,444,Lip and oral cavity cancer,98,Tobacco,2,Percent,1990,2023,-0.38039988244201955,-0.2224771227578262,-0.5071838474021163
1,All Population,1,Deaths,114,Haiti,3,Both,27,Age-standardized,432,Cervical cancer,98,Tobacco,2,Percent,1990,2023,-0.1967749710074,0.5478704946306979,-0.6051109338744732
1,All Population,1,Deaths,114,Haiti,3,Both,27,Age-standardized,438,Prostate cancer,98,Tobacco,2,Percent,1990,2023,-0.13038212062575194,0.28630913767745403,-0.46125088111292806
1,All Population,1,Deaths,136,Paraguay,3,Both,27,Age-standardized,417,Liver cancer,98,Tobacco,2,Percent,1990,2023,-0.2006874478991236,0.19732506738454542,-0.5091973698211599
1,All Population,1,Deaths,82,Greece,3,Both,27,Age-standardized,429,Breast cancer,98,Tobacco,2,Percent,1990,2023,-0.2642775108642758,-0.15705486186527567,-0.3505669982068298
1,All Population,1,Deaths,119,Trinidad and Tobago,3,Both,27,Age-standardized,450,Other pharynx cancer,98,Tobacco,2,Percent,1990,2023,-0.09401031563920974,0.23728987599523915,-0.35790917325570637
1,All Population,1,Deaths,119,Trinidad and Tobago,3,Both,27,Age-standardized,456,Pancreatic cancer,98,Tobacco,2,Percent,1990,2023,-0.12495535361962151,0.36802238260707537,-0.4817450248438315
1,All Population,1,Deaths,90,Norway,3,Both,27,Age-standardized,487,Leukemia,98,Tobacco,2,Percent,1990,2023,-0.4263659607903552,-0.15152114412872558,-0.5985623278074416
1,All Population,1,Deaths,136,Paraguay,3,Both,27,Age-standardized,429,Breast cancer,98,Tobacco,2,Percent,1990,2023,-0.26430222205086257,-0.08227939793731617,-0.43849073788906184
1,All Population,1,Deaths,136,Paraguay,3,Both,27,Age-standardized,432,Cervical cancer,98,Tobacco,2,Percent,1990,2023,-0.2746730921734179,0.38389804014316187,-0.6096741644012322
1,All Population,1,Deaths,114,Haiti,3,Both,27,Age-standardized,474,Bladder cancer,98,Tobacco,2,Percent,1990,2023,-0.2404464200036514,0.20109444039463872,-0.552113781752277
1,All Population,1,Deaths,78,Denmark,3,Both,27,Age-standardized,411,Esophageal cancer,98,Tobacco,2,Percent,1990,2023,-0.2743394956570623,-0.1864930498777933,-0.3643617004996335
1,All Population,1,Deaths,78,Denmark,3,Both,27,Age-standardized,414,Stomach cancer,98,Tobacco,2,Percent,1990,2023,-0.38514429793491056,-0.2818987079494625,-0.4804387163199083
1,All Population,1,Deaths,126,Costa Rica,3,Both,27,Age-standardized,423,Larynx cancer,98,Tobacco,2,Percent,1990,2023,-0.230388661830873,-0.12358682287641996,-0.3280687424018865
1,All Population,1,Deaths,94,Switzerland,3,Both,27,Age-standardized,487,Leukemia,98,Tobacco,2,Percent,1990,2023,-0.10619581520411947,0.12216493795056421,-0.2898510452701483
1,All Population,1,Deaths,82,Greece,3,Both,27,Age-standardized,432,Cervical cancer,98,Tobacco,2,Percent,1990,2023,0.3506578095885856,0.6614476777474874,0.1309713827759702
1,All Population,1,Deaths,82,Greece,3,Both,27,Age-standardized,471,Kidney cancer,98,Tobacco,2,Percent,1990,2023,-0.058685570805639097,0.14294650826515917,-0.2114374351630936
1,All Population,1,Deaths,136,Paraguay,3,Both,27,Age-standardized,471,Kidney cancer,98,Tobacco,2,Percent,1990,2023,-0.3577071220581572,-0.025840193080491777,-0.5972831493375754
1,All Population,1,Deaths,136,Paraguay,3,Both,27,Age-standardized,474,Bladder cancer,98,Tobacco,2,Percent,1990,2023,-0.35390509904629863,-0.10189598487450573,-0.5353413101740356
1,All Population,1,Deaths,156,United Arab Emirates,3,Both,27,Age-standardized,432,Cervical cancer,98,Tobacco,2,Percent,1990,2023,-0.5502566506419532,0.5981363629453446,-0.8831573531033167
1,All Population,1,Deaths,156,United Arab Emirates,3,Both,27,Age-standardized,471,Kidney cancer,98,Tobacco,2,Percent,1990,2023,-0.48159086655781336,-0.01624120423017639,-0.7283665776912023
1,All Population,1,Deaths,185,Rwanda,3,Both,27,Age-standardized,444,Lip and oral cavity cancer,98,Tobacco,2,Percent,1990,2023,0.19122352781717122,0.737109367435641,-0.29418283921881305
1,All Population,1,Deaths,173,Gabon,3,Both,27,Age-standardized,426,"Tracheal, bronchus, and lung cancer",98,Tobacco,2,Percent,1990,2023,0.3753472136574751,1.0730880724878489,-0.11186251487664693
1,All Population,1,Deaths,156,United Arab Emirates,3,Both,27,Age-standardized,474,Bladder cancer,98,Tobacco,2,Percent,1990,2023,-0.4210683837730784,0.02089745454392647,-0.6622761078235391
1,All Population,1,Deaths,179,Ethiopia,3,Both,27,Age-standardized,411,Esophageal cancer,98,Tobacco,2,Percent,1990,2023,-0.1392318275153912,0.7375110653290684,-0.5545390697755852
1,All Population,1,Deaths,179,Ethiopia,3,Both,27,Age-standardized,423,Larynx cancer,98,Tobacco,2,Percent,1990,2023,-0.05414494511961304,0.4231585167496219,-0.37770070648723997
1,All Population,1,Deaths,179,Ethiopia,3,Both,27,Age-standardized,426,"Tracheal, bronchus, and lung cancer",98,Tobacco,2,Percent,1990,2023,-0.1295763210525414,0.3531529762010542,-0.4355407255329576
1,All Population,1,Deaths,185,Rwanda,3,Both,27,Age-standardized,447,Nasopharynx cancer,98,Tobacco,2,Percent,1990,2023,0.19394617910070192,0.8254199430385292,-0.26111169298186404
1,All Population,1,Deaths,185,Rwanda,3,Both,27,Age-standardized,487,Leukemia,98,Tobacco,2,Percent,1990,2023,0.5277380594792386,1.9378448482556143,-0.22613545416412076
1,All Population,1,Deaths,82,Greece,3,Both,27,Age-standardized,474,Bladder cancer,98,Tobacco,2,Percent,1990,2023,-0.09473027271006094,0.02453214817755449,-0.2139383486180027
1,All Population,1,Deaths,130,Mexico,3,Both,27,Age-standardized,417,Liver cancer,98,Tobacco,2,Percent,1990,2023,-0.44771953434909123,-0.2781978521721745,-0.5907804684541946
1,All Population,1,Deaths,148,Morocco,3,Both,27,Age-standardized,423,Larynx cancer,98,Tobacco,2,Percent,1990,2023,-0.13072440033130253,0.042833858822069706,-0.2884222184267309
1,All Population,1,Deaths,125,Colombia,3,Both,27,Age-standardized,417,Liver cancer,98,Tobacco,2,Percent,1990,2023,-0.38052465956435744,-0.09096612991129534,-0.6122158656670921
1,All Population,1,Deaths,140,Bahrain,3,Both,27,Age-standardized,432,Cervical cancer,98,Tobacco,2,Percent,1990,2023,-0.42524460326831115,0.4017306186214049,-0.790467812147236
1,All Population,1,Deaths,140,Bahrain,3,Both,27,Age-standardized,471,Kidney cancer,98,Tobacco,2,Percent,1990,2023,-0.1671314587944064,0.2588418509502357,-0.44318886277097663
1,All Population,1,Deaths,179,Ethiopia,3,Both,27,Age-standardized,450,Other pharynx cancer,98,Tobacco,2,Percent,1990,2023,-0.10665643477388924,0.5346828912958197,-0.49741760391541123
1,All Population,1,Deaths,126,Costa Rica,3,Both,27,Age-standardized,426,"Tracheal, bronchus, and lung cancer",98,Tobacco,2,Percent,1990,2023,-0.3487044340082349,-0.22525320507823693,-0.45596010922859315
1,All Population,1,Deaths,187,Somalia,3,Both,27,Age-standardized,417,Liver cancer,98,Tobacco,2,Percent,1990,2023,-0.05632808955997106,0.7054183083771993,-0.46450059181431785
1,All Population,1,Deaths,130,Mexico,3,Both,27,Age-standardized,429,Breast cancer,98,Tobacco,2,Percent,1990,2023,-0.48008454492564556,-0.3757296792291027,-0.5701795937207719
1,All Population,1,Deaths,130,Mexico,3,Both,27,Age-standardized,432,Cervical cancer,98,Tobacco,2,Percent,1990,2023,-0.49121061315839676,-0.19714189332926818,-0.6749087416910511
1,All Population,1,Deaths,121,Bolivia (Plurinational State of),3,Both,27,Age-standardized,411,Esophageal cancer,98,Tobacco,2,Percent,1990,2023,0.049994354709025975,0.8657445647229449,-0.3911765278957958
1,All Population,1,Deaths,121,Bolivia (Plurinational State of),3,Both,27,Age-standardized,414,Stomach cancer,98,Tobacco,2,Percent,1990,2023,0.049364795428711805,0.9244788262583029,-0.44774267990833894
1,All Population,1,Deaths,139,Algeria,3,Both,27,Age-standardized,423,Larynx cancer,98,Tobacco,2,Percent,1990,2023,-0.04883828389991728,0.08898732843744257,-0.1842843425047033
1,All Population,1,Deaths,143,Iraq,3,Both,27,Age-standardized,444,Lip and oral cavity cancer,98,Tobacco,2,Percent,1990,2023,-0.1489899902601266,0.19185108635273757,-0.44218031758877574
1,All Population,1,Deaths,148,Morocco,3,Both,27,Age-standardized,426,"Tracheal, bronchus, and lung cancer",98,Tobacco,2,Percent,1990,2023,-0.15639366504220717,-0.0035226094422907655,-0.28392491648216134
1,All Population,1,Deaths,179,Ethiopia,3,Both,27,Age-standardized,456,Pancreatic cancer,98,Tobacco,2,Percent,1990,2023,-0.18672479723602275,0.5531843913475244,-0.6126761777513399
1,All Population,1,Deaths,125,Colombia,3,Both,27,Age-standardized,429,Breast cancer,98,Tobacco,2,Percent,1990,2023,-0.4327294663019025,-0.28371791864645635,-0.5529822080503322
1,All Population,1,Deaths,122,Ecuador,3,Both,27,Age-standardized,417,Liver cancer,98,Tobacco,2,Percent,1990,2023,-0.32135000504266975,0.057443737024321644,-0.5854493203021011
1,All Population,1,Deaths,140,Bahrain,3,Both,27,Age-standardized,474,Bladder cancer,98,Tobacco,2,Percent,1990,2023,-0.12685583527180536,0.1776396964139918,-0.387607747884246
1,All Population,1,Deaths,187,Somalia,3,Both,27,Age-standardized,432,Cervical cancer,98,Tobacco,2,Percent,1990,2023,-0.03948391283307202,2.0962302827664816,-0.7306355881367264
1,All Population,1,Deaths,187,Somalia,3,Both,27,Age-standardized,438,Prostate cancer,98,Tobacco,2,Percent,1990,2023,0.029377406965183563,0.709952922494794,-0.42071559325200575
1,All Population,1,Deaths,143,Iraq,3,Both,27,Age-standardized,447,Nasopharynx cancer,98,Tobacco,2,Percent,1990,2023,-0.15237921480038558,0.2379552700870831,-0.41493342787845555
1,All Population,1,Deaths,130,Mexico,3,Both,27,Age-standardized,438,Prostate cancer,98,Tobacco,2,Percent,1990,2023,-0.46538046846615494,-0.27050030701773553,-0.592480758032073
1,All Population,1,Deaths,130,Mexico,3,Both,27,Age-standardized,471,Kidney cancer,98,Tobacco,2,Percent,1990,2023,-0.5318420199238542,-0.3643140576323512,-0.6555953047483318
1,All Population,1,Deaths,130,Mexico,3,Both,27,Age-standardized,474,Bladder cancer,98,Tobacco,2,Percent,1990,2023,-0.47620943374094565,-0.330968122182406,-0.5915264105180574
1,All Population,1,Deaths,173,Gabon,3,Both,27,Age-standardized,456,Pancreatic cancer,98,Tobacco,2,Percent,1990,2023,0.5984694538655033,2.198210875088352,-0.22935424756358513
1,All Population,1,Deaths,148,Morocco,3,Both,27,Age-standardized,450,Other pharynx cancer,98,Tobacco,2,Percent,1990,2023,-0.1912081458380287,0.14191610162431156,-0.45966143291620976
1,All Population,1,Deaths,148,Morocco,3,Both,27,Age-standardized,456,Pancreatic cancer,98,Tobacco,2,Percent,1990,2023,-0.2355740702111663,0.22233163313000961,-0.5620122646529462
1,All Population,1,Deaths,78,Denmark,3,Both,27,Age-standardized,429,Breast cancer,98,Tobacco,2,Percent,1990,2023,-0.5509116889113396,-0.48907172632358614,-0.6048384690222774
1,All Population,1,Deaths,105,Antigua and Barbuda,3,Both,27,Age-standardized,414,Stomach cancer,98,Tobacco,2,Percent,1990,2023,0.003384512880942915,0.6876719655972786,-0.40312347307273355
1,All Population,1,Deaths,105,Antigua and Barbuda,3,Both,27,Age-standardized,417,Liver cancer,98,Tobacco,2,Percent,1990,2023,0.0839535658611025,0.7216949751648642,-0.3470739231516332
1,All Population,1,Deaths,125,Colombia,3,Both,27,Age-standardized,432,Cervical cancer,98,Tobacco,2,Percent,1990,2023,-0.41673295905813174,0.03010983897001986,-0.6804253780400643
1,All Population,1,Deaths,125,Colombia,3,Both,27,Age-standardized,438,Prostate cancer,98,Tobacco,2,Percent,1990,2023,-0.562696661165722,-0.27425226590887397,-0.7243136017098772
1,All Population,1,Deaths,173,Gabon,3,Both,27,Age-standardized,471,Kidney cancer,98,Tobacco,2,Percent,1990,2023,0.5752722756334055,1.7626050505951607,-0.14110182362662352
1,All Population,1,Deaths,80,France,3,Both,27,Age-standardized,423,Larynx cancer,98,Tobacco,2,Percent,1990,2023,-0.1277963927898956,-0.07762326633815181,-0.17763772471182449
1,All Population,1,Deaths,80,France,3,Both,27,Age-standardized,444,Lip and oral cavity cancer,98,Tobacco,2,Percent,1990,2023,-0.29863152339952304,-0.21522334651950767,-0.3929772675834109
1,All Population,1,Deaths,121,Bolivia (Plurinational State of),3,Both,27,Age-standardized,426,"Tracheal, bronchus, and lung cancer",98,Tobacco,2,Percent,1990,2023,-0.08722598211614042,0.36579697888128826,-0.3517095979531361
1,All Population,1,Deaths,163,India,3,Both,27,Age-standardized,411,Esophageal cancer,98,Tobacco,2,Percent,1990,2023,-0.1799614987533555,0.1277328269607005,-0.40337889347756334
1,All Population,1,Deaths,128,Guatemala,3,Both,27,Age-standardized,444,Lip and oral cavity cancer,98,Tobacco,2,Percent,1990,2023,-0.4830487118097801,-0.2116885026513159,-0.7060762741737616
1,All Population,1,Deaths,128,Guatemala,3,Both,27,Age-standardized,447,Nasopharynx cancer,98,Tobacco,2,Percent,1990,2023,-0.4200195774443994,-0.07340123221657482,-0.6560209383726628
1,All Population,1,Deaths,126,Costa Rica,3,Both,27,Age-standardized,450,Other pharynx cancer,98,Tobacco,2,Percent,1990,2023,-0.4111973955791082,-0.24941815094486144,-0.5467585081778092
1,All Population,1,Deaths,126,Costa Rica,3,Both,27,Age-standardized,456,Pancreatic cancer,98,Tobacco,2,Percent,1990,2023,-0.48537384397549677,-0.24197738705553098,-0.6555563662603541
1,All Population,1,Deaths,147,Libya,3,Both,27,Age-standardized,438,Prostate cancer,98,Tobacco,2,Percent,1990,2023,0.15010304122880375,0.7930093513849927,-0.2955380452324546
1,All Population,1,Deaths,147,Libya,3,Both,27,Age-standardized,441,Colon and rectum cancer,98,Tobacco,2,Percent,1990,2023,0.07610145727179624,0.9993033044394779,-0.3906753018657795
1,All Population,1,Deaths,163,India,3,Both,27,Age-standardized,426,"Tracheal, bronchus, and lung cancer",98,Tobacco,2,Percent,1990,2023,-0.2737757279615663,-0.17368166542687685,-0.36112426349523724
1,All Population,1,Deaths,125,Colombia,3,Both,27,Age-standardized,474,Bladder cancer,98,Tobacco,2,Percent,1990,2023,-0.4730729335657793,-0.259838744936947,-0.6546155483624341
1,All Population,1,Deaths,121,Bolivia (Plurinational State of),3,Both,27,Age-standardized,429,Breast cancer,98,Tobacco,2,Percent,1990,2023,-0.1739314373294772,0.06255852569557865,-0.3704420482784274
1,All Population,1,Deaths,121,Bolivia (Plurinational State of),3,Both,27,Age-standardized,456,Pancreatic cancer,98,Tobacco,2,Percent,1990,2023,0.017276547556567993,0.7862622394485568,-0.45450256264113126
1,All Population,1,Deaths,127,El Salvador,3,Both,27,Age-standardized,411,Esophageal cancer,98,Tobacco,2,Percent,1990,2023,-0.17270186179090777,0.3698923008901186,-0.5357340765163147
1,All Population,1,Deaths,163,India,3,Both,27,Age-standardized,456,Pancreatic cancer,98,Tobacco,2,Percent,1990,2023,-0.3596633970948084,-0.11540220638885397,-0.5321500470272484
1,All Population,1,Deaths,150,Oman,3,Both,27,Age-standardized,447,Nasopharynx cancer,98,Tobacco,2,Percent,1990,2023,-0.4934692775950956,-0.16712412062622833,-0.7007399569984565
1,All Population,1,Deaths,150,Oman,3,Both,27,Age-standardized,450,Other pharynx cancer,98,Tobacco,2,Percent,1990,2023,-0.34884234501242684,-0.0344589373939754,-0.5598321087364383
1,All Population,1,Deaths,111,Dominican Republic,3,Both,27,Age-standardized,417,Liver cancer,98,Tobacco,2,Percent,1990,2023,-0.3544904480956919,-0.04151964533884701,-0.5872702442908548
1,All Population,1,Deaths,135,Brazil,3,Both,27,Age-standardized,417,Liver cancer,98,Tobacco,2,Percent,1990,2023,-0.31493923280745384,-0.17686807232026114,-0.45426154591891943
1,All Population,1,Deaths,63,Ukraine,3,Both,27,Age-standardized,426,"Tracheal, bronchus, and lung cancer",98,Tobacco,2,Percent,1990,2023,-0.04455157123118996,0.021447259328853233,-0.1138294992105964
1,All Population,1,Deaths,150,Oman,3,Both,27,Age-standardized,411,Esophageal cancer,98,Tobacco,2,Percent,1990,2023,-0.3514325465554345,-0.019711194775263625,-0.547610638840777
1,All Population,1,Deaths,150,Oman,3,Both,27,Age-standardized,426,"Tracheal, bronchus, and lung cancer",98,Tobacco,2,Percent,1990,2023,-0.2425995477823574,-0.0985820199958467,-0.3552709206376543
1,All Population,1,Deaths,111,Dominican Republic,3,Both,27,Age-standardized,432,Cervical cancer,98,Tobacco,2,Percent,1990,2023,-0.41327759471795783,0.08456780940518295,-0.6769463828991651
1,All Population,1,Deaths,111,Dominican Republic,3,Both,27,Age-standardized,438,Prostate cancer,98,Tobacco,2,Percent,1990,2023,-0.6166870377647674,-0.41708235001189853,-0.7625176426206778
1,All Population,1,Deaths,145,Kuwait,3,Both,27,Age-standardized,417,Liver cancer,98,Tobacco,2,Percent,1990,2023,-0.25163483433402745,0.1465660482258809,-0.5319122071696892
1,All Population,1,Deaths,63,Ukraine,3,Both,27,Age-standardized,456,Pancreatic cancer,98,Tobacco,2,Percent,1990,2023,-0.07776467260113101,0.21066129749362397,-0.2731795570397379
1,All Population,1,Deaths,144,Jordan,3,Both,27,Age-standardized,471,Kidney cancer,98,Tobacco,2,Percent,1990,2023,-0.026237558289571174,0.4103450767199505,-0.3426202135657668
1,All Population,1,Deaths,111,Dominican Republic,3,Both,27,Age-standardized,474,Bladder cancer,98,Tobacco,2,Percent,1990,2023,-0.46994402163376986,-0.20851682216028034,-0.6606667200205802
1,All Population,1,Deaths,141,Egypt,3,Both,27,Age-standardized,411,Esophageal cancer,98,Tobacco,2,Percent,1990,2023,0.07639088044559884,0.471125861094203,-0.19852381536379649
1,All Population,1,Deaths,141,Egypt,3,Both,27,Age-standardized,426,"Tracheal, bronchus, and lung cancer",98,Tobacco,2,Percent,1990,2023,-0.032859974267852796,0.13101038647564076,-0.18318200278211919
1,All Population,1,Deaths,121,Bolivia (Plurinational State of),3,Both,27,Age-standardized,471,Kidney cancer,98,Tobacco,2,Percent,1990,2023,0.0011697254206363113,0.8561028531745435,-0.46098209440685
1,All Population,1,Deaths,163,India,3,Both,27,Age-standardized,438,Prostate cancer,98,Tobacco,2,Percent,1990,2023,-0.36562214284124017,-0.1480524297246269,-0.5223808238243193
1,All Population,1,Deaths,163,India,3,Both,27,Age-standardized,441,Colon and rectum cancer,98,Tobacco,2,Percent,1990,2023,-0.3682068825498343,-0.08732082589276077,-0.5379701648882131
1,All Population,1,Deaths,128,Guatemala,3,Both,27,Age-standardized,487,Leukemia,98,Tobacco,2,Percent,1990,2023,-0.4770468171365925,-0.14787599782997024,-0.6860716082035296
1,All Population,1,Deaths,165,Pakistan,3,Both,27,Age-standardized,417,Liver cancer,98,Tobacco,2,Percent,1990,2023,-0.29869866884950014,0.23967320443702864,-0.5797128237568291
1,All Population,1,Deaths,177,Djibouti,3,Both,27,Age-standardized,417,Liver cancer,98,Tobacco,2,Percent,1990,2023,0.25787664558792156,1.1731928149499433,-0.28575316567098535
1,All Population,1,Deaths,165,Pakistan,3,Both,27,Age-standardized,432,Cervical cancer,98,Tobacco,2,Percent,1990,2023,-0.37994949202891326,1.1861716005098624,-0.8244344230717494
1,All Population,1,Deaths,150,Oman,3,Both,27,Age-standardized,456,Pancreatic cancer,98,Tobacco,2,Percent,1990,2023,-0.3774440520842439,-0.02360348279535651,-0.6143220018559602
1,All Population,1,Deaths,172,Equatorial Guinea,3,Both,27,Age-standardized,411,Esophageal cancer,98,Tobacco,2,Percent,1990,2023,0.21407886734889575,1.2753726569150587,-0.2859259839406264
1,All Population,1,Deaths,117,Saint Vincent and the Grenadines,3,Both,27,Age-standardized,432,Cervical cancer,98,Tobacco,2,Percent,1990,2023,-0.09139947745054942,1.070139244293887,-0.6482176427876487
1,All Population,1,Deaths,117,Saint Vincent and the Grenadines,3,Both,27,Age-standardized,438,Prostate cancer,98,Tobacco,2,Percent,1990,2023,-0.09969254916570133,0.3110031602777832,-0.42110104092128653
1,All Population,1,Deaths,145,Kuwait,3,Both,27,Age-standardized,432,Cervical cancer,98,Tobacco,2,Percent,1990,2023,-0.4977880868735533,0.6273807751860645,-0.8649041908392234
1,All Population,1,Deaths,150,Oman,3,Both,27,Age-standardized,414,Stomach cancer,98,Tobacco,2,Percent,1990,2023,-0.43601726519434497,-0.03920392375152863,-0.6629609365100719
1,All Population,1,Deaths,177,Djibouti,3,Both,27,Age-standardized,432,Cervical cancer,98,Tobacco,2,Percent,1990,2023,0.271067121162213,3.4193254471715027,-0.6562970539724691
1,All Population,1,Deaths,177,Djibouti,3,Both,27,Age-standardized,438,Prostate cancer,98,Tobacco,2,Percent,1990,2023,0.27706411849420937,1.5592355686805428,-0.3725150733628524
1,All Population,1,Deaths,190,Uganda,3,Both,27,Age-standardized,450,Other pharynx cancer,98,Tobacco,2,Percent,1990,2023,-0.026712040494898667,0.40382251565805666,-0.3546894658793804
1,All Population,1,Deaths,183,Mauritius,3,Both,27,Age-standardized,438,Prostate cancer,98,Tobacco,2,Percent,1990,2023,-0.32879143893404383,-0.06115908278375792,-0.5257443796924609
1,All Population,1,Deaths,183,Mauritius,3,Both,27,Age-standardized,441,Colon and rectum cancer,98,Tobacco,2,Percent,1990,2023,-0.059679890597778514,0.30724433778696236,-0.359428554535426
1,All Population,1,Deaths,150,Oman,3,Both,27,Age-standardized,417,Liver cancer,98,Tobacco,2,Percent,1990,2023,-0.29398274853403805,0.017007006053593968,-0.5295259546255731
1,All Population,1,Deaths,150,Oman,3,Both,27,Age-standardized,429,Breast cancer,98,Tobacco,2,Percent,1990,2023,-0.25564112726812555,-0.05230129499412842,-0.40976185029495527
1,All Population,1,Deaths,190,Uganda,3,Both,27,Age-standardized,456,Pancreatic cancer,98,Tobacco,2,Percent,1990,2023,-0.058662104497032776,0.5738464567137542,-0.4667312001992756
1,All Population,1,Deaths,150,Oman,3,Both,27,Age-standardized,432,Cervical cancer,98,Tobacco,2,Percent,1990,2023,-0.5669743579714115,0.12070877692341728,-0.8557104758305493
1,All Population,1,Deaths,150,Oman,3,Both,27,Age-standardized,471,Kidney cancer,98,Tobacco,2,Percent,1990,2023,-0.35832473261811515,-0.03043321476291648,-0.5847421966406643
1,All Population,1,Deaths,187,Somalia,3,Both,27,Age-standardized,474,Bladder cancer,98,Tobacco,2,Percent,1990,2023,-0.11115593795463118,0.7588743277445051,-0.5356569625586008
1,All Population,1,Deaths,80,France,3,Both,27,Age-standardized,447,Nasopharynx cancer,98,Tobacco,2,Percent,1990,2023,-0.3168241585064896,-0.20202998648372233,-0.4239879270055845
1,All Population,1,Deaths,80,France,3,Both,27,Age-standardized,450,Other pharynx cancer,98,Tobacco,2,Percent,1990,2023,-0.18993741310449663,-0.1073532215771352,-0.2646542123439181
1,All Population,1,Deaths,80,France,3,Both,27,Age-standardized,487,Leukemia,98,Tobacco,2,Percent,1990,2023,-0.26108393835541366,-0.07584385779229788,-0.4382995840201356
1,All Population,1,Deaths,145,Kuwait,3,Both,27,Age-standardized,438,Prostate cancer,98,Tobacco,2,Percent,1990,2023,-0.33615353107525875,-0.010581838576238851,-0.5788166392194373
1,All Population,1,Deaths,145,Kuwait,3,Both,27,Age-standardized,474,Bladder cancer,98,Tobacco,2,Percent,1990,2023,-0.29322836895806464,0.020294223392559197,-0.5484690715278338
1,All Population,1,Deaths,172,Equatorial Guinea,3,Both,27,Age-standardized,414,Stomach cancer,98,Tobacco,2,Percent,1990,2023,0.11230745195157876,1.1543707727861985,-0.44418225035972914
1,All Population,1,Deaths,172,Equatorial Guinea,3,Both,27,Age-standardized,417,Liver cancer,98,Tobacco,2,Percent,1990,2023,0.27614645179627384,1.7194401379169548,-0.3597646073045731
1,All Population,1,Deaths,185,Rwanda,3,Both,27,Age-standardized,411,Esophageal cancer,98,Tobacco,2,Percent,1990,2023,0.1139280271311901,0.7673159279122093,-0.326095623888746
1,All Population,1,Deaths,185,Rwanda,3,Both,27,Age-standardized,414,Stomach cancer,98,Tobacco,2,Percent,1990,2023,0.2768900663982134,1.268974528857493,-0.3082589384212197
1,All Population,1,Deaths,181,Madagascar,3,Both,27,Age-standardized,444,Lip and oral cavity cancer,98,Tobacco,2,Percent,1990,2023,-0.1770633065605193,0.26526144307875177,-0.45739588521300395
1,All Population,1,Deaths,181,Madagascar,3,Both,27,Age-standardized,447,Nasopharynx cancer,98,Tobacco,2,Percent,1990,2023,-0.1230845977741038,0.43497740274209473,-0.46167614268760904
1,All Population,1,Deaths,141,Egypt,3,Both,27,Age-standardized,456,Pancreatic cancer,98,Tobacco,2,Percent,1990,2023,-0.06526195973807154,0.2960492248770298,-0.3593114341788945
1,All Population,1,Deaths,139,Algeria,3,Both,27,Age-standardized,450,Other pharynx cancer,98,Tobacco,2,Percent,1990,2023,-0.11409755102035098,0.19006257594232184,-0.3864052546756793
1,All Population,1,Deaths,139,Algeria,3,Both,27,Age-standardized,456,Pancreatic cancer,98,Tobacco,2,Percent,1990,2023,-0.19309543560084028,0.2570618076422296,-0.49978593996742304
1,All Population,1,Deaths,181,Madagascar,3,Both,27,Age-standardized,487,Leukemia,98,Tobacco,2,Percent,1990,2023,-0.23686326713643885,0.2221087275418178,-0.5504607706449545
1,All Population,1,Deaths,130,Mexico,3,Both,27,Age-standardized,411,Esophageal cancer,98,Tobacco,2,Percent,1990,2023,-0.4469290055889305,-0.2989027581679337,-0.5617305913120471
1,All Population,1,Deaths,132,Panama,3,Both,27,Age-standardized,444,Lip and oral cavity cancer,98,Tobacco,2,Percent,1990,2023,-0.5846027278466289,-0.31932116123475723,-0.766777681685054
1,All Population,1,Deaths,117,Saint Vincent and the Grenadines,3,Both,27,Age-standardized,441,Colon and rectum cancer,98,Tobacco,2,Percent,1990,2023,-0.011721942643125684,0.572926356551923,-0.420561779712841
1,All Population,1,Deaths,117,Saint Vincent and the Grenadines,3,Both,27,Age-standardized,474,Bladder cancer,98,Tobacco,2,Percent,1990,2023,-0.1417884977856565,0.2513023615843001,-0.45049648962066935
1,All Population,1,Deaths,133,Venezuela (Bolivarian Republic of),3,Both,27,Age-standardized,411,Esophageal cancer,98,Tobacco,2,Percent,1990,2023,-0.3808014821370567,-0.026437050759001293,-0.6413289210273951
1,All Population,1,Deaths,133,Venezuela (Bolivarian Republic of),3,Both,27,Age-standardized,414,Stomach cancer,98,Tobacco,2,Percent,1990,2023,-0.4456886483847778,-0.06131473055045465,-0.7071417038375789
1,All Population,1,Deaths,133,Venezuela (Bolivarian Republic of),3,Both,27,Age-standardized,426,"Tracheal, bronchus, and lung cancer",98,Tobacco,2,Percent,1990,2023,-0.28276258675127136,-0.041789760662185475,-0.4782695545922562
1,All Population,1,Deaths,105,Antigua and Barbuda,3,Both,27,Age-standardized,429,Breast cancer,98,Tobacco,2,Percent,1990,2023,0.1903980118888145,0.6174367783539342,-0.1532211680331722
1,All Population,1,Deaths,105,Antigua and Barbuda,3,Both,27,Age-standardized,432,Cervical cancer,98,Tobacco,2,Percent,1990,2023,0.06179072062758462,1.4696507871281121,-0.5966841030681587
1,All Population,1,Deaths,185,Rwanda,3,Both,27,Age-standardized,429,Breast cancer,98,Tobacco,2,Percent,1990,2023,0.034327828224961325,0.40017662022485767,-0.23794675890195452
1,All Population,1,Deaths,185,Rwanda,3,Both,27,Age-standardized,471,Kidney cancer,98,Tobacco,2,Percent,1990,2023,0.20074425839275184,1.127317959665045,-0.44163450095366796
1,All Population,1,Deaths,141,Egypt,3,Both,27,Age-standardized,471,Kidney cancer,98,Tobacco,2,Percent,1990,2023,0.05510423239620067,0.5687400716519445,-0.29140602551047196
1,All Population,1,Deaths,161,Bangladesh,3,Both,27,Age-standardized,411,Esophageal cancer,98,Tobacco,2,Percent,1990,2023,-0.0007016103711527029,0.25187738934295917,-0.1732961159199005
1,All Population,1,Deaths,105,Antigua and Barbuda,3,Both,27,Age-standardized,438,Prostate cancer,98,Tobacco,2,Percent,1990,2023,-0.007044690714963999,0.7145780231188911,-0.4458388540228684
1,All Population,1,Deaths,105,Antigua and Barbuda,3,Both,27,Age-standardized,474,Bladder cancer,98,Tobacco,2,Percent,1990,2023,-0.002061906484284414,0.6018207430312554,-0.40018159950507126
1,All Population,1,Deaths,185,Rwanda,3,Both,27,Age-standardized,474,Bladder cancer,98,Tobacco,2,Percent,1990,2023,0.11949506587916635,0.8258284611841414,-0.35532389213885435
1,All Population,1,Deaths,133,Venezuela (Bolivarian Republic of),3,Both,27,Age-standardized,429,Breast cancer,98,Tobacco,2,Percent,1990,2023,-0.39621755008423964,-0.17797371828720351,-0.5633612955335405
1,All Population,1,Deaths,130,Mexico,3,Both,27,Age-standardized,423,Larynx cancer,98,Tobacco,2,Percent,1990,2023,-0.2573694551973861,-0.1635526239576421,-0.34646281183560595
1,All Population,1,Deaths,161,Bangladesh,3,Both,27,Age-standardized,414,Stomach cancer,98,Tobacco,2,Percent,1990,2023,-0.09936315364249348,0.33845413948343916,-0.47194227223650065
1,All Population,1,Deaths,161,Bangladesh,3,Both,27,Age-standardized,426,"Tracheal, bronchus, and lung cancer",98,Tobacco,2,Percent,1990,2023,-0.09518278123314389,0.024865431015244462,-0.1998300027826658
1,All Population,1,Deaths,169,Central African Republic,3,Both,27,Age-standardized,426,"Tracheal, bronchus, and lung cancer",98,Tobacco,2,Percent,1990,2023,-0.0783185962768044,0.3974559879030455,-0.37722120925933345
1,All Population,1,Deaths,190,Uganda,3,Both,27,Age-standardized,432,Cervical cancer,98,Tobacco,2,Percent,1990,2023,-0.0373644078933827,1.3258336482318096,-0.6129735765565827
1,All Population,1,Deaths,190,Uganda,3,Both,27,Age-standardized,438,Prostate cancer,98,Tobacco,2,Percent,1990,2023,0.13367018650400136,0.9449509762197446,-0.37126897410733967
1,All Population,1,Deaths,130,Mexico,3,Both,27,Age-standardized,447,Nasopharynx cancer,98,Tobacco,2,Percent,1990,2023,-0.5212253530117099,-0.3822100201255228,-0.625085499597964
1,All Population,1,Deaths,133,Venezuela (Bolivarian Republic of),3,Both,27,Age-standardized,456,Pancreatic cancer,98,Tobacco,2,Percent,1990,2023,-0.3659653414252069,0.17659751505880028,-0.6912587638348976
1,All Population,1,Deaths,133,Venezuela (Bolivarian Republic of),3,Both,27,Age-standardized,471,Kidney cancer,98,Tobacco,2,Percent,1990,2023,-0.404265259231327,0.05049816390447743,-0.6964243427702115
1,All Population,1,Deaths,169,Central African Republic,3,Both,27,Age-standardized,456,Pancreatic cancer,98,Tobacco,2,Percent,1990,2023,-0.19546848459509178,0.5844758763120301,-0.6034905714735048
1,All Population,1,Deaths,161,Bangladesh,3,Both,27,Age-standardized,429,Breast cancer,98,Tobacco,2,Percent,1990,2023,0.03119719283264825,0.12866628218074896,-0.056634001518290344
1,All Population,1,Deaths,161,Bangladesh,3,Both,27,Age-standardized,456,Pancreatic cancer,98,Tobacco,2,Percent,1990,2023,-0.10516153539569661,0.19705782388198664,-0.36106844696997364
1,All Population,1,Deaths,190,Uganda,3,Both,27,Age-standardized,441,Colon and rectum cancer,98,Tobacco,2,Percent,1990,2023,-0.051261672706242954,0.6768717437594218,-0.45803451393444783
1,All Population,1,Deaths,190,Uganda,3,Both,27,Age-standardized,474,Bladder cancer,98,Tobacco,2,Percent,1990,2023,-0.04798010091076009,0.7373510873112759,-0.48537882660283804
1,All Population,1,Deaths,165,Pakistan,3,Both,27,Age-standardized,423,Larynx cancer,98,Tobacco,2,Percent,1990,2023,-0.11697613230070858,0.06405933197994139,-0.2673604272506429
1,All Population,1,Deaths,130,Mexico,3,Both,27,Age-standardized,450,Other pharynx cancer,98,Tobacco,2,Percent,1990,2023,-0.4112829530300248,-0.2702443986155011,-0.5324978777394931
1,All Population,1,Deaths,143,Iraq,3,Both,27,Age-standardized,487,Leukemia,98,Tobacco,2,Percent,1990,2023,0.007992749249595255,0.5459951314498283,-0.3086556330369008
1,All Population,1,Deaths,169,Central African Republic,3,Both,27,Age-standardized,438,Prostate cancer,98,Tobacco,2,Percent,1990,2023,-0.15751931029116628,0.3788568153939945,-0.48675282444969986
1,All Population,1,Deaths,169,Central African Republic,3,Both,27,Age-standardized,441,Colon and rectum cancer,98,Tobacco,2,Percent,1990,2023,-0.19135716444018908,0.6486804860898588,-0.5900420135762424
1,All Population,1,Deaths,127,El Salvador,3,Both,27,Age-standardized,426,"Tracheal, bronchus, and lung cancer",98,Tobacco,2,Percent,1990,2023,-0.228001595569944,0.1131722655992416,-0.5051308273795401
1,All Population,1,Deaths,165,Pakistan,3,Both,27,Age-standardized,450,Other pharynx cancer,98,Tobacco,2,Percent,1990,2023,-0.17920307093352786,0.12950659798846476,-0.44499292443288163
1,All Population,1,Deaths,165,Pakistan,3,Both,27,Age-standardized,456,Pancreatic cancer,98,Tobacco,2,Percent,1990,2023,-0.32487210204634376,0.15707221506388314,-0.610773356929788
1,All Population,1,Deaths,175,Burundi,3,Both,27,Age-standardized,423,Larynx cancer,98,Tobacco,2,Percent,1990,2023,-0.11366133607214948,0.21205108604520662,-0.361923760453431
1,All Population,1,Deaths,175,Burundi,3,Both,27,Age-standardized,444,Lip and oral cavity cancer,98,Tobacco,2,Percent,1990,2023,-0.1921185794952808,0.32387720255272534,-0.49784839219032734
1,All Population,1,Deaths,175,Burundi,3,Both,27,Age-standardized,447,Nasopharynx cancer,98,Tobacco,2,Percent,1990,2023,-0.14623730984854486,0.5293783999936313,-0.5106408452422133
1,All Population,1,Deaths,149,Palestine,3,Both,27,Age-standardized,411,Esophageal cancer,98,Tobacco,2,Percent,1990,2023,0.04558902376252084,0.4784249098538228,-0.23620751053098618
1,All Population,1,Deaths,149,Palestine,3,Both,27,Age-standardized,414,Stomach cancer,98,Tobacco,2,Percent,1990,2023,-0.03723323056533975,0.5645517013049812,-0.34427986203536565
1,All Population,1,Deaths,165,Pakistan,3,Both,27,Age-standardized,438,Prostate cancer,98,Tobacco,2,Percent,1990,2023,-0.4060415734618704,-0.11441899916422862,-0.619963862932258
1,All Population,1,Deaths,165,Pakistan,3,Both,27,Age-standardized,441,Colon and rectum cancer,98,Tobacco,2,Percent,1990,2023,-0.330976290313923,0.3455749402709246,-0.6460725765945433
1,All Population,1,Deaths,165,Pakistan,3,Both,27,Age-standardized,474,Bladder cancer,98,Tobacco,2,Percent,1990,2023,-0.3137194510827949,0.05513298735947134,-0.5364995109656328
1,All Population,1,Deaths,149,Palestine,3,Both,27,Age-standardized,429,Breast cancer,98,Tobacco,2,Percent,1990,2023,-0.04134544015938937,0.09394143034371791,-0.17925849863517734
1,All Population,1,Deaths,127,El Salvador,3,Both,27,Age-standardized,456,Pancreatic cancer,98,Tobacco,2,Percent,1990,2023,-0.2818579996188225,0.21047580457690662,-0.6187412532273916
1,All Population,1,Deaths,149,Palestine,3,Both,27,Age-standardized,471,Kidney cancer,98,Tobacco,2,Percent,1990,2023,-0.025049032831464705,0.3729188305180453,-0.2786192174615064
1,All Population,1,Deaths,169,Central African Republic,3,Both,27,Age-standardized,487,Leukemia,98,Tobacco,2,Percent,1990,2023,-0.007817448935037611,0.9940205609911825,-0.520642886272182
1,All Population,1,Deaths,135,Brazil,3,Both,27,Age-standardized,432,Cervical cancer,98,Tobacco,2,Percent,1990,2023,-0.4105706721876362,-0.2504254393843862,-0.5445456377163661
1,All Population,1,Deaths,135,Brazil,3,Both,27,Age-standardized,438,Prostate cancer,98,Tobacco,2,Percent,1990,2023,-0.35079356324915983,-0.17968958216271436,-0.5075384464796339
1,All Population,1,Deaths,177,Djibouti,3,Both,27,Age-standardized,441,Colon and rectum cancer,98,Tobacco,2,Percent,1990,2023,0.34880712155891624,1.4573419977044733,-0.2263958048150727
1,All Population,1,Deaths,177,Djibouti,3,Both,27,Age-standardized,474,Bladder cancer,98,Tobacco,2,Percent,1990,2023,0.21174287755430932,1.1116650375486763,-0.2761711771818475
1,All Population,1,Deaths,172,Equatorial Guinea,3,Both,27,Age-standardized,429,Breast cancer,98,Tobacco,2,Percent,1990,2023,0.03675449023457268,0.25946672419581895,-0.1486200900081841
1,All Population,1,Deaths,180,Kenya,3,Both,27,Age-standardized,417,Liver cancer,98,Tobacco,2,Percent,1990,2023,-0.20731020889847365,0.2832851635362609,-0.513279689216097
1,All Population,1,Deaths,177,Djibouti,3,Both,27,Age-standardized,411,Esophageal cancer,98,Tobacco,2,Percent,1990,2023,0.2745593571836658,1.0923396387268782,-0.21104436088174605
1,All Population,1,Deaths,177,Djibouti,3,Both,27,Age-standardized,414,Stomach cancer,98,Tobacco,2,Percent,1990,2023,0.3229732085848209,1.6046869457773907,-0.2589557133358919
1,All Population,1,Deaths,175,Burundi,3,Both,27,Age-standardized,450,Other pharynx cancer,98,Tobacco,2,Percent,1990,2023,-0.19438558994860855,0.13961787888626329,-0.47566082102136825
1,All Population,1,Deaths,175,Burundi,3,Both,27,Age-standardized,487,Leukemia,98,Tobacco,2,Percent,1990,2023,-0.012254506959573261,0.764319954313304,-0.48690711997431013
1,All Population,1,Deaths,177,Djibouti,3,Both,27,Age-standardized,429,Breast cancer,98,Tobacco,2,Percent,1990,2023,0.2760947246387922,0.505277176032757,0.10285843389216333
1,All Population,1,Deaths,130,Mexico,3,Both,27,Age-standardized,414,Stomach cancer,98,Tobacco,2,Percent,1990,2023,-0.5151222483965675,-0.33485621968999824,-0.6446700962978922
1,All Population,1,Deaths,130,Mexico,3,Both,27,Age-standardized,426,"Tracheal, bronchus, and lung cancer",98,Tobacco,2,Percent,1990,2023,-0.3627718824772828,-0.2668778689961697,-0.4445813070232488
1,All Population,1,Deaths,135,Brazil,3,Both,27,Age-standardized,441,Colon and rectum cancer,98,Tobacco,2,Percent,1990,2023,-0.3872205429311146,-0.23363064834059993,-0.5085034850420017
1,All Population,1,Deaths,135,Brazil,3,Both,27,Age-standardized,474,Bladder cancer,98,Tobacco,2,Percent,1990,2023,-0.42687415215183255,-0.3464084532893593,-0.5278116781871733
1,All Population,1,Deaths,136,Paraguay,3,Both,27,Age-standardized,438,Prostate cancer,98,Tobacco,2,Percent,1990,2023,-0.34347865163334756,-0.058185671585638164,-0.5751965774666505
1,All Population,1,Deaths,136,Paraguay,3,Both,27,Age-standardized,441,Colon and rectum cancer,98,Tobacco,2,Percent,1990,2023,-0.28774104968538095,0.13074062919034457,-0.5711480252038843
1,All Population,1,Deaths,177,Djibouti,3,Both,27,Age-standardized,471,Kidney cancer,98,Tobacco,2,Percent,1990,2023,0.25523841272267583,1.5290677166326248,-0.3506240039180515
1,All Population,1,Deaths,175,Burundi,3,Both,27,Age-standardized,426,"Tracheal, bronchus, and lung cancer",98,Tobacco,2,Percent,1990,2023,-0.15475562426164247,0.21842555005225311,-0.4398879395864357
1,All Population,1,Deaths,172,Equatorial Guinea,3,Both,27,Age-standardized,471,Kidney cancer,98,Tobacco,2,Percent,1990,2023,0.1250587486729752,1.1333437406012996,-0.3510746261847696
1,All Population,1,Deaths,172,Equatorial Guinea,3,Both,27,Age-standardized,474,Bladder cancer,98,Tobacco,2,Percent,1990,2023,0.10145222421319315,1.0288831421249027,-0.38896353399831807
1,All Population,1,Deaths,132,Panama,3,Both,27,Age-standardized,417,Liver cancer,98,Tobacco,2,Percent,1990,2023,-0.47018490836111754,-0.08285259076147887,-0.7294454150936187
1,All Population,1,Deaths,109,Cuba,3,Both,27,Age-standardized,417,Liver cancer,98,Tobacco,2,Percent,1990,2023,-0.0822662384697785,0.4704603720311333,-0.4761180192579185
1,All Population,1,Deaths,153,Syrian Arab Republic,3,Both,27,Age-standardized,417,Liver cancer,98,Tobacco,2,Percent,1990,2023,-0.20625188915913362,0.3271165711214574,-0.5375650182774927
1,All Population,1,Deaths,180,Kenya,3,Both,27,Age-standardized,429,Breast cancer,98,Tobacco,2,Percent,1990,2023,-0.2685257200686103,-0.1188732477418372,-0.41298232318658906
1,All Population,1,Deaths,175,Burundi,3,Both,27,Age-standardized,456,Pancreatic cancer,98,Tobacco,2,Percent,1990,2023,-0.1890351084813339,0.43438635451369045,-0.5739618171438463
1,All Population,1,Deaths,130,Mexico,3,Both,27,Age-standardized,456,Pancreatic cancer,98,Tobacco,2,Percent,1990,2023,-0.48493262794864594,-0.29594306981118657,-0.6262577161632543
1,All Population,1,Deaths,169,Central African Republic,3,Both,27,Age-standardized,423,Larynx cancer,98,Tobacco,2,Percent,1990,2023,-0.0557153431949501,0.3117845059668285,-0.3096662185289374
1,All Population,1,Deaths,181,Madagascar,3,Both,27,Age-standardized,423,Larynx cancer,98,Tobacco,2,Percent,1990,2023,-0.16363173609789783,0.08795000797025285,-0.34544844744129066
1,All Population,1,Deaths,180,Kenya,3,Both,27,Age-standardized,432,Cervical cancer,98,Tobacco,2,Percent,1990,2023,-0.3855457489296554,0.6002897205555972,-0.8020571358147441
1,All Population,1,Deaths,180,Kenya,3,Both,27,Age-standardized,438,Prostate cancer,98,Tobacco,2,Percent,1990,2023,-0.15079174208811505,0.4019518130592919,-0.5025375134806852
1,All Population,1,Deaths,169,Central African Republic,3,Both,27,Age-standardized,444,Lip and oral cavity cancer,98,Tobacco,2,Percent,1990,2023,-0.07843310110702892,0.5648346022181748,-0.5129527911511285
1,All Population,1,Deaths,169,Central African Republic,3,Both,27,Age-standardized,447,Nasopharynx cancer,98,Tobacco,2,Percent,1990,2023,-0.14211849080325986,0.46590547439364227,-0.5002619482593013
1,All Population,1,Deaths,181,Madagascar,3,Both,27,Age-standardized,411,Esophageal cancer,98,Tobacco,2,Percent,1990,2023,-0.2508525357472318,0.19434648086717982,-0.5199327142177149
1,All Population,1,Deaths,181,Madagascar,3,Both,27,Age-standardized,414,Stomach cancer,98,Tobacco,2,Percent,1990,2023,-0.32289572130880034,0.14328690588907636,-0.6059844196297811
1,All Population,1,Deaths,180,Kenya,3,Both,27,Age-standardized,474,Bladder cancer,98,Tobacco,2,Percent,1990,2023,-0.24994972985848057,0.3711447593353032,-0.573973805582261
1,All Population,1,Deaths,150,Oman,3,Both,27,Age-standardized,474,Bladder cancer,98,Tobacco,2,Percent,1990,2023,-0.38183549355777996,-0.1156197165800125,-0.5552984574713775
1,All Population,1,Deaths,113,Guyana,3,Both,27,Age-standardized,417,Liver cancer,98,Tobacco,2,Percent,1990,2023,0.08072232348225122,0.663399122299774,-0.3033157440774726
1,All Population,1,Deaths,157,Yemen,3,Both,27,Age-standardized,423,Larynx cancer,98,Tobacco,2,Percent,1990,2023,-0.04979849014089673,0.13683730306074546,-0.20333613035579723
1,All Population,1,Deaths,169,Central African Republic,3,Both,27,Age-standardized,450,Other pharynx cancer,98,Tobacco,2,Percent,1990,2023,-0.13827346330203755,0.3792963832749189,-0.5012068240398325
1,All Population,1,Deaths,181,Madagascar,3,Both,27,Age-standardized,426,"Tracheal, bronchus, and lung cancer",98,Tobacco,2,Percent,1990,2023,-0.30144656146760035,-0.027354451505769938,-0.48015648752861634
1,All Population,1,Deaths,131,Nicaragua,3,Both,27,Age-standardized,411,Esophageal cancer,98,Tobacco,2,Percent,1990,2023,-0.31693647490554455,0.139403469009161,-0.5798904452012789
1,All Population,1,Deaths,132,Panama,3,Both,27,Age-standardized,447,Nasopharynx cancer,98,Tobacco,2,Percent,1990,2023,-0.5826388733245483,-0.30329608454755397,-0.7585457974388361
1,All Population,1,Deaths,163,India,3,Both,27,Age-standardized,414,Stomach cancer,98,Tobacco,2,Percent,1990,2023,-0.34687858368612895,-0.052792889524735834,-0.5447934034639016
1,All Population,1,Deaths,163,India,3,Both,27,Age-standardized,417,Liver cancer,98,Tobacco,2,Percent,1990,2023,-0.3470819791218812,-0.13829949483548948,-0.5180016045085158
1,All Population,1,Deaths,175,Burundi,3,Both,27,Age-standardized,438,Prostate cancer,98,Tobacco,2,Percent,1990,2023,-0.15896320358950952,0.37583841671628215,-0.520148284264861
1,All Population,1,Deaths,175,Burundi,3,Both,27,Age-standardized,441,Colon and rectum cancer,98,Tobacco,2,Percent,1990,2023,-0.10137084097296416,0.5987431564971565,-0.5215300670335186
1,All Population,1,Deaths,109,Cuba,3,Both,27,Age-standardized,432,Cervical cancer,98,Tobacco,2,Percent,1990,2023,-0.10826478391441603,0.7005484549692353,-0.6196999830034925
1,All Population,1,Deaths,109,Cuba,3,Both,27,Age-standardized,438,Prostate cancer,98,Tobacco,2,Percent,1990,2023,-0.05407395092833738,0.42663204652280085,-0.43938848901446387
1,All Population,1,Deaths,157,Yemen,3,Both,27,Age-standardized,426,"Tracheal, bronchus, and lung cancer",98,Tobacco,2,Percent,1990,2023,-0.06869256798194233,0.141300805368422,-0.23785785710594495
1,All Population,1,Deaths,157,Yemen,3,Both,27,Age-standardized,450,Other pharynx cancer,98,Tobacco,2,Percent,1990,2023,-0.16013860529888932,0.1510083683474439,-0.41700661677626966
1,All Population,1,Deaths,131,Nicaragua,3,Both,27,Age-standardized,414,Stomach cancer,98,Tobacco,2,Percent,1990,2023,-0.3317232573999786,0.09104411517673891,-0.6158976996041949
1,All Population,1,Deaths,131,Nicaragua,3,Both,27,Age-standardized,417,Liver cancer,98,Tobacco,2,Percent,1990,2023,-0.18341833939127059,0.39919849818742614,-0.5243744377581243
1,All Population,1,Deaths,163,India,3,Both,27,Age-standardized,429,Breast cancer,98,Tobacco,2,Percent,1990,2023,-0.3719940188450493,-0.2510497511177373,-0.4605151425390522
1,All Population,1,Deaths,181,Madagascar,3,Both,27,Age-standardized,429,Breast cancer,98,Tobacco,2,Percent,1990,2023,-0.3785756284900106,-0.26497626846535655,-0.4716913686659548
1,All Population,1,Deaths,181,Madagascar,3,Both,27,Age-standardized,471,Kidney cancer,98,Tobacco,2,Percent,1990,2023,-0.36700984725576075,0.09136501687564323,-0.6436156007117553
1,All Population,1,Deaths,132,Panama,3,Both,27,Age-standardized,432,Cervical cancer,98,Tobacco,2,Percent,1990,2023,-0.560559653488376,0.21561455048435796,-0.8619312169526047
1,All Population,1,Deaths,132,Panama,3,Both,27,Age-standardized,438,Prostate cancer,98,Tobacco,2,Percent,1990,2023,-0.6160065179338314,-0.39916010806047875,-0.7684266396077387
1,All Population,1,Deaths,157,Yemen,3,Both,27,Age-standardized,456,Pancreatic cancer,98,Tobacco,2,Percent,1990,2023,-0.11027835076795815,0.49814990954098326,-0.49307045088980017
1,All Population,1,Deaths,163,India,3,Both,27,Age-standardized,432,Cervical cancer,98,Tobacco,2,Percent,1990,2023,-0.3199310676299456,0.18510275848187696,-0.5947934418678265
1,All Population,1,Deaths,163,India,3,Both,27,Age-standardized,471,Kidney cancer,98,Tobacco,2,Percent,1990,2023,-0.3674148545082282,-0.1467044443695218,-0.5443365494079805
1,All Population,1,Deaths,131,Nicaragua,3,Both,27,Age-standardized,429,Breast cancer,98,Tobacco,2,Percent,1990,2023,-0.2846370146256577,-0.13604688160943576,-0.4098801713906747
1,All Population,1,Deaths,131,Nicaragua,3,Both,27,Age-standardized,432,Cervical cancer,98,Tobacco,2,Percent,1990,2023,-0.3066116872484047,0.5833676371684742,-0.7337646648437401
1,All Population,1,Deaths,147,Libya,3,Both,27,Age-standardized,423,Larynx cancer,98,Tobacco,2,Percent,1990,2023,0.021921700906063178,0.1624448841607806,-0.11745680682721847
1,All Population,1,Deaths,126,Costa Rica,3,Both,27,Age-standardized,444,Lip and oral cavity cancer,98,Tobacco,2,Percent,1990,2023,-0.5169212674040179,-0.3429730691277053,-0.6311529363600289
1,All Population,1,Deaths,126,Costa Rica,3,Both,27,Age-standardized,447,Nasopharynx cancer,98,Tobacco,2,Percent,1990,2023,-0.5447715100626798,-0.36966228682333285,-0.6652525457485322
1,All Population,1,Deaths,171,Democratic Republic of the Congo,3,Both,27,Age-standardized,423,Larynx cancer,98,Tobacco,2,Percent,1990,2023,-0.02182190135317681,0.3576314671272785,-0.3283721240610362
1,All Population,1,Deaths,171,Democratic Republic of the Congo,3,Both,27,Age-standardized,447,Nasopharynx cancer,98,Tobacco,2,Percent,1990,2023,-0.16080808146827616,0.397261675839373,-0.5438700002614082
1,All Population,1,Deaths,179,Ethiopia,3,Both,27,Age-standardized,414,Stomach cancer,98,Tobacco,2,Percent,1990,2023,-0.12253863800231295,0.855450142528239,-0.6312891820888507
1,All Population,1,Deaths,179,Ethiopia,3,Both,27,Age-standardized,417,Liver cancer,98,Tobacco,2,Percent,1990,2023,-0.07162685559715634,0.9094719450375217,-0.5476193052500195
1,All Population,1,Deaths,183,Mauritius,3,Both,27,Age-standardized,411,Esophageal cancer,98,Tobacco,2,Percent,1990,2023,-0.057235010968275477,0.22231262329929044,-0.3007364702891174
1,All Population,1,Deaths,132,Panama,3,Both,27,Age-standardized,441,Colon and rectum cancer,98,Tobacco,2,Percent,1990,2023,-0.5449887763805301,-0.17311451239142367,-0.757287721288195
1,All Population,1,Deaths,132,Panama,3,Both,27,Age-standardized,474,Bladder cancer,98,Tobacco,2,Percent,1990,2023,-0.572139198416461,-0.2982387694975664,-0.7536861033131662
1,All Population,1,Deaths,163,India,3,Both,27,Age-standardized,474,Bladder cancer,98,Tobacco,2,Percent,1990,2023,-0.3390075889313114,-0.14981066963555323,-0.4854964224247037
1,All Population,1,Deaths,131,Nicaragua,3,Both,27,Age-standardized,471,Kidney cancer,98,Tobacco,2,Percent,1990,2023,-0.34281688281287637,0.16419071583510056,-0.6230761897782209
1,All Population,1,Deaths,131,Nicaragua,3,Both,27,Age-standardized,474,Bladder cancer,98,Tobacco,2,Percent,1990,2023,-0.3412544764220479,0.030683973733600423,-0.6089350921774944
1,All Population,1,Deaths,147,Libya,3,Both,27,Age-standardized,450,Other pharynx cancer,98,Tobacco,2,Percent,1990,2023,0.025239597575488413,0.4801892117929783,-0.2697793938022266
1,All Population,1,Deaths,126,Costa Rica,3,Both,27,Age-standardized,487,Leukemia,98,Tobacco,2,Percent,1990,2023,-0.5062299287752924,-0.3130364705840796,-0.6624861940504508
1,All Population,1,Deaths,179,Ethiopia,3,Both,27,Age-standardized,429,Breast cancer,98,Tobacco,2,Percent,1990,2023,0.01818588961844466,0.30451150319172465,-0.1932507388327411
1,All Population,1,Deaths,171,Democratic Republic of the Congo,3,Both,27,Age-standardized,450,Other pharynx cancer,98,Tobacco,2,Percent,1990,2023,-0.11267298317057955,0.4148790990683792,-0.4895980969893255
1,All Population,1,Deaths,207,Ghana,3,Both,27,Age-standardized,411,Esophageal cancer,98,Tobacco,2,Percent,1990,2023,-0.12238957504252125,0.5575496868091141,-0.49653128500363247
1,All Population,1,Deaths,207,Ghana,3,Both,27,Age-standardized,414,Stomach cancer,98,Tobacco,2,Percent,1990,2023,-0.20889615824405966,0.47637336382688106,-0.6071568493728754
1,All Population,1,Deaths,207,Ghana,3,Both,27,Age-standardized,426,"Tracheal, bronchus, and lung cancer",98,Tobacco,2,Percent,1990,2023,-0.09948981113976549,0.4619834965212796,-0.45894681694430794
1,All Population,1,Deaths,142,Iran (Islamic Republic of),3,Both,27,Age-standardized,432,Cervical cancer,98,Tobacco,2,Percent,1990,2023,-0.019176602517862875,1.4525718435446626,-0.6690158765408196
1,All Population,1,Deaths,181,Madagascar,3,Both,27,Age-standardized,450,Other pharynx cancer,98,Tobacco,2,Percent,1990,2023,-0.2033399545730784,0.06940748042834896,-0.43898494595096704
1,All Population,1,Deaths,179,Ethiopia,3,Both,27,Age-standardized,432,Cervical cancer,98,Tobacco,2,Percent,1990,2023,0.08888327421930317,2.4777401346960444,-0.7003853389619348
1,All Population,1,Deaths,179,Ethiopia,3,Both,27,Age-standardized,471,Kidney cancer,98,Tobacco,2,Percent,1990,2023,0.028938144461378924,0.8409114226693842,-0.47042861508402445
1,All Population,1,Deaths,207,Ghana,3,Both,27,Age-standardized,429,Breast cancer,98,Tobacco,2,Percent,1990,2023,-0.09976995173144017,0.17709240225434109,-0.30967290199011094
1,All Population,1,Deaths,207,Ghana,3,Both,27,Age-standardized,456,Pancreatic cancer,98,Tobacco,2,Percent,1990,2023,-0.23135673752638042,0.4373504108881846,-0.6229299639183685
1,All Population,1,Deaths,171,Democratic Republic of the Congo,3,Both,27,Age-standardized,441,Colon and rectum cancer,98,Tobacco,2,Percent,1990,2023,-0.16253150242204892,0.6536718135090627,-0.5982024584902932
1,All Population,1,Deaths,142,Iran (Islamic Republic of),3,Both,27,Age-standardized,438,Prostate cancer,98,Tobacco,2,Percent,1990,2023,-0.13526551345029142,0.2718760909578194,-0.4401359428837182
1,All Population,1,Deaths,142,Iran (Islamic Republic of),3,Both,27,Age-standardized,441,Colon and rectum cancer,98,Tobacco,2,Percent,1990,2023,-0.010404195352649907,0.6982374323716292,-0.4130238634328807
1,All Population,1,Deaths,142,Iran (Islamic Republic of),3,Both,27,Age-standardized,474,Bladder cancer,98,Tobacco,2,Percent,1990,2023,-0.07790908144668342,0.33057726431736156,-0.3849431088341614
1,All Population,1,Deaths,179,Ethiopia,3,Both,27,Age-standardized,474,Bladder cancer,98,Tobacco,2,Percent,1990,2023,-0.17321542681787375,0.5770488328443728,-0.5733563738338727
1,All Population,1,Deaths,207,Ghana,3,Both,27,Age-standardized,471,Kidney cancer,98,Tobacco,2,Percent,1990,2023,-0.0633967455522179,0.6761250718685452,-0.5148298771358545
1,All Population,1,Deaths,171,Democratic Republic of the Congo,3,Both,27,Age-standardized,444,Lip and oral cavity cancer,98,Tobacco,2,Percent,1990,2023,-0.16644541118264103,0.4178563474955629,-0.5518572202935182
1,All Population,1,Deaths,161,Bangladesh,3,Both,27,Age-standardized,441,Colon and rectum cancer,98,Tobacco,2,Percent,1990,2023,-0.08683348230735036,0.40226159836394115,-0.3644409540797562
1,All Population,1,Deaths,181,Madagascar,3,Both,27,Age-standardized,456,Pancreatic cancer,98,Tobacco,2,Percent,1990,2023,-0.3564161732466105,0.06437883065465183,-0.6208070581647073
1,All Population,1,Deaths,144,Jordan,3,Both,27,Age-standardized,414,Stomach cancer,98,Tobacco,2,Percent,1990,2023,-0.10754585148541743,0.34533590655765445,-0.41090539475758936
1,All Population,1,Deaths,171,Democratic Republic of the Congo,3,Both,27,Age-standardized,487,Leukemia,98,Tobacco,2,Percent,1990,2023,-0.007331605421378282,0.7173851582786549,-0.47144491717958537
1,All Population,1,Deaths,183,Mauritius,3,Both,27,Age-standardized,414,Stomach cancer,98,Tobacco,2,Percent,1990,2023,-0.12986906043018734,0.16119810862819214,-0.40721786130273707
1,All Population,1,Deaths,183,Mauritius,3,Both,27,Age-standardized,417,Liver cancer,98,Tobacco,2,Percent,1990,2023,-0.1150681467300668,0.16094431393287398,-0.38572945971731487
1,All Population,1,Deaths,128,Guatemala,3,Both,27,Age-standardized,411,Esophageal cancer,98,Tobacco,2,Percent,1990,2023,-0.37165927200480114,-0.027873225340947428,-0.6174118001689001
1,All Population,1,Deaths,144,Jordan,3,Both,27,Age-standardized,417,Liver cancer,98,Tobacco,2,Percent,1990,2023,-0.0541972754213794,0.4234576328106061,-0.35410183082421476
1,All Population,1,Deaths,161,Bangladesh,3,Both,27,Age-standardized,444,Lip and oral cavity cancer,98,Tobacco,2,Percent,1990,2023,0.006063984411121824,0.1957633201837948,-0.1377031195078176
1,All Population,1,Deaths,161,Bangladesh,3,Both,27,Age-standardized,487,Leukemia,98,Tobacco,2,Percent,1990,2023,-0.15966487729288503,0.24115796932135614,-0.41041522938742503
1,All Population,1,Deaths,126,Costa Rica,3,Both,27,Age-standardized,411,Esophageal cancer,98,Tobacco,2,Percent,1990,2023,-0.4741166491624053,-0.32622113901143246,-0.5966261363984012
1,All Population,1,Deaths,132,Panama,3,Both,27,Age-standardized,423,Larynx cancer,98,Tobacco,2,Percent,1990,2023,-0.3129414542217781,-0.1221660390005405,-0.48077145917007236
1,All Population,1,Deaths,161,Bangladesh,3,Both,27,Age-standardized,471,Kidney cancer,98,Tobacco,2,Percent,1990,2023,-0.2027291644797371,0.039306554416829,-0.4006880493718313
1,All Population,1,Deaths,155,Türkiye,3,Both,27,Age-standardized,411,Esophageal cancer,98,Tobacco,2,Percent,1990,2023,-0.08877921125264239,0.304484866341056,-0.3303012648116999
1,All Population,1,Deaths,132,Panama,3,Both,27,Age-standardized,487,Leukemia,98,Tobacco,2,Percent,1990,2023,-0.5959484259827368,-0.34276826491804435,-0.7826948899011168
1,All Population,1,Deaths,128,Guatemala,3,Both,27,Age-standardized,414,Stomach cancer,98,Tobacco,2,Percent,1990,2023,-0.3964258540768773,0.0007845207240020058,-0.6754232496897823
1,All Population,1,Deaths,128,Guatemala,3,Both,27,Age-standardized,417,Liver cancer,98,Tobacco,2,Percent,1990,2023,-0.2536687943253987,0.1552322741440418,-0.5630362422840478
1,All Population,1,Deaths,149,Palestine,3,Both,27,Age-standardized,444,Lip and oral cavity cancer,98,Tobacco,2,Percent,1990,2023,-0.05514396978733903,0.24079425546806957,-0.30299630131158084
1,All Population,1,Deaths,186,Seychelles,3,Both,27,Age-standardized,441,Colon and rectum cancer,98,Tobacco,2,Percent,1990,2023,0.001140432985311683,0.6487642620135337,-0.4432947262936349
1,All Population,1,Deaths,155,Türkiye,3,Both,27,Age-standardized,426,"Tracheal, bronchus, and lung cancer",98,Tobacco,2,Percent,1990,2023,-0.1135954329851703,-0.030671709984028794,-0.1911142390209031
1,All Population,1,Deaths,126,Costa Rica,3,Both,27,Age-standardized,414,Stomach cancer,98,Tobacco,2,Percent,1990,2023,-0.5660624703951956,-0.39029064783976286,-0.6979495224104246
1,All Population,1,Deaths,126,Costa Rica,3,Both,27,Age-standardized,417,Liver cancer,98,Tobacco,2,Percent,1990,2023,-0.37737095995176184,-0.13789215698779003,-0.5826390985701259
1,All Population,1,Deaths,132,Panama,3,Both,27,Age-standardized,426,"Tracheal, bronchus, and lung cancer",98,Tobacco,2,Percent,1990,2023,-0.44468250782500574,-0.24311185971547825,-0.6047896413646472
1,All Population,1,Deaths,132,Panama,3,Both,27,Age-standardized,450,Other pharynx cancer,98,Tobacco,2,Percent,1990,2023,-0.4767791572641466,-0.2086856187092131,-0.6707878377906689
1,All Population,1,Deaths,109,Cuba,3,Both,27,Age-standardized,441,Colon and rectum cancer,98,Tobacco,2,Percent,1990,2023,-0.16034647139103955,0.4465091829125094,-0.5597129455746923
1,All Population,1,Deaths,109,Cuba,3,Both,27,Age-standardized,474,Bladder cancer,98,Tobacco,2,Percent,1990,2023,-0.0716202960041364,0.36336722917931624,-0.4283063832115621
1,All Population,1,Deaths,128,Guatemala,3,Both,27,Age-standardized,429,Breast cancer,98,Tobacco,2,Percent,1990,2023,-0.159746722457234,0.06734860939638886,-0.3501464019177418
1,All Population,1,Deaths,149,Palestine,3,Both,27,Age-standardized,447,Nasopharynx cancer,98,Tobacco,2,Percent,1990,2023,0.0035411305961273658,0.39530081292399744,-0.27756093555697076
1,All Population,1,Deaths,149,Palestine,3,Both,27,Age-standardized,487,Leukemia,98,Tobacco,2,Percent,1990,2023,0.014830265659709673,0.5725412377508028,-0.30496371966845864
1,All Population,1,Deaths,186,Seychelles,3,Both,27,Age-standardized,444,Lip and oral cavity cancer,98,Tobacco,2,Percent,1990,2023,-0.09255139535551131,0.18710352791430268,-0.34422428537492655
1,All Population,1,Deaths,126,Costa Rica,3,Both,27,Age-standardized,429,Breast cancer,98,Tobacco,2,Percent,1990,2023,-0.4001789993949876,-0.2619570197296371,-0.5178606473795754
1,All Population,1,Deaths,155,Türkiye,3,Both,27,Age-standardized,456,Pancreatic cancer,98,Tobacco,2,Percent,1990,2023,-0.24012450895548146,0.059773944181750936,-0.46304143602408476
1,All Population,1,Deaths,153,Syrian Arab Republic,3,Both,27,Age-standardized,432,Cervical cancer,98,Tobacco,2,Percent,1990,2023,-0.27341379533281207,1.3239364600073824,-0.7852358636728267
1,All Population,1,Deaths,153,Syrian Arab Republic,3,Both,27,Age-standardized,438,Prostate cancer,98,Tobacco,2,Percent,1990,2023,-0.23570049004594246,0.1309708489862316,-0.5169498844288782
1,All Population,1,Deaths,153,Syrian Arab Republic,3,Both,27,Age-standardized,441,Colon and rectum cancer,98,Tobacco,2,Percent,1990,2023,-0.29399092736529586,0.24423814157011356,-0.5745864891349466
1,All Population,1,Deaths,132,Panama,3,Both,27,Age-standardized,456,Pancreatic cancer,98,Tobacco,2,Percent,1990,2023,-0.5574872778874942,-0.20114630070244835,-0.7709066199349016
1,All Population,1,Deaths,128,Guatemala,3,Both,27,Age-standardized,432,Cervical cancer,98,Tobacco,2,Percent,1990,2023,-0.3142396902816077,0.6667678789361323,-0.7686079170707577
1,All Population,1,Deaths,128,Guatemala,3,Both,27,Age-standardized,471,Kidney cancer,98,Tobacco,2,Percent,1990,2023,-0.37380110329179067,0.014328443947582835,-0.6392093662117371
1,All Population,1,Deaths,186,Seychelles,3,Both,27,Age-standardized,487,Leukemia,98,Tobacco,2,Percent,1990,2023,-0.0993990253670522,0.5982406627791326,-0.4665519032165345
1,All Population,1,Deaths,144,Jordan,3,Both,27,Age-standardized,429,Breast cancer,98,Tobacco,2,Percent,1990,2023,-0.011804637758210187,0.11102312557631354,-0.13121157703252312
1,All Population,1,Deaths,144,Jordan,3,Both,27,Age-standardized,432,Cervical cancer,98,Tobacco,2,Percent,1990,2023,0.12580204567213846,1.3416479303331867,-0.4414163120424804
1,All Population,1,Deaths,123,Peru,3,Both,27,Age-standardized,411,Esophageal cancer,98,Tobacco,2,Percent,1990,2023,-0.22784967675401385,0.33208504940814354,-0.5589909469525118
1,All Population,1,Deaths,126,Costa Rica,3,Both,27,Age-standardized,471,Kidney cancer,98,Tobacco,2,Percent,1990,2023,-0.4440966687415394,-0.18462482518661089,-0.6244594212462476
1,All Population,1,Deaths,155,Türkiye,3,Both,27,Age-standardized,414,Stomach cancer,98,Tobacco,2,Percent,1990,2023,-0.20000835205854992,0.17463629499281208,-0.4315896772252614
1,All Population,1,Deaths,155,Türkiye,3,Both,27,Age-standardized,417,Liver cancer,98,Tobacco,2,Percent,1990,2023,-0.1698550585007152,0.13439234456190596,-0.4057617152827481
1,All Population,1,Deaths,128,Guatemala,3,Both,27,Age-standardized,474,Bladder cancer,98,Tobacco,2,Percent,1990,2023,-0.42489071123125227,-0.10514134878600387,-0.6630893826306314
1,All Population,1,Deaths,123,Peru,3,Both,27,Age-standardized,426,"Tracheal, bronchus, and lung cancer",98,Tobacco,2,Percent,1990,2023,-0.2935719503975327,0.04499029074436252,-0.5323005168906232
1,All Population,1,Deaths,140,Bahrain,3,Both,27,Age-standardized,438,Prostate cancer,98,Tobacco,2,Percent,1990,2023,-0.16569733608475107,0.18457982954548546,-0.4480894523195517
1,All Population,1,Deaths,140,Bahrain,3,Both,27,Age-standardized,441,Colon and rectum cancer,98,Tobacco,2,Percent,1990,2023,-0.027116211934011078,0.551696672371256,-0.3992345950840117
1,All Population,1,Deaths,164,Nepal,3,Both,27,Age-standardized,438,Prostate cancer,98,Tobacco,2,Percent,1990,2023,-0.27888211829594334,0.04119285911999882,-0.5088212968955309
1,All Population,1,Deaths,164,Nepal,3,Both,27,Age-standardized,441,Colon and rectum cancer,98,Tobacco,2,Percent,1990,2023,-0.38987529966325263,-0.1359927712318938,-0.562626137064822
1,All Population,1,Deaths,183,Mauritius,3,Both,27,Age-standardized,429,Breast cancer,98,Tobacco,2,Percent,1990,2023,-0.16804926699029435,-0.01925197976579532,-0.2814869172988968
1,All Population,1,Deaths,113,Guyana,3,Both,27,Age-standardized,432,Cervical cancer,98,Tobacco,2,Percent,1990,2023,-0.222559569688862,0.9958236500166381,-0.7235514232301917
1,All Population,1,Deaths,113,Guyana,3,Both,27,Age-standardized,438,Prostate cancer,98,Tobacco,2,Percent,1990,2023,0.05420108894074237,0.7177452452277333,-0.34745953850376154
1,All Population,1,Deaths,170,Congo,3,Both,27,Age-standardized,471,Kidney cancer,98,Tobacco,2,Percent,1990,2023,0.22361650695496602,1.2905134790748403,-0.3436032798317911
1,All Population,1,Deaths,189,United Republic of Tanzania,3,Both,27,Age-standardized,432,Cervical cancer,98,Tobacco,2,Percent,1990,2023,0.06514186483260836,0.9224535978075004,-0.4433907200374204
1,All Population,1,Deaths,129,Honduras,3,Both,27,Age-standardized,423,Larynx cancer,98,Tobacco,2,Percent,1990,2023,-0.24117631538713846,0.0033697444911345987,-0.428060007390477
1,All Population,1,Deaths,129,Honduras,3,Both,27,Age-standardized,447,Nasopharynx cancer,98,Tobacco,2,Percent,1990,2023,-0.4312117873698724,-0.1627733903560275,-0.6385015993706136
1,All Population,1,Deaths,209,Guinea-Bissau,3,Both,27,Age-standardized,411,Esophageal cancer,98,Tobacco,2,Percent,1990,2023,0.8080764448798098,2.1908754493425215,-0.00029236727733853243
1,All Population,1,Deaths,209,Guinea-Bissau,3,Both,27,Age-standardized,414,Stomach cancer,98,Tobacco,2,Percent,1990,2023,0.5767562018341558,1.8028343975649141,-0.1728458210922949
1,All Population,1,Deaths,209,Guinea-Bissau,3,Both,27,Age-standardized,426,"Tracheal, bronchus, and lung cancer",98,Tobacco,2,Percent,1990,2023,0.6097858133345013,1.476167861547138,0.002063261710552068
1,All Population,1,Deaths,165,Pakistan,3,Both,27,Age-standardized,411,Esophageal cancer,98,Tobacco,2,Percent,1990,2023,-0.10819619784724134,0.41346078199313596,-0.3974756005308955
1,All Population,1,Deaths,189,United Republic of Tanzania,3,Both,27,Age-standardized,438,Prostate cancer,98,Tobacco,2,Percent,1990,2023,-0.13277550662943427,0.2393145601017379,-0.41829856611159666
1,All Population,1,Deaths,189,United Republic of Tanzania,3,Both,27,Age-standardized,441,Colon and rectum cancer,98,Tobacco,2,Percent,1990,2023,-0.13911601835489004,0.3954192846876695,-0.4551942899506489
1,All Population,1,Deaths,165,Pakistan,3,Both,27,Age-standardized,414,Stomach cancer,98,Tobacco,2,Percent,1990,2023,-0.308853050106047,0.16467852614972364,-0.6028513790487673
1,All Population,1,Deaths,165,Pakistan,3,Both,27,Age-standardized,426,"Tracheal, bronchus, and lung cancer",98,Tobacco,2,Percent,1990,2023,-0.23711807083183417,-0.010691442875547894,-0.39250702049207786
1,All Population,1,Deaths,185,Rwanda,3,Both,27,Age-standardized,417,Liver cancer,98,Tobacco,2,Percent,1990,2023,0.21792794738985982,1.0442781784394797,-0.2968709722489593
1,All Population,1,Deaths,161,Bangladesh,3,Both,27,Age-standardized,417,Liver cancer,98,Tobacco,2,Percent,1990,2023,-0.10165734056951464,0.2307386445130401,-0.32900542874797034
1,All Population,1,Deaths,183,Mauritius,3,Both,27,Age-standardized,432,Cervical cancer,98,Tobacco,2,Percent,1990,2023,-0.1754517663348247,1.2002036928588153,-0.7336357000127465
1,All Population,1,Deaths,183,Mauritius,3,Both,27,Age-standardized,471,Kidney cancer,98,Tobacco,2,Percent,1990,2023,-0.213460275647658,0.06225084710548642,-0.4452627920434448
1,All Population,1,Deaths,128,Guatemala,3,Both,27,Age-standardized,438,Prostate cancer,98,Tobacco,2,Percent,1990,2023,-0.519583400329964,-0.24032089200771997,-0.7155825420249857
1,All Population,1,Deaths,128,Guatemala,3,Both,27,Age-standardized,441,Colon and rectum cancer,98,Tobacco,2,Percent,1990,2023,-0.355085282985357,0.08289293010139881,-0.6433320042897621
1,All Population,1,Deaths,165,Pakistan,3,Both,27,Age-standardized,429,Breast cancer,98,Tobacco,2,Percent,1990,2023,-0.24581278790078545,-0.12314541148730362,-0.36229289257418196
1,All Population,1,Deaths,164,Nepal,3,Both,27,Age-standardized,487,Leukemia,98,Tobacco,2,Percent,1990,2023,-0.3149685046438655,-0.006635630680832179,-0.5504793545044241
1,All Population,1,Deaths,113,Guyana,3,Both,27,Age-standardized,441,Colon and rectum cancer,98,Tobacco,2,Percent,1990,2023,-0.025609688582883157,0.590220680344334,-0.3997318555773535
1,All Population,1,Deaths,113,Guyana,3,Both,27,Age-standardized,474,Bladder cancer,98,Tobacco,2,Percent,1990,2023,-0.05417620657861677,0.37756598713587675,-0.3792820113765696
1,All Population,1,Deaths,122,Ecuador,3,Both,27,Age-standardized,423,Larynx cancer,98,Tobacco,2,Percent,1990,2023,-0.21915260483563026,-0.03435858671061485,-0.38072395707177215
1,All Population,1,Deaths,155,Türkiye,3,Both,27,Age-standardized,438,Prostate cancer,98,Tobacco,2,Percent,1990,2023,-0.38246791631365606,-0.15299244397564993,-0.5422801842546573
1,All Population,1,Deaths,155,Türkiye,3,Both,27,Age-standardized,441,Colon and rectum cancer,98,Tobacco,2,Percent,1990,2023,-0.17788965967597548,0.1789918921168928,-0.43978328973967895
1,All Population,1,Deaths,161,Bangladesh,3,Both,27,Age-standardized,432,Cervical cancer,98,Tobacco,2,Percent,1990,2023,-0.13051234226460423,0.9734939753827616,-0.6152485200623419
1,All Population,1,Deaths,209,Guinea-Bissau,3,Both,27,Age-standardized,429,Breast cancer,98,Tobacco,2,Percent,1990,2023,0.2394485288613371,0.6108878216004572,-0.02660017230142039
1,All Population,1,Deaths,144,Jordan,3,Both,27,Age-standardized,474,Bladder cancer,98,Tobacco,2,Percent,1990,2023,-0.05780167300975843,0.18741023336146884,-0.27540832367184137
1,All Population,1,Deaths,183,Mauritius,3,Both,27,Age-standardized,474,Bladder cancer,98,Tobacco,2,Percent,1990,2023,-0.06225881034533082,0.25168053809316493,-0.31701649125221976
1,All Population,1,Deaths,165,Pakistan,3,Both,27,Age-standardized,471,Kidney cancer,98,Tobacco,2,Percent,1990,2023,-0.29097334722762574,0.11892442682470125,-0.5465392437759637
1,All Population,1,Deaths,129,Honduras,3,Both,27,Age-standardized,450,Other pharynx cancer,98,Tobacco,2,Percent,1990,2023,-0.3682461690319931,-0.012435900493859457,-0.6187462195304552
1,All Population,1,Deaths,155,Türkiye,3,Both,27,Age-standardized,444,Lip and oral cavity cancer,98,Tobacco,2,Percent,1990,2023,-0.2369551757960655,-0.006841328684849589,-0.4305024806043063
1,All Population,1,Deaths,161,Bangladesh,3,Both,27,Age-standardized,438,Prostate cancer,98,Tobacco,2,Percent,1990,2023,-0.055266931798918915,0.2050141810287724,-0.2639662626811872
1,All Population,1,Deaths,161,Bangladesh,3,Both,27,Age-standardized,474,Bladder cancer,98,Tobacco,2,Percent,1990,2023,-0.12684169326227354,0.07819972679284458,-0.305848730553453
1,All Population,1,Deaths,209,Guinea-Bissau,3,Both,27,Age-standardized,471,Kidney cancer,98,Tobacco,2,Percent,1990,2023,1.3924156055761472,4.026889264698095,0.23345274271040006
1,All Population,1,Deaths,211,Mali,3,Both,27,Age-standardized,417,Liver cancer,98,Tobacco,2,Percent,1990,2023,0.13008320161651088,0.8115755876759514,-0.3192509864870374
1,All Population,1,Deaths,209,Guinea-Bissau,3,Both,27,Age-standardized,444,Lip and oral cavity cancer,98,Tobacco,2,Percent,1990,2023,0.4440817252472848,1.7554047754443949,-0.2576369677735772
1,All Population,1,Deaths,209,Guinea-Bissau,3,Both,27,Age-standardized,447,Nasopharynx cancer,98,Tobacco,2,Percent,1990,2023,0.4275463825900543,1.5328388519394143,-0.21630258905310776
1,All Population,1,Deaths,207,Ghana,3,Both,27,Age-standardized,441,Colon and rectum cancer,98,Tobacco,2,Percent,1990,2023,-0.16162984435203645,0.5479614130215555,-0.5801579184351973
1,All Population,1,Deaths,177,Djibouti,3,Both,27,Age-standardized,423,Larynx cancer,98,Tobacco,2,Percent,1990,2023,0.10013268294276247,0.4742774711175744,-0.12966995655920807
1,All Population,1,Deaths,190,Uganda,3,Both,27,Age-standardized,444,Lip and oral cavity cancer,98,Tobacco,2,Percent,1990,2023,-0.018643553199863404,0.5441351450208244,-0.3946187870090757
1,All Population,1,Deaths,207,Ghana,3,Both,27,Age-standardized,444,Lip and oral cavity cancer,98,Tobacco,2,Percent,1990,2023,-0.2597696841124546,0.4353303434328719,-0.6580395194458525
1,All Population,1,Deaths,207,Ghana,3,Both,27,Age-standardized,487,Leukemia,98,Tobacco,2,Percent,1990,2023,0.014996017152010595,0.9156994699776642,-0.485602872074801
1,All Population,1,Deaths,211,Mali,3,Both,27,Age-standardized,429,Breast cancer,98,Tobacco,2,Percent,1990,2023,0.315116074599311,0.6185505630728279,0.10774226954771654
1,All Population,1,Deaths,211,Mali,3,Both,27,Age-standardized,432,Cervical cancer,98,Tobacco,2,Percent,1990,2023,0.13613268330997208,3.0684321319986068,-0.7193469157020134
1,All Population,1,Deaths,177,Djibouti,3,Both,27,Age-standardized,426,"Tracheal, bronchus, and lung cancer",98,Tobacco,2,Percent,1990,2023,0.12265771657019792,0.5210010395139171,-0.12720847462875678
1,All Population,1,Deaths,177,Djibouti,3,Both,27,Age-standardized,450,Other pharynx cancer,98,Tobacco,2,Percent,1990,2023,0.12196801993989521,0.621932385525129,-0.21303559672646075
1,All Population,1,Deaths,213,Niger,3,Both,27,Age-standardized,450,Other pharynx cancer,98,Tobacco,2,Percent,1990,2023,0.10190364197639079,0.6797444074176296,-0.3343744646170027
1,All Population,1,Deaths,187,Somalia,3,Both,27,Age-standardized,441,Colon and rectum cancer,98,Tobacco,2,Percent,1990,2023,-0.09035183476431584,0.6686348057651237,-0.5187518753105935
1,All Population,1,Deaths,187,Somalia,3,Both,27,Age-standardized,444,Lip and oral cavity cancer,98,Tobacco,2,Percent,1990,2023,-0.058684488265418104,0.6291763995501056,-0.4542253537296437
1,All Population,1,Deaths,190,Uganda,3,Both,27,Age-standardized,447,Nasopharynx cancer,98,Tobacco,2,Percent,1990,2023,-0.04871894595183272,0.47534392162555716,-0.41464323986374874
1,All Population,1,Deaths,190,Uganda,3,Both,27,Age-standardized,487,Leukemia,98,Tobacco,2,Percent,1990,2023,0.041054189883526916,0.6732756073911279,-0.3854108377038861
1,All Population,1,Deaths,187,Somalia,3,Both,27,Age-standardized,487,Leukemia,98,Tobacco,2,Percent,1990,2023,-0.050791774497416974,0.8048812415362323,-0.49657300215681577
1,All Population,1,Deaths,155,Türkiye,3,Both,27,Age-standardized,487,Leukemia,98,Tobacco,2,Percent,1990,2023,-0.03132447762226961,0.4241730671843137,-0.35490888099578743
1,All Population,1,Deaths,160,Afghanistan,3,Both,27,Age-standardized,438,Prostate cancer,98,Tobacco,2,Percent,1990,2023,0.18256846798342224,1.0255079852123408,-0.290115462495405
1,All Population,1,Deaths,160,Afghanistan,3,Both,27,Age-standardized,441,Colon and rectum cancer,98,Tobacco,2,Percent,1990,2023,0.3660789631386974,1.5822988875441164,-0.30202241993760387
1,All Population,1,Deaths,173,Gabon,3,Both,27,Age-standardized,441,Colon and rectum cancer,98,Tobacco,2,Percent,1990,2023,0.5793264989989273,2.2201786662624476,-0.1865743865049363
1,All Population,1,Deaths,154,Tunisia,3,Both,27,Age-standardized,423,Larynx cancer,98,Tobacco,2,Percent,1990,2023,0.009365641433585587,0.1665597908277336,-0.11052436372460767
1,All Population,1,Deaths,154,Tunisia,3,Both,27,Age-standardized,447,Nasopharynx cancer,98,Tobacco,2,Percent,1990,2023,-0.11938020114812095,0.19136729704386718,-0.3239257598824657
1,All Population,1,Deaths,160,Afghanistan,3,Both,27,Age-standardized,444,Lip and oral cavity cancer,98,Tobacco,2,Percent,1990,2023,0.3440700293825551,1.1808293132761687,-0.226692687701113
1,All Population,1,Deaths,173,Gabon,3,Both,27,Age-standardized,444,Lip and oral cavity cancer,98,Tobacco,2,Percent,1990,2023,0.5128928556174708,1.5919002660087767,-0.1933500101539409
1,All Population,1,Deaths,154,Tunisia,3,Both,27,Age-standardized,450,Other pharynx cancer,98,Tobacco,2,Percent,1990,2023,-0.01907069490829962,0.44181919893577165,-0.31096621440887434
1,All Population,1,Deaths,156,United Arab Emirates,3,Both,27,Age-standardized,423,Larynx cancer,98,Tobacco,2,Percent,1990,2023,-0.21830255785620498,0.01153375485409187,-0.4185992149997023
1,All Population,1,Deaths,156,United Arab Emirates,3,Both,27,Age-standardized,444,Lip and oral cavity cancer,98,Tobacco,2,Percent,1990,2023,-0.4552744637990805,-0.11477032115478522,-0.6915349399900872
1,All Population,1,Deaths,157,Yemen,3,Both,27,Age-standardized,417,Liver cancer,98,Tobacco,2,Percent,1990,2023,-0.032412113107889544,0.8098381953098566,-0.45425924798185957
1,All Population,1,Deaths,160,Afghanistan,3,Both,27,Age-standardized,487,Leukemia,98,Tobacco,2,Percent,1990,2023,0.3248459384421311,1.6673022418885457,-0.1909758210332152
1,All Population,1,Deaths,119,Trinidad and Tobago,3,Both,27,Age-standardized,432,Cervical cancer,98,Tobacco,2,Percent,1990,2023,-0.11656130116734356,1.1187334187395204,-0.6938679796143756
1,All Population,1,Deaths,119,Trinidad and Tobago,3,Both,27,Age-standardized,438,Prostate cancer,98,Tobacco,2,Percent,1990,2023,-0.1238974621590522,0.2591218842698129,-0.4535654431011256
1,All Population,1,Deaths,119,Trinidad and Tobago,3,Both,27,Age-standardized,441,Colon and rectum cancer,98,Tobacco,2,Percent,1990,2023,-0.07287991700878003,0.5414739638095799,-0.4874161474851949
1,All Population,1,Deaths,205,Côte d'Ivoire,3,Both,27,Age-standardized,411,Esophageal cancer,98,Tobacco,2,Percent,1990,2023,0.14082350364736376,1.01492978865016,-0.381182716410452
1,All Population,1,Deaths,205,Côte d'Ivoire,3,Both,27,Age-standardized,426,"Tracheal, bronchus, and lung cancer",98,Tobacco,2,Percent,1990,2023,-0.034648144383671094,0.41990913665431795,-0.3376381341866149
1,All Population,1,Deaths,147,Libya,3,Both,27,Age-standardized,411,Esophageal cancer,98,Tobacco,2,Percent,1990,2023,0.05355249391028776,0.3627779342279155,-0.18692699271504615
1,All Population,1,Deaths,147,Libya,3,Both,27,Age-standardized,414,Stomach cancer,98,Tobacco,2,Percent,1990,2023,0.10586666192462184,0.8579865200940031,-0.40354693265420216
1,All Population,1,Deaths,156,United Arab Emirates,3,Both,27,Age-standardized,447,Nasopharynx cancer,98,Tobacco,2,Percent,1990,2023,-0.4772834875630701,-0.10487732305984211,-0.7153934603169366
1,All Population,1,Deaths,156,United Arab Emirates,3,Both,27,Age-standardized,450,Other pharynx cancer,98,Tobacco,2,Percent,1990,2023,-0.36781791996898705,0.0536172452324349,-0.652865317193894
1,All Population,1,Deaths,156,United Arab Emirates,3,Both,27,Age-standardized,487,Leukemia,98,Tobacco,2,Percent,1990,2023,-0.474558790061618,-0.04183711110380412,-0.7111707629776497
1,All Population,1,Deaths,170,Congo,3,Both,27,Age-standardized,423,Larynx cancer,98,Tobacco,2,Percent,1990,2023,0.19137487905337855,0.63707607974627,-0.13234710588597098
1,All Population,1,Deaths,173,Gabon,3,Both,27,Age-standardized,487,Leukemia,98,Tobacco,2,Percent,1990,2023,0.6074664380928628,1.959136398771046,-0.10568108560529275
1,All Population,1,Deaths,205,Côte d'Ivoire,3,Both,27,Age-standardized,429,Breast cancer,98,Tobacco,2,Percent,1990,2023,-0.06692686678697307,0.15500849340720976,-0.2488942526321735
1,All Population,1,Deaths,189,United Republic of Tanzania,3,Both,27,Age-standardized,423,Larynx cancer,98,Tobacco,2,Percent,1990,2023,-0.1489670900936409,-0.0043038250302045765,-0.2778126812584548
1,All Population,1,Deaths,147,Libya,3,Both,27,Age-standardized,426,"Tracheal, bronchus, and lung cancer",98,Tobacco,2,Percent,1990,2023,0.011639650648488424,0.13977890449912678,-0.10080951311484937
1,All Population,1,Deaths,126,Costa Rica,3,Both,27,Age-standardized,474,Bladder cancer,98,Tobacco,2,Percent,1990,2023,-0.4695758764562102,-0.30445759696071817,-0.6104607417364261
1,All Population,1,Deaths,153,Syrian Arab Republic,3,Both,27,Age-standardized,423,Larynx cancer,98,Tobacco,2,Percent,1990,2023,-0.043308944606046146,0.15772892828005775,-0.20305632553719752
1,All Population,1,Deaths,186,Seychelles,3,Both,27,Age-standardized,411,Esophageal cancer,98,Tobacco,2,Percent,1990,2023,-0.03294738558180827,0.3627587793295927,-0.331394961112849
1,All Population,1,Deaths,186,Seychelles,3,Both,27,Age-standardized,426,"Tracheal, bronchus, and lung cancer",98,Tobacco,2,Percent,1990,2023,-0.06435390737042164,0.1276077295436,-0.22062005305249213
1,All Population,1,Deaths,153,Syrian Arab Republic,3,Both,27,Age-standardized,426,"Tracheal, bronchus, and lung cancer",98,Tobacco,2,Percent,1990,2023,-0.13455235257824422,0.03235981351703663,-0.2759257201947988
1,All Population,1,Deaths,153,Syrian Arab Republic,3,Both,27,Age-standardized,450,Other pharynx cancer,98,Tobacco,2,Percent,1990,2023,-0.1912947063187667,0.09229435304573204,-0.4265766827437037
1,All Population,1,Deaths,186,Seychelles,3,Both,27,Age-standardized,456,Pancreatic cancer,98,Tobacco,2,Percent,1990,2023,-0.09066375070475532,0.45124301910489467,-0.4396390881358033
1,All Population,1,Deaths,157,Yemen,3,Both,27,Age-standardized,411,Esophageal cancer,98,Tobacco,2,Percent,1990,2023,-0.06278858044371137,0.4421168068086936,-0.3522102685953066
1,All Population,1,Deaths,157,Yemen,3,Both,27,Age-standardized,414,Stomach cancer,98,Tobacco,2,Percent,1990,2023,-0.16303167408267133,0.5602551799844943,-0.525524180013276
1,All Population,1,Deaths,211,Mali,3,Both,27,Age-standardized,471,Kidney cancer,98,Tobacco,2,Percent,1990,2023,0.613898367743904,1.9572998060301037,-0.06291361266063125
1,All Population,1,Deaths,211,Mali,3,Both,27,Age-standardized,474,Bladder cancer,98,Tobacco,2,Percent,1990,2023,0.36213815357275675,1.4691818423059506,-0.23783593623630983
1,All Population,1,Deaths,153,Syrian Arab Republic,3,Both,27,Age-standardized,456,Pancreatic cancer,98,Tobacco,2,Percent,1990,2023,-0.2567364009956981,0.24340355142154593,-0.5383050342963067
1,All Population,1,Deaths,155,Türkiye,3,Both,27,Age-standardized,429,Breast cancer,98,Tobacco,2,Percent,1990,2023,-0.25378876615890644,-0.15852142289461268,-0.3478395051455597
1,All Population,1,Deaths,155,Türkiye,3,Both,27,Age-standardized,432,Cervical cancer,98,Tobacco,2,Percent,1990,2023,-0.11359116953059108,0.5411066139638511,-0.5355654056275222
1,All Population,1,Deaths,197,Eswatini,3,Both,27,Age-standardized,417,Liver cancer,98,Tobacco,2,Percent,1990,2023,-0.15308999947718438,1.4772523764701087,-0.5947565659920516
1,All Population,1,Deaths,147,Libya,3,Both,27,Age-standardized,429,Breast cancer,98,Tobacco,2,Percent,1990,2023,0.26408979363602947,0.4441096544693152,0.11433640730749048
1,All Population,1,Deaths,147,Libya,3,Both,27,Age-standardized,471,Kidney cancer,98,Tobacco,2,Percent,1990,2023,0.09582988642714217,0.7287492310479031,-0.3260860799523574
1,All Population,1,Deaths,177,Djibouti,3,Both,27,Age-standardized,456,Pancreatic cancer,98,Tobacco,2,Percent,1990,2023,0.24004821583621694,1.1946454037012957,-0.3073650850938401
1,All Population,1,Deaths,168,Angola,3,Both,27,Age-standardized,414,Stomach cancer,98,Tobacco,2,Percent,1990,2023,-0.29666812115975943,0.29459373929199956,-0.6380782041963976
1,All Population,1,Deaths,168,Angola,3,Both,27,Age-standardized,417,Liver cancer,98,Tobacco,2,Percent,1990,2023,-0.20279678311772362,0.3539781249147621,-0.5410112624944261
1,All Population,1,Deaths,162,Bhutan,3,Both,27,Age-standardized,423,Larynx cancer,98,Tobacco,2,Percent,1990,2023,-0.11222720879805595,0.09997076150983822,-0.2724176732364697
1,All Population,1,Deaths,170,Congo,3,Both,27,Age-standardized,450,Other pharynx cancer,98,Tobacco,2,Percent,1990,2023,0.2964204013575845,1.088431945487998,-0.23140901379328296
1,All Population,1,Deaths,186,Seychelles,3,Both,27,Age-standardized,471,Kidney cancer,98,Tobacco,2,Percent,1990,2023,-0.15122172465928665,0.38787649250820316,-0.4565946591811633
1,All Population,1,Deaths,205,Côte d'Ivoire,3,Both,27,Age-standardized,456,Pancreatic cancer,98,Tobacco,2,Percent,1990,2023,-0.010198845250820007,0.9165977045536946,-0.522308629278276
1,All Population,1,Deaths,205,Côte d'Ivoire,3,Both,27,Age-standardized,471,Kidney cancer,98,Tobacco,2,Percent,1990,2023,0.07746397500511253,1.0302114929338888,-0.4507150259046597
1,All Population,1,Deaths,189,United Republic of Tanzania,3,Both,27,Age-standardized,426,"Tracheal, bronchus, and lung cancer",98,Tobacco,2,Percent,1990,2023,-0.20912824227465096,0.025851088957314573,-0.3974566433415479
1,All Population,1,Deaths,189,United Republic of Tanzania,3,Both,27,Age-standardized,450,Other pharynx cancer,98,Tobacco,2,Percent,1990,2023,-0.1740751367027268,0.07441259838838143,-0.3919416986618086
1,All Population,1,Deaths,155,Türkiye,3,Both,27,Age-standardized,471,Kidney cancer,98,Tobacco,2,Percent,1990,2023,-0.18747015839640863,0.14158599725162008,-0.39247121360240594
1,All Population,1,Deaths,155,Türkiye,3,Both,27,Age-standardized,474,Bladder cancer,98,Tobacco,2,Percent,1990,2023,-0.18636143876361214,-0.013903205639071325,-0.3398956593725002
1,All Population,1,Deaths,168,Angola,3,Both,27,Age-standardized,429,Breast cancer,98,Tobacco,2,Percent,1990,2023,-0.16826327422421267,0.07518288971448195,-0.3724322779746234
1,All Population,1,Deaths,123,Peru,3,Both,27,Age-standardized,456,Pancreatic cancer,98,Tobacco,2,Percent,1990,2023,-0.2396038161664056,0.3815471799775348,-0.6129472038866621
1,All Population,1,Deaths,162,Bhutan,3,Both,27,Age-standardized,447,Nasopharynx cancer,98,Tobacco,2,Percent,1990,2023,-0.13034804285115964,0.37745921173737085,-0.42910344711447673
1,All Population,1,Deaths,162,Bhutan,3,Both,27,Age-standardized,450,Other pharynx cancer,98,Tobacco,2,Percent,1990,2023,-0.13709425480704476,0.14439904811436483,-0.38149448321383167
1,All Population,1,Deaths,205,Côte d'Ivoire,3,Both,27,Age-standardized,441,Colon and rectum cancer,98,Tobacco,2,Percent,1990,2023,0.000445853757823316,0.9860240079967189,-0.517777562419625
1,All Population,1,Deaths,205,Côte d'Ivoire,3,Both,27,Age-standardized,444,Lip and oral cavity cancer,98,Tobacco,2,Percent,1990,2023,-0.055359869345184616,0.6963455434444668,-0.5218005445165915
1,All Population,1,Deaths,168,Angola,3,Both,27,Age-standardized,432,Cervical cancer,98,Tobacco,2,Percent,1990,2023,-0.2121803951570726,1.553241533789536,-0.7958145697175419
1,All Population,1,Deaths,168,Angola,3,Both,27,Age-standardized,438,Prostate cancer,98,Tobacco,2,Percent,1990,2023,-0.34997019397964696,0.061005069033385234,-0.6303847415383658
1,All Population,1,Deaths,193,Botswana,3,Both,27,Age-standardized,411,Esophageal cancer,98,Tobacco,2,Percent,1990,2023,0.11121288242821398,0.6860881311978463,-0.26828438740465443
1,All Population,1,Deaths,153,Syrian Arab Republic,3,Both,27,Age-standardized,411,Esophageal cancer,98,Tobacco,2,Percent,1990,2023,-0.18473885369908946,0.17653041031127104,-0.4456153281608252
1,All Population,1,Deaths,153,Syrian Arab Republic,3,Both,27,Age-standardized,414,Stomach cancer,98,Tobacco,2,Percent,1990,2023,-0.30280711318522563,0.14889054719818956,-0.5792252076324315
1,All Population,1,Deaths,147,Libya,3,Both,27,Age-standardized,444,Lip and oral cavity cancer,98,Tobacco,2,Percent,1990,2023,-0.05413437947485911,0.44107559892525905,-0.40912051651280573
1,All Population,1,Deaths,152,Saudi Arabia,3,Both,27,Age-standardized,444,Lip and oral cavity cancer,98,Tobacco,2,Percent,1990,2023,-0.1222869775891651,0.3622013705581836,-0.45233775238714474
1,All Population,1,Deaths,152,Saudi Arabia,3,Both,27,Age-standardized,447,Nasopharynx cancer,98,Tobacco,2,Percent,1990,2023,-0.011104871357778804,0.4322623037659881,-0.3407378284933525
1,All Population,1,Deaths,168,Angola,3,Both,27,Age-standardized,474,Bladder cancer,98,Tobacco,2,Percent,1990,2023,-0.26102095233220973,0.19414642790355532,-0.5794761270783144
1,All Population,1,Deaths,193,Botswana,3,Both,27,Age-standardized,426,"Tracheal, bronchus, and lung cancer",98,Tobacco,2,Percent,1990,2023,0.01854964251511753,0.2585240551586774,-0.18199461250814408
1,All Population,1,Deaths,203,Cabo Verde,3,Both,27,Age-standardized,441,Colon and rectum cancer,98,Tobacco,2,Percent,1990,2023,-0.1148895559190813,0.703110821761044,-0.5582004687231998
1,All Population,1,Deaths,205,Côte d'Ivoire,3,Both,27,Age-standardized,487,Leukemia,98,Tobacco,2,Percent,1990,2023,0.1683406185148011,1.0962544573939002,-0.3982707588654951
1,All Population,1,Deaths,193,Botswana,3,Both,27,Age-standardized,456,Pancreatic cancer,98,Tobacco,2,Percent,1990,2023,0.10542029024725293,0.8415214148919602,-0.38191762551232145
1,All Population,1,Deaths,197,Eswatini,3,Both,27,Age-standardized,432,Cervical cancer,98,Tobacco,2,Percent,1990,2023,-0.19958396532477932,1.6481021708357113,-0.7895139072793915
1,All Population,1,Deaths,197,Eswatini,3,Both,27,Age-standardized,438,Prostate cancer,98,Tobacco,2,Percent,1990,2023,-0.38814794188480184,-0.02475437876671379,-0.6309369469948942
1,All Population,1,Deaths,197,Eswatini,3,Both,27,Age-standardized,441,Colon and rectum cancer,98,Tobacco,2,Percent,1990,2023,-0.33564986321662565,0.3675524745466755,-0.6779453988510634
1,All Population,1,Deaths,153,Syrian Arab Republic,3,Both,27,Age-standardized,429,Breast cancer,98,Tobacco,2,Percent,1990,2023,-0.18926238342364712,-0.046431036871404874,-0.32025075693446337
1,All Population,1,Deaths,201,Burkina Faso,3,Both,27,Age-standardized,411,Esophageal cancer,98,Tobacco,2,Percent,1990,2023,-0.13806606093634965,0.45094730232834496,-0.4909927844443081
1,All Population,1,Deaths,157,Yemen,3,Both,27,Age-standardized,432,Cervical cancer,98,Tobacco,2,Percent,1990,2023,-0.05296766305723018,1.692536755887883,-0.7115524996512352
1,All Population,1,Deaths,157,Yemen,3,Both,27,Age-standardized,438,Prostate cancer,98,Tobacco,2,Percent,1990,2023,-0.34287888109545006,-0.007885154905890434,-0.5903584940661571
1,All Population,1,Deaths,197,Eswatini,3,Both,27,Age-standardized,474,Bladder cancer,98,Tobacco,2,Percent,1990,2023,-0.3178544747261168,0.2679230722023612,-0.6616896656244962
1,All Population,1,Deaths,170,Congo,3,Both,27,Age-standardized,417,Liver cancer,98,Tobacco,2,Percent,1990,2023,0.3022100298412885,1.2862541288062168,-0.25598491241391835
1,All Population,1,Deaths,152,Saudi Arabia,3,Both,27,Age-standardized,487,Leukemia,98,Tobacco,2,Percent,1990,2023,0.10172984381266446,0.6901422151374124,-0.2885830151597565
1,All Population,1,Deaths,197,Eswatini,3,Both,27,Age-standardized,423,Larynx cancer,98,Tobacco,2,Percent,1990,2023,-0.18958741103752938,0.13534741322536467,-0.43818700886315815
1,All Population,1,Deaths,197,Eswatini,3,Both,27,Age-standardized,447,Nasopharynx cancer,98,Tobacco,2,Percent,1990,2023,-0.2570060774738332,0.2628084899906974,-0.5533078599235831
1,All Population,1,Deaths,203,Cabo Verde,3,Both,27,Age-standardized,411,Esophageal cancer,98,Tobacco,2,Percent,1990,2023,0.13354730071398555,1.1917953881498067,-0.3556838314223199
1,All Population,1,Deaths,203,Cabo Verde,3,Both,27,Age-standardized,414,Stomach cancer,98,Tobacco,2,Percent,1990,2023,-0.036351478431271525,0.8106708464655461,-0.521041914517866
1,All Population,1,Deaths,203,Cabo Verde,3,Both,27,Age-standardized,426,"Tracheal, bronchus, and lung cancer",98,Tobacco,2,Percent,1990,2023,-0.13152699458086267,0.33650242043013956,-0.4236684469778105
1,All Population,1,Deaths,157,Yemen,3,Both,27,Age-standardized,441,Colon and rectum cancer,98,Tobacco,2,Percent,1990,2023,-0.07840007709444313,0.7063754077644451,-0.5362994505944453
1,All Population,1,Deaths,157,Yemen,3,Both,27,Age-standardized,474,Bladder cancer,98,Tobacco,2,Percent,1990,2023,-0.10948169946667283,0.3297661571268775,-0.403395545650917
1,All Population,1,Deaths,193,Botswana,3,Both,27,Age-standardized,438,Prostate cancer,98,Tobacco,2,Percent,1990,2023,0.234734024574636,0.9290571191272805,-0.2063678093344276
1,All Population,1,Deaths,203,Cabo Verde,3,Both,27,Age-standardized,429,Breast cancer,98,Tobacco,2,Percent,1990,2023,-0.09591113990178138,0.1872712736933991,-0.31578315858627476
1,All Population,1,Deaths,197,Eswatini,3,Both,27,Age-standardized,450,Other pharynx cancer,98,Tobacco,2,Percent,1990,2023,-0.2322631329434794,0.13715358179866927,-0.526962667483132
1,All Population,1,Deaths,193,Botswana,3,Both,27,Age-standardized,441,Colon and rectum cancer,98,Tobacco,2,Percent,1990,2023,0.18486195731381508,1.1827850465507264,-0.35752811590904743
1,All Population,1,Deaths,185,Rwanda,3,Both,27,Age-standardized,432,Cervical cancer,98,Tobacco,2,Percent,1990,2023,0.2741597862836221,1.8279761203165354,-0.43402321251838305
1,All Population,1,Deaths,185,Rwanda,3,Both,27,Age-standardized,438,Prostate cancer,98,Tobacco,2,Percent,1990,2023,0.13128936735017557,1.2632654955850213,-0.3761829535955635
1,All Population,1,Deaths,203,Cabo Verde,3,Both,27,Age-standardized,444,Lip and oral cavity cancer,98,Tobacco,2,Percent,1990,2023,-0.1636268101601029,0.7620274844273294,-0.5779400620884685
1,All Population,1,Deaths,211,Mali,3,Both,27,Age-standardized,423,Larynx cancer,98,Tobacco,2,Percent,1990,2023,0.20891518763636363,0.6741745066341407,-0.13213562619316743
1,All Population,1,Deaths,203,Cabo Verde,3,Both,27,Age-standardized,456,Pancreatic cancer,98,Tobacco,2,Percent,1990,2023,-0.26364272422783525,0.5087364495700137,-0.6538975977741688
1,All Population,1,Deaths,203,Cabo Verde,3,Both,27,Age-standardized,471,Kidney cancer,98,Tobacco,2,Percent,1990,2023,0.3581549634520771,2.203800048894702,-0.5365567866669874
1,All Population,1,Deaths,153,Syrian Arab Republic,3,Both,27,Age-standardized,471,Kidney cancer,98,Tobacco,2,Percent,1990,2023,-0.21441935011576174,0.31687770408459204,-0.5225416194477979
1,All Population,1,Deaths,185,Rwanda,3,Both,27,Age-standardized,441,Colon and rectum cancer,98,Tobacco,2,Percent,1990,2023,0.24559610216737734,1.2747349901023992,-0.32182747629696556
1,All Population,1,Deaths,157,Yemen,3,Both,27,Age-standardized,429,Breast cancer,98,Tobacco,2,Percent,1990,2023,-0.12188927101434806,0.061593425020596754,-0.2828497561561952
1,All Population,1,Deaths,193,Botswana,3,Both,27,Age-standardized,487,Leukemia,98,Tobacco,2,Percent,1990,2023,0.0790120079017366,0.915502535358601,-0.42838275143246873
1,All Population,1,Deaths,211,Mali,3,Both,27,Age-standardized,444,Lip and oral cavity cancer,98,Tobacco,2,Percent,1990,2023,0.1662012997964714,1.0117657913233296,-0.3430152457248977
1,All Population,1,Deaths,211,Mali,3,Both,27,Age-standardized,447,Nasopharynx cancer,98,Tobacco,2,Percent,1990,2023,0.10602826480375958,0.9024472715348028,-0.36920793418414416
1,All Population,1,Deaths,173,Gabon,3,Both,27,Age-standardized,414,Stomach cancer,98,Tobacco,2,Percent,1990,2023,0.6315826173757083,2.0588698673944226,-0.1921076770839006
1,All Population,1,Deaths,101,Canada,3,Both,27,Age-standardized,423,Larynx cancer,98,Tobacco,2,Percent,1990,2023,-0.14097619156445704,-0.0874272609313143,-0.20892005273345055
1,All Population,1,Deaths,157,Yemen,3,Both,27,Age-standardized,471,Kidney cancer,98,Tobacco,2,Percent,1990,2023,-0.12680346087982233,0.40406163073733936,-0.48614539133144574
1,All Population,1,Deaths,170,Congo,3,Both,27,Age-standardized,432,Cervical cancer,98,Tobacco,2,Percent,1990,2023,0.07837169128230205,2.3037646012552484,-0.6956788535302798
1,All Population,1,Deaths,193,Botswana,3,Both,27,Age-standardized,414,Stomach cancer,98,Tobacco,2,Percent,1990,2023,0.19531080834550746,1.0354916138705013,-0.28922116804374387
1,All Population,1,Deaths,203,Cabo Verde,3,Both,27,Age-standardized,487,Leukemia,98,Tobacco,2,Percent,1990,2023,0.24088913051320762,1.3008418461520812,-0.38842882680815866
1,All Population,1,Deaths,193,Botswana,3,Both,27,Age-standardized,417,Liver cancer,98,Tobacco,2,Percent,1990,2023,0.24109445162386725,1.3023379678241884,-0.24740465898307712
1,All Population,1,Deaths,193,Botswana,3,Both,27,Age-standardized,429,Breast cancer,98,Tobacco,2,Percent,1990,2023,-0.02528681751284628,0.21615187394507276,-0.23249346907832452
1,All Population,1,Deaths,142,Iran (Islamic Republic of),3,Both,27,Age-standardized,423,Larynx cancer,98,Tobacco,2,Percent,1990,2023,0.012603420457614336,0.26826809320453426,-0.19784987333186727
1,All Population,1,Deaths,170,Congo,3,Both,27,Age-standardized,438,Prostate cancer,98,Tobacco,2,Percent,1990,2023,0.12564109138751087,0.8309062998043852,-0.31269368748297804
1,All Population,1,Deaths,170,Congo,3,Both,27,Age-standardized,441,Colon and rectum cancer,98,Tobacco,2,Percent,1990,2023,0.3600671528956575,1.7801359627326452,-0.32402459248262205
1,All Population,1,Deaths,170,Congo,3,Both,27,Age-standardized,474,Bladder cancer,98,Tobacco,2,Percent,1990,2023,0.3206043702983161,1.2315977074903706,-0.2547133162836028
1,All Population,1,Deaths,146,Lebanon,3,Both,27,Age-standardized,417,Liver cancer,98,Tobacco,2,Percent,1990,2023,0.2671146694214342,0.8759125309107022,-0.1394958377193624
1,All Population,1,Deaths,180,Kenya,3,Both,27,Age-standardized,423,Larynx cancer,98,Tobacco,2,Percent,1990,2023,-0.11666124252716548,0.12571421085840082,-0.3157676683391778
1,All Population,1,Deaths,211,Mali,3,Both,27,Age-standardized,450,Other pharynx cancer,98,Tobacco,2,Percent,1990,2023,0.2401237912985052,0.9608552604120937,-0.2237418537957648
1,All Population,1,Deaths,193,Botswana,3,Both,27,Age-standardized,432,Cervical cancer,98,Tobacco,2,Percent,1990,2023,0.018089557367603554,1.6146455850449808,-0.6417328642378326
1,All Population,1,Deaths,193,Botswana,3,Both,27,Age-standardized,471,Kidney cancer,98,Tobacco,2,Percent,1990,2023,0.05452392449825681,0.695875570638346,-0.41209825283204626
1,All Population,1,Deaths,184,Mozambique,3,Both,27,Age-standardized,411,Esophageal cancer,98,Tobacco,2,Percent,1990,2023,0.131207484477452,0.8266753498809752,-0.3240792094230271
1,All Population,1,Deaths,140,Bahrain,3,Both,27,Age-standardized,423,Larynx cancer,98,Tobacco,2,Percent,1990,2023,-0.020515825487643292,0.1332973077682232,-0.1562423943192878
1,All Population,1,Deaths,201,Burkina Faso,3,Both,27,Age-standardized,426,"Tracheal, bronchus, and lung cancer",98,Tobacco,2,Percent,1990,2023,-0.17303112223732273,0.1941150860249644,-0.40813582269877774
1,All Population,1,Deaths,146,Lebanon,3,Both,27,Age-standardized,432,Cervical cancer,98,Tobacco,2,Percent,1990,2023,0.39494476977772464,1.3742945342219228,-0.19619959035854143
1,All Population,1,Deaths,146,Lebanon,3,Both,27,Age-standardized,438,Prostate cancer,98,Tobacco,2,Percent,1990,2023,0.25631522907025517,0.7919673089751887,-0.1714744916470802
1,All Population,1,Deaths,146,Lebanon,3,Both,27,Age-standardized,441,Colon and rectum cancer,98,Tobacco,2,Percent,1990,2023,0.32858563006576635,1.01449490271862,-0.14199888744591235
1,All Population,1,Deaths,170,Congo,3,Both,27,Age-standardized,456,Pancreatic cancer,98,Tobacco,2,Percent,1990,2023,0.32452876954283216,1.5346725448309209,-0.3601199073643744
1,All Population,1,Deaths,189,United Republic of Tanzania,3,Both,27,Age-standardized,456,Pancreatic cancer,98,Tobacco,2,Percent,1990,2023,-0.23568628223801483,0.11698656911746819,-0.5059228552958586
1,All Population,1,Deaths,182,Malawi,3,Both,27,Age-standardized,423,Larynx cancer,98,Tobacco,2,Percent,1990,2023,-0.09108445022049817,0.1602889637600576,-0.2703668278467311
1,All Population,1,Deaths,153,Syrian Arab Republic,3,Both,27,Age-standardized,474,Bladder cancer,98,Tobacco,2,Percent,1990,2023,-0.22951719008548038,0.07058688221955522,-0.4649849154060348
1,All Population,1,Deaths,184,Mozambique,3,Both,27,Age-standardized,426,"Tracheal, bronchus, and lung cancer",98,Tobacco,2,Percent,1990,2023,0.18602501690148046,0.7204606408121262,-0.1784576000565072
1,All Population,1,Deaths,191,Zambia,3,Both,27,Age-standardized,438,Prostate cancer,98,Tobacco,2,Percent,1990,2023,-0.3677981360298508,0.04208920218288068,-0.6392002599412023
1,All Population,1,Deaths,182,Malawi,3,Both,27,Age-standardized,426,"Tracheal, bronchus, and lung cancer",98,Tobacco,2,Percent,1990,2023,-0.16090269308851574,0.10460959889629959,-0.360723774854721
1,All Population,1,Deaths,201,Burkina Faso,3,Both,27,Age-standardized,456,Pancreatic cancer,98,Tobacco,2,Percent,1990,2023,-0.265340728591948,0.3315872710513918,-0.62394740434242
1,All Population,1,Deaths,184,Mozambique,3,Both,27,Age-standardized,456,Pancreatic cancer,98,Tobacco,2,Percent,1990,2023,0.11899272852682326,1.080385853302045,-0.43007523866737374
1,All Population,1,Deaths,191,Zambia,3,Both,27,Age-standardized,441,Colon and rectum cancer,98,Tobacco,2,Percent,1990,2023,-0.3419746821355312,0.2972327887203098,-0.703881454668707
1,All Population,1,Deaths,182,Malawi,3,Both,27,Age-standardized,450,Other pharynx cancer,98,Tobacco,2,Percent,1990,2023,-0.09239031932796272,0.19321448801320437,-0.3065473653929901
1,All Population,1,Deaths,182,Malawi,3,Both,27,Age-standardized,456,Pancreatic cancer,98,Tobacco,2,Percent,1990,2023,-0.16731767365410893,0.31881219578841924,-0.47700780699557427
1,All Population,1,Deaths,193,Botswana,3,Both,27,Age-standardized,474,Bladder cancer,98,Tobacco,2,Percent,1990,2023,0.09831763294736942,0.6960640391613773,-0.3354644528899803
1,All Population,1,Deaths,149,Palestine,3,Both,27,Age-standardized,423,Larynx cancer,98,Tobacco,2,Percent,1990,2023,0.026242402468123507,0.16001356713735326,-0.06019605697243381
1,All Population,1,Deaths,149,Palestine,3,Both,27,Age-standardized,426,"Tracheal, bronchus, and lung cancer",98,Tobacco,2,Percent,1990,2023,-0.019859248756804164,0.08445715848059557,-0.09689660842743139
1,All Population,1,Deaths,191,Zambia,3,Both,27,Age-standardized,487,Leukemia,98,Tobacco,2,Percent,1990,2023,-0.2566256931392209,0.41641957024271636,-0.6008063278732455
1,All Population,1,Deaths,184,Mozambique,3,Both,27,Age-standardized,471,Kidney cancer,98,Tobacco,2,Percent,1990,2023,0.547878703621377,1.8609669935994622,-0.2091517085109572
1,All Population,1,Deaths,151,Qatar,3,Both,27,Age-standardized,417,Liver cancer,98,Tobacco,2,Percent,1990,2023,-0.14521175964217364,0.44550446961718754,-0.4911237528916433
1,All Population,1,Deaths,182,Malawi,3,Both,27,Age-standardized,444,Lip and oral cavity cancer,98,Tobacco,2,Percent,1990,2023,-0.22675892738024772,0.19833586741932713,-0.50216471324901
1,All Population,1,Deaths,182,Malawi,3,Both,27,Age-standardized,447,Nasopharynx cancer,98,Tobacco,2,Percent,1990,2023,-0.13570562478633322,0.2589604948613306,-0.43170437219763
1,All Population,1,Deaths,173,Gabon,3,Both,27,Age-standardized,417,Liver cancer,98,Tobacco,2,Percent,1990,2023,0.5883201196180192,1.851661644477428,-0.14233948197344068
1,All Population,1,Deaths,195,Namibia,3,Both,27,Age-standardized,423,Larynx cancer,98,Tobacco,2,Percent,1990,2023,-0.08317739271876924,0.18356976489094437,-0.30198310837880504
1,All Population,1,Deaths,208,Guinea,3,Both,27,Age-standardized,441,Colon and rectum cancer,98,Tobacco,2,Percent,1990,2023,-0.2037955739376683,0.5672638028170459,-0.5792079468775698
1,All Population,1,Deaths,351,Guam,3,Both,27,Age-standardized,423,Larynx cancer,98,Tobacco,2,Percent,1990,2023,0.0007223173111356562,0.14476088286514024,-0.11130279233469878
1,All Population,1,Deaths,182,Malawi,3,Both,27,Age-standardized,487,Leukemia,98,Tobacco,2,Percent,1990,2023,-0.0666902521216802,0.7054586442818354,-0.4744553171442357
1,All Population,1,Deaths,115,Jamaica,3,Both,27,Age-standardized,417,Liver cancer,98,Tobacco,2,Percent,1990,2023,-0.24374987964086275,0.10221692008304796,-0.5428207515412034
1,All Population,1,Deaths,173,Gabon,3,Both,27,Age-standardized,429,Breast cancer,98,Tobacco,2,Percent,1990,2023,0.3441893089508761,0.7471183114100434,0.05371990828636447
1,All Population,1,Deaths,173,Gabon,3,Both,27,Age-standardized,432,Cervical cancer,98,Tobacco,2,Percent,1990,2023,0.5438419634673786,3.8026161594723593,-0.544926453323459
1,All Population,1,Deaths,140,Bahrain,3,Both,27,Age-standardized,426,"Tracheal, bronchus, and lung cancer",98,Tobacco,2,Percent,1990,2023,-0.06466316131967385,0.1322339443455147,-0.23287619718638883
1,All Population,1,Deaths,208,Guinea,3,Both,27,Age-standardized,444,Lip and oral cavity cancer,98,Tobacco,2,Percent,1990,2023,-0.1639569545193893,0.44156786170155693,-0.5570613092751951
1,All Population,1,Deaths,173,Gabon,3,Both,27,Age-standardized,438,Prostate cancer,98,Tobacco,2,Percent,1990,2023,1.03069108691371,2.355229322313897,0.13633355092334715
1,All Population,1,Deaths,173,Gabon,3,Both,27,Age-standardized,474,Bladder cancer,98,Tobacco,2,Percent,1990,2023,0.5827253506406244,1.6997349809902407,-0.12360081148771151
1,All Population,1,Deaths,208,Guinea,3,Both,27,Age-standardized,487,Leukemia,98,Tobacco,2,Percent,1990,2023,0.4519425254652984,2.7056783682291603,-0.350874945818363
1,All Population,1,Deaths,140,Bahrain,3,Both,27,Age-standardized,450,Other pharynx cancer,98,Tobacco,2,Percent,1990,2023,-0.13193877454671982,0.1364870757345578,-0.36194623070085463
1,All Population,1,Deaths,140,Bahrain,3,Both,27,Age-standardized,456,Pancreatic cancer,98,Tobacco,2,Percent,1990,2023,-0.077668320903344,0.45391510884478975,-0.39745214859025096
1,All Population,1,Deaths,208,Guinea,3,Both,27,Age-standardized,411,Esophageal cancer,98,Tobacco,2,Percent,1990,2023,-0.008289960114568997,0.8098937438546154,-0.4714733942102377
1,All Population,1,Deaths,208,Guinea,3,Both,27,Age-standardized,426,"Tracheal, bronchus, and lung cancer",98,Tobacco,2,Percent,1990,2023,-0.10681429830549617,0.22579198208372075,-0.35079722540373476
1,All Population,1,Deaths,115,Jamaica,3,Both,27,Age-standardized,432,Cervical cancer,98,Tobacco,2,Percent,1990,2023,-0.2921644580765418,0.539268722913168,-0.7223127121508237
1,All Population,1,Deaths,115,Jamaica,3,Both,27,Age-standardized,438,Prostate cancer,98,Tobacco,2,Percent,1990,2023,-0.43834982232879444,-0.2083260683057208,-0.6210991616475957
1,All Population,1,Deaths,170,Congo,3,Both,27,Age-standardized,444,Lip and oral cavity cancer,98,Tobacco,2,Percent,1990,2023,0.26658244624337746,1.1901850779981975,-0.31825343239809967
1,All Population,1,Deaths,170,Congo,3,Both,27,Age-standardized,447,Nasopharynx cancer,98,Tobacco,2,Percent,1990,2023,0.3520420760649446,1.240258903775118,-0.2570112870345376
1,All Population,1,Deaths,195,Namibia,3,Both,27,Age-standardized,417,Liver cancer,98,Tobacco,2,Percent,1990,2023,-0.13761990350282746,0.4102600891030325,-0.4868413603839219
1,All Population,1,Deaths,351,Guam,3,Both,27,Age-standardized,426,"Tracheal, bronchus, and lung cancer",98,Tobacco,2,Percent,1990,2023,-0.08058887620606021,0.07244632605611222,-0.21080215816615308
1,All Population,1,Deaths,351,Guam,3,Both,27,Age-standardized,450,Other pharynx cancer,98,Tobacco,2,Percent,1990,2023,0.19353846252360407,0.5233190352346054,-0.032802058216956496
1,All Population,1,Deaths,208,Guinea,3,Both,27,Age-standardized,456,Pancreatic cancer,98,Tobacco,2,Percent,1990,2023,-0.18963710788940055,0.49014988271360144,-0.567175159775327
1,All Population,1,Deaths,149,Palestine,3,Both,27,Age-standardized,450,Other pharynx cancer,98,Tobacco,2,Percent,1990,2023,-0.12788919037423027,0.23910293079575035,-0.3944273476522765
1,All Population,1,Deaths,195,Namibia,3,Both,27,Age-standardized,432,Cervical cancer,98,Tobacco,2,Percent,1990,2023,-0.23242392357523958,0.5015526981167973,-0.5792116932316882
1,All Population,1,Deaths,151,Qatar,3,Both,27,Age-standardized,411,Esophageal cancer,98,Tobacco,2,Percent,1990,2023,-0.04645011795319436,0.601918591475943,-0.46721899363878494
1,All Population,1,Deaths,151,Qatar,3,Both,27,Age-standardized,414,Stomach cancer,98,Tobacco,2,Percent,1990,2023,-0.2976883004783487,0.1695760946889519,-0.5945535784089468
1,All Population,1,Deaths,195,Namibia,3,Both,27,Age-standardized,426,"Tracheal, bronchus, and lung cancer",98,Tobacco,2,Percent,1990,2023,-0.11267243091601076,0.18571610710928163,-0.3272194018209996
1,All Population,1,Deaths,122,Ecuador,3,Both,27,Age-standardized,411,Esophageal cancer,98,Tobacco,2,Percent,1990,2023,-0.4537032857782513,-0.19501897284736094,-0.6502537261225794
1,All Population,1,Deaths,208,Guinea,3,Both,27,Age-standardized,471,Kidney cancer,98,Tobacco,2,Percent,1990,2023,0.09697413884704151,1.0688251953876229,-0.4133702203578639
1,All Population,1,Deaths,195,Namibia,3,Both,27,Age-standardized,438,Prostate cancer,98,Tobacco,2,Percent,1990,2023,-0.2868571302153383,0.1354416250762396,-0.5515637008563548
1,All Population,1,Deaths,195,Namibia,3,Both,27,Age-standardized,441,Colon and rectum cancer,98,Tobacco,2,Percent,1990,2023,-0.19365578973338557,0.3795949532701318,-0.5373825567770858
1,All Population,1,Deaths,195,Namibia,3,Both,27,Age-standardized,474,Bladder cancer,98,Tobacco,2,Percent,1990,2023,-0.2057396375374028,0.48127553814790036,-0.5681315738610666
1,All Population,1,Deaths,151,Qatar,3,Both,27,Age-standardized,426,"Tracheal, bronchus, and lung cancer",98,Tobacco,2,Percent,1990,2023,-0.11118209478790035,0.12404803015031605,-0.28281274968652653
1,All Population,1,Deaths,195,Namibia,3,Both,27,Age-standardized,450,Other pharynx cancer,98,Tobacco,2,Percent,1990,2023,-0.12572839758031684,0.21970409701482646,-0.4127141754016852
1,All Population,1,Deaths,195,Namibia,3,Both,27,Age-standardized,456,Pancreatic cancer,98,Tobacco,2,Percent,1990,2023,-0.2032536506908784,0.34294908955103676,-0.5330086985404952
1,All Population,1,Deaths,115,Jamaica,3,Both,27,Age-standardized,441,Colon and rectum cancer,98,Tobacco,2,Percent,1990,2023,-0.25689447806045246,0.19335346758254865,-0.5370382872477812
1,All Population,1,Deaths,115,Jamaica,3,Both,27,Age-standardized,474,Bladder cancer,98,Tobacco,2,Percent,1990,2023,-0.29862496743045247,0.046016048200170044,-0.571139950984136
1,All Population,1,Deaths,151,Qatar,3,Both,27,Age-standardized,429,Breast cancer,98,Tobacco,2,Percent,1990,2023,-0.02769437598805227,0.19955765748560464,-0.19994607390661914
1,All Population,1,Deaths,151,Qatar,3,Both,27,Age-standardized,456,Pancreatic cancer,98,Tobacco,2,Percent,1990,2023,-0.21605182690049712,0.29127381924600515,-0.5706530890030794
1,All Population,1,Deaths,351,Guam,3,Both,27,Age-standardized,456,Pancreatic cancer,98,Tobacco,2,Percent,1990,2023,-0.19213485413169576,0.05536681911183651,-0.3820753431889803
1,All Population,1,Deaths,211,Mali,3,Both,27,Age-standardized,426,"Tracheal, bronchus, and lung cancer",98,Tobacco,2,Percent,1990,2023,0.23174864061680756,0.7222657644043311,-0.10101820525288405
1,All Population,1,Deaths,201,Burkina Faso,3,Both,27,Age-standardized,423,Larynx cancer,98,Tobacco,2,Percent,1990,2023,-0.1339280351480592,0.19192498290107163,-0.3908007970990223
1,All Population,1,Deaths,176,Comoros,3,Both,27,Age-standardized,423,Larynx cancer,98,Tobacco,2,Percent,1990,2023,-0.06781222159888324,0.21151638157914787,-0.2675346086447503
1,All Population,1,Deaths,146,Lebanon,3,Both,27,Age-standardized,474,Bladder cancer,98,Tobacco,2,Percent,1990,2023,0.18746684348826956,0.599687422581659,-0.15218979153429463
1,All Population,1,Deaths,205,Côte d'Ivoire,3,Both,27,Age-standardized,423,Larynx cancer,98,Tobacco,2,Percent,1990,2023,0.048220131122429996,0.4102522296858257,-0.2500740757977343
1,All Population,1,Deaths,210,Liberia,3,Both,27,Age-standardized,411,Esophageal cancer,98,Tobacco,2,Percent,1990,2023,-0.13513110317128343,0.4080865744433543,-0.4942189218082731
1,All Population,1,Deaths,210,Liberia,3,Both,27,Age-standardized,414,Stomach cancer,98,Tobacco,2,Percent,1990,2023,-0.23527702789205365,0.3051113769818239,-0.6000230846993032
1,All Population,1,Deaths,210,Liberia,3,Both,27,Age-standardized,417,Liver cancer,98,Tobacco,2,Percent,1990,2023,-0.16666257732889947,0.217731373509282,-0.4918792122348085
1,All Population,1,Deaths,184,Mozambique,3,Both,27,Age-standardized,438,Prostate cancer,98,Tobacco,2,Percent,1990,2023,0.337654834918062,1.2541523516162363,-0.2302188918527867
1,All Population,1,Deaths,184,Mozambique,3,Both,27,Age-standardized,441,Colon and rectum cancer,98,Tobacco,2,Percent,1990,2023,0.2012238218677583,1.1350622167854931,-0.36280327417316377
1,All Population,1,Deaths,151,Qatar,3,Both,27,Age-standardized,471,Kidney cancer,98,Tobacco,2,Percent,1990,2023,-0.22624784573221252,0.28385535786511085,-0.5542979264632162
1,All Population,1,Deaths,211,Mali,3,Both,27,Age-standardized,456,Pancreatic cancer,98,Tobacco,2,Percent,1990,2023,0.34404617928466324,1.3849377339136304,-0.2682027621126329
1,All Population,1,Deaths,201,Burkina Faso,3,Both,27,Age-standardized,444,Lip and oral cavity cancer,98,Tobacco,2,Percent,1990,2023,-0.16603017260686126,0.44856065926551963,-0.5216096608649818
1,All Population,1,Deaths,201,Burkina Faso,3,Both,27,Age-standardized,447,Nasopharynx cancer,98,Tobacco,2,Percent,1990,2023,-0.22312612019126754,0.32458149118526736,-0.5515494721373796
1,All Population,1,Deaths,210,Liberia,3,Both,27,Age-standardized,429,Breast cancer,98,Tobacco,2,Percent,1990,2023,-0.049579881981185236,0.2049745808620121,-0.2563172049601521
1,All Population,1,Deaths,136,Paraguay,3,Both,27,Age-standardized,423,Larynx cancer,98,Tobacco,2,Percent,1990,2023,-0.12334724020104652,-0.023133639223458968,-0.22799512949810474
1,All Population,1,Deaths,176,Comoros,3,Both,27,Age-standardized,450,Other pharynx cancer,98,Tobacco,2,Percent,1990,2023,-0.1385621502152891,0.20227076760815033,-0.41961288102458205
1,All Population,1,Deaths,209,Guinea-Bissau,3,Both,27,Age-standardized,423,Larynx cancer,98,Tobacco,2,Percent,1990,2023,0.6251081654655951,1.3854684742737502,0.08379342863232486
1,All Population,1,Deaths,184,Mozambique,3,Both,27,Age-standardized,444,Lip and oral cavity cancer,98,Tobacco,2,Percent,1990,2023,0.1348585453609202,0.884984841801437,-0.30557052269535656
1,All Population,1,Deaths,205,Côte d'Ivoire,3,Both,27,Age-standardized,447,Nasopharynx cancer,98,Tobacco,2,Percent,1990,2023,-0.09615165725445328,0.4870995669585117,-0.4790273928324306
1,All Population,1,Deaths,205,Côte d'Ivoire,3,Both,27,Age-standardized,450,Other pharynx cancer,98,Tobacco,2,Percent,1990,2023,0.022058755331131732,0.6640353229946144,-0.4052368456398044
1,All Population,1,Deaths,201,Burkina Faso,3,Both,27,Age-standardized,450,Other pharynx cancer,98,Tobacco,2,Percent,1990,2023,-0.1950492742265328,0.18488982404405352,-0.5073190885073672
1,All Population,1,Deaths,168,Angola,3,Both,27,Age-standardized,411,Esophageal cancer,98,Tobacco,2,Percent,1990,2023,-0.18416076860743427,0.4776354363067046,-0.5512482716003034
1,All Population,1,Deaths,191,Zambia,3,Both,27,Age-standardized,411,Esophageal cancer,98,Tobacco,2,Percent,1990,2023,-0.27841319618562105,0.20016921968920506,-0.5938141853349375
1,All Population,1,Deaths,191,Zambia,3,Both,27,Age-standardized,426,"Tracheal, bronchus, and lung cancer",98,Tobacco,2,Percent,1990,2023,-0.2775004875862385,0.094494805563098,-0.502674336298194
1,All Population,1,Deaths,201,Burkina Faso,3,Both,27,Age-standardized,438,Prostate cancer,98,Tobacco,2,Percent,1990,2023,-0.19261786414743556,0.4445825076003328,-0.5202590693516022
1,All Population,1,Deaths,201,Burkina Faso,3,Both,27,Age-standardized,441,Colon and rectum cancer,98,Tobacco,2,Percent,1990,2023,-0.22433204816100316,0.3620558177360469,-0.5976430790512557
1,All Population,1,Deaths,209,Guinea-Bissau,3,Both,27,Age-standardized,487,Leukemia,98,Tobacco,2,Percent,1990,2023,1.8271887408796381,5.300457448017367,0.29101397138841123
1,All Population,1,Deaths,180,Kenya,3,Both,27,Age-standardized,411,Esophageal cancer,98,Tobacco,2,Percent,1990,2023,-0.14009589848747242,0.6072912861961858,-0.49926800884641165
1,All Population,1,Deaths,180,Kenya,3,Both,27,Age-standardized,414,Stomach cancer,98,Tobacco,2,Percent,1990,2023,-0.18735533800601784,0.5284733837099581,-0.5478828375470829
1,All Population,1,Deaths,180,Kenya,3,Both,27,Age-standardized,426,"Tracheal, bronchus, and lung cancer",98,Tobacco,2,Percent,1990,2023,-0.16709731329229285,0.16129291279781902,-0.39021458905699874
1,All Population,1,Deaths,210,Liberia,3,Both,27,Age-standardized,432,Cervical cancer,98,Tobacco,2,Percent,1990,2023,-0.2870842578074182,1.3680434361483136,-0.8103426626822872
1,All Population,1,Deaths,210,Liberia,3,Both,27,Age-standardized,471,Kidney cancer,98,Tobacco,2,Percent,1990,2023,-0.01857466123043953,0.6796203424985476,-0.46387502214566956
1,All Population,1,Deaths,351,Guam,3,Both,27,Age-standardized,432,Cervical cancer,98,Tobacco,2,Percent,1990,2023,0.2426989778174183,1.1226036168377185,-0.2345235851151522
1,All Population,1,Deaths,206,Gambia,3,Both,27,Age-standardized,411,Esophageal cancer,98,Tobacco,2,Percent,1990,2023,-0.29690431042854276,0.16843761697692516,-0.5606217126530504
1,All Population,1,Deaths,151,Qatar,3,Both,27,Age-standardized,423,Larynx cancer,98,Tobacco,2,Percent,1990,2023,-0.0058923641028056535,0.3044097874341135,-0.22870777383493704
1,All Population,1,Deaths,151,Qatar,3,Both,27,Age-standardized,432,Cervical cancer,98,Tobacco,2,Percent,1990,2023,-0.31002994776235576,1.208940803981661,-0.8146875555434417
1,All Population,1,Deaths,151,Qatar,3,Both,27,Age-standardized,438,Prostate cancer,98,Tobacco,2,Percent,1990,2023,-0.17460629187754295,0.24608105057541702,-0.49634739501409325
1,All Population,1,Deaths,191,Zambia,3,Both,27,Age-standardized,456,Pancreatic cancer,98,Tobacco,2,Percent,1990,2023,-0.3393042837770189,0.2916565696854567,-0.6565195636137732
1,All Population,1,Deaths,206,Gambia,3,Both,27,Age-standardized,414,Stomach cancer,98,Tobacco,2,Percent,1990,2023,-0.3604128207688379,0.12812987585081084,-0.6274127552289726
1,All Population,1,Deaths,136,Paraguay,3,Both,27,Age-standardized,426,"Tracheal, bronchus, and lung cancer",98,Tobacco,2,Percent,1990,2023,-0.17322832789713966,-0.02403872978085556,-0.29632572992411554
1,All Population,1,Deaths,136,Paraguay,3,Both,27,Age-standardized,450,Other pharynx cancer,98,Tobacco,2,Percent,1990,2023,-0.2239922509417308,-0.031618153752321326,-0.40144984656217847
1,All Population,1,Deaths,172,Equatorial Guinea,3,Both,27,Age-standardized,432,Cervical cancer,98,Tobacco,2,Percent,1990,2023,0.15141255810392484,3.2210400992278956,-0.7134569890987456
1,All Population,1,Deaths,320,Cook Islands,3,Both,27,Age-standardized,423,Larynx cancer,98,Tobacco,2,Percent,1990,2023,-0.13875577992208735,0.029956547942067202,-0.30588920461372265
1,All Population,1,Deaths,210,Liberia,3,Both,27,Age-standardized,474,Bladder cancer,98,Tobacco,2,Percent,1990,2023,-0.17254594681706747,0.3245726787312081,-0.5240528912783446
1,All Population,1,Deaths,151,Qatar,3,Both,27,Age-standardized,474,Bladder cancer,98,Tobacco,2,Percent,1990,2023,-0.2413248965056859,0.11821771252167977,-0.5225245117820638
1,All Population,1,Deaths,151,Qatar,3,Both,27,Age-standardized,447,Nasopharynx cancer,98,Tobacco,2,Percent,1990,2023,0.28411076315037237,1.3962616489521888,-0.3747138507361296
1,All Population,1,Deaths,151,Qatar,3,Both,27,Age-standardized,450,Other pharynx cancer,98,Tobacco,2,Percent,1990,2023,-0.22187676376359217,0.08593002351070989,-0.4683185531687891
1,All Population,1,Deaths,178,Eritrea,3,Both,27,Age-standardized,438,Prostate cancer,98,Tobacco,2,Percent,1990,2023,-0.09569656134822385,0.5111185690761335,-0.48750824711557933
1,All Population,1,Deaths,206,Gambia,3,Both,27,Age-standardized,429,Breast cancer,98,Tobacco,2,Percent,1990,2023,-0.3142133374621669,-0.18614021774128553,-0.41839282148899115
1,All Population,1,Deaths,206,Gambia,3,Both,27,Age-standardized,471,Kidney cancer,98,Tobacco,2,Percent,1990,2023,-0.26019069129788963,0.21605281925449085,-0.5818354617210637
1,All Population,1,Deaths,172,Equatorial Guinea,3,Both,27,Age-standardized,438,Prostate cancer,98,Tobacco,2,Percent,1990,2023,-0.07487836223588697,0.5877716926004743,-0.4803844183930374
1,All Population,1,Deaths,172,Equatorial Guinea,3,Both,27,Age-standardized,441,Colon and rectum cancer,98,Tobacco,2,Percent,1990,2023,0.08705914430529317,1.2393050157577248,-0.4368266403533363
1,All Population,1,Deaths,320,Cook Islands,3,Both,27,Age-standardized,450,Other pharynx cancer,98,Tobacco,2,Percent,1990,2023,-0.13924698806454044,0.14254761906329935,-0.395297478998837
1,All Population,1,Deaths,218,Togo,3,Both,27,Age-standardized,411,Esophageal cancer,98,Tobacco,2,Percent,1990,2023,-0.24647745236212637,0.3958260733712309,-0.599463571925932
1,All Population,1,Deaths,178,Eritrea,3,Both,27,Age-standardized,441,Colon and rectum cancer,98,Tobacco,2,Percent,1990,2023,-0.005693478455197223,1.0172359558453792,-0.5086546834667994
1,All Population,1,Deaths,128,Guatemala,3,Both,27,Age-standardized,426,"Tracheal, bronchus, and lung cancer",98,Tobacco,2,Percent,1990,2023,-0.3171023234043652,-0.08525457313482492,-0.5210331514419041
1,All Population,1,Deaths,206,Gambia,3,Both,27,Age-standardized,474,Bladder cancer,98,Tobacco,2,Percent,1990,2023,-0.36521402567616873,0.09587010490986285,-0.6320489835646537
1,All Population,1,Deaths,207,Ghana,3,Both,27,Age-standardized,423,Larynx cancer,98,Tobacco,2,Percent,1990,2023,-0.12567882124529745,0.21007490811212054,-0.42072348175021324
1,All Population,1,Deaths,207,Ghana,3,Both,27,Age-standardized,447,Nasopharynx cancer,98,Tobacco,2,Percent,1990,2023,-0.2850480619535648,0.14372147031192917,-0.5759995169759786
1,All Population,1,Deaths,178,Eritrea,3,Both,27,Age-standardized,487,Leukemia,98,Tobacco,2,Percent,1990,2023,0.029740566178391895,0.9307009888673958,-0.4423959650289236
1,All Population,1,Deaths,178,Eritrea,3,Both,27,Age-standardized,414,Stomach cancer,98,Tobacco,2,Percent,1990,2023,-0.025694176297626055,0.8587037913186933,-0.5167434893504619
1,All Population,1,Deaths,207,Ghana,3,Both,27,Age-standardized,450,Other pharynx cancer,98,Tobacco,2,Percent,1990,2023,-0.30269553652896675,0.08347347438261717,-0.5965735916991421
1,All Population,1,Deaths,128,Guatemala,3,Both,27,Age-standardized,450,Other pharynx cancer,98,Tobacco,2,Percent,1990,2023,-0.33083547015866677,-0.059759659438068734,-0.5895423400161225
1,All Population,1,Deaths,128,Guatemala,3,Both,27,Age-standardized,456,Pancreatic cancer,98,Tobacco,2,Percent,1990,2023,-0.3605297115976239,0.06947921024621011,-0.6393638655980294
1,All Population,1,Deaths,178,Eritrea,3,Both,27,Age-standardized,417,Liver cancer,98,Tobacco,2,Percent,1990,2023,-0.022440289369479834,0.7930643201015253,-0.4966051487812261
1,All Population,1,Deaths,182,Malawi,3,Both,27,Age-standardized,411,Esophageal cancer,98,Tobacco,2,Percent,1990,2023,-0.14312008905842907,0.2940672918009477,-0.4306664734728787
1,All Population,1,Deaths,136,Paraguay,3,Both,27,Age-standardized,456,Pancreatic cancer,98,Tobacco,2,Percent,1990,2023,-0.3145708167724779,0.09939883925212355,-0.5800326990471892
1,All Population,1,Deaths,172,Equatorial Guinea,3,Both,27,Age-standardized,444,Lip and oral cavity cancer,98,Tobacco,2,Percent,1990,2023,0.05722032129770697,0.87198155922309,-0.3763112542250346
1,All Population,1,Deaths,184,Mozambique,3,Both,27,Age-standardized,487,Leukemia,98,Tobacco,2,Percent,1990,2023,0.594969814758145,2.042358509479519,-0.14981380245824144
1,All Population,1,Deaths,184,Mozambique,3,Both,27,Age-standardized,414,Stomach cancer,98,Tobacco,2,Percent,1990,2023,0.23276457595120847,1.2467066006846874,-0.3640975969740946
1,All Population,1,Deaths,149,Palestine,3,Both,27,Age-standardized,456,Pancreatic cancer,98,Tobacco,2,Percent,1990,2023,-0.00918475656192178,0.36005003715289874,-0.3078093506104523
1,All Population,1,Deaths,150,Oman,3,Both,27,Age-standardized,438,Prostate cancer,98,Tobacco,2,Percent,1990,2023,-0.4741152278450986,-0.2553771050160376,-0.627631492980048
1,All Population,1,Deaths,176,Comoros,3,Both,27,Age-standardized,411,Esophageal cancer,98,Tobacco,2,Percent,1990,2023,-0.16436193817893946,0.3563682962702661,-0.46929196773612397
1,All Population,1,Deaths,187,Somalia,3,Both,27,Age-standardized,411,Esophageal cancer,98,Tobacco,2,Percent,1990,2023,-0.1004504638311468,0.5837788428295168,-0.48834639123229245
1,All Population,1,Deaths,187,Somalia,3,Both,27,Age-standardized,414,Stomach cancer,98,Tobacco,2,Percent,1990,2023,-0.1022302092756584,0.7394116642818763,-0.5488220549796865
1,All Population,1,Deaths,172,Equatorial Guinea,3,Both,27,Age-standardized,447,Nasopharynx cancer,98,Tobacco,2,Percent,1990,2023,0.11864282054991661,0.9285515402969635,-0.3517745709443083
1,All Population,1,Deaths,172,Equatorial Guinea,3,Both,27,Age-standardized,487,Leukemia,98,Tobacco,2,Percent,1990,2023,0.21307912107412005,1.299996224434214,-0.37212738956710173
1,All Population,1,Deaths,176,Comoros,3,Both,27,Age-standardized,414,Stomach cancer,98,Tobacco,2,Percent,1990,2023,-0.1713088713486655,0.5280339584666089,-0.5282389513755928
1,All Population,1,Deaths,176,Comoros,3,Both,27,Age-standardized,426,"Tracheal, bronchus, and lung cancer",98,Tobacco,2,Percent,1990,2023,-0.11852114675418444,0.22845549680228439,-0.3275966241767634
1,All Population,1,Deaths,132,Panama,3,Both,27,Age-standardized,411,Esophageal cancer,98,Tobacco,2,Percent,1990,2023,-0.5383734313335012,-0.27432370899879377,-0.7247444297046884
1,All Population,1,Deaths,132,Panama,3,Both,27,Age-standardized,414,Stomach cancer,98,Tobacco,2,Percent,1990,2023,-0.6055214178052216,-0.32126023414955707,-0.7834179474945445
1,All Population,1,Deaths,187,Somalia,3,Both,27,Age-standardized,426,"Tracheal, bronchus, and lung cancer",98,Tobacco,2,Percent,1990,2023,-0.038871646308242365,0.4652704991316379,-0.31196296386926614
1,All Population,1,Deaths,209,Guinea-Bissau,3,Both,27,Age-standardized,450,Other pharynx cancer,98,Tobacco,2,Percent,1990,2023,0.5821959651657217,1.7209304109413643,-0.07243472006038454
1,All Population,1,Deaths,203,Cabo Verde,3,Both,27,Age-standardized,423,Larynx cancer,98,Tobacco,2,Percent,1990,2023,-0.1339227633934118,0.14375417481480796,-0.36694224046178625
1,All Population,1,Deaths,203,Cabo Verde,3,Both,27,Age-standardized,447,Nasopharynx cancer,98,Tobacco,2,Percent,1990,2023,-0.13644339660609636,0.39329181883318454,-0.5137888161356371
1,All Population,1,Deaths,176,Comoros,3,Both,27,Age-standardized,429,Breast cancer,98,Tobacco,2,Percent,1990,2023,-0.10311367293120413,0.09707685162099053,-0.26340243985098144
1,All Population,1,Deaths,176,Comoros,3,Both,27,Age-standardized,456,Pancreatic cancer,98,Tobacco,2,Percent,1990,2023,-0.2066404605336095,0.41888317798609465,-0.5386984684297194
1,All Population,1,Deaths,142,Iran (Islamic Republic of),3,Both,27,Age-standardized,426,"Tracheal, bronchus, and lung cancer",98,Tobacco,2,Percent,1990,2023,-0.05884784179934108,0.21869279257242233,-0.26973261573750773
1,All Population,1,Deaths,150,Oman,3,Both,27,Age-standardized,441,Colon and rectum cancer,98,Tobacco,2,Percent,1990,2023,-0.3570836187272313,0.05993483044488882,-0.6095652307165251
1,All Population,1,Deaths,298,American Samoa,3,Both,27,Age-standardized,411,Esophageal cancer,98,Tobacco,2,Percent,1990,2023,-0.16696019918366506,0.23578932944982461,-0.44890278368570363
1,All Population,1,Deaths,298,American Samoa,3,Both,27,Age-standardized,414,Stomach cancer,98,Tobacco,2,Percent,1990,2023,-0.19713804434707272,0.3267685372441617,-0.5300184335962111
1,All Population,1,Deaths,320,Cook Islands,3,Both,27,Age-standardized,417,Liver cancer,98,Tobacco,2,Percent,1990,2023,-0.17366687829995994,0.18173316083247829,-0.4611049149426486
1,All Population,1,Deaths,181,Madagascar,3,Both,27,Age-standardized,417,Liver cancer,98,Tobacco,2,Percent,1990,2023,-0.276392829247986,0.13070586407982274,-0.541075731973033
1,All Population,1,Deaths,132,Panama,3,Both,27,Age-standardized,429,Breast cancer,98,Tobacco,2,Percent,1990,2023,-0.4711745804358395,-0.29277233781636697,-0.6084899943132659
1,All Population,1,Deaths,184,Mozambique,3,Both,27,Age-standardized,417,Liver cancer,98,Tobacco,2,Percent,1990,2023,0.2807094168679815,1.185764598368484,-0.2741030938367263
1,All Population,1,Deaths,184,Mozambique,3,Both,27,Age-standardized,429,Breast cancer,98,Tobacco,2,Percent,1990,2023,-0.12930806577417525,0.09214406988852408,-0.2940610456757421
1,All Population,1,Deaths,351,Guam,3,Both,27,Age-standardized,414,Stomach cancer,98,Tobacco,2,Percent,1990,2023,0.023905855042541668,0.4721471993668682,-0.2399462854695801
1,All Population,1,Deaths,351,Guam,3,Both,27,Age-standardized,417,Liver cancer,98,Tobacco,2,Percent,1990,2023,-0.20011180385951946,0.08834081766703195,-0.397107337481813
1,All Population,1,Deaths,209,Guinea-Bissau,3,Both,27,Age-standardized,456,Pancreatic cancer,98,Tobacco,2,Percent,1990,2023,0.43525212932556734,1.7341784298439291,-0.22959152884221629
1,All Population,1,Deaths,203,Cabo Verde,3,Both,27,Age-standardized,450,Other pharynx cancer,98,Tobacco,2,Percent,1990,2023,0.09834693538541718,1.0806425490728864,-0.35378744233185094
1,All Population,1,Deaths,176,Comoros,3,Both,27,Age-standardized,471,Kidney cancer,98,Tobacco,2,Percent,1990,2023,-0.19282745286101285,0.453689928491623,-0.5491932481427253
1,All Population,1,Deaths,198,Zimbabwe,3,Both,27,Age-standardized,417,Liver cancer,98,Tobacco,2,Percent,1990,2023,-0.29221962647873967,0.031139552628988217,-0.5103233906474376
1,All Population,1,Deaths,142,Iran (Islamic Republic of),3,Both,27,Age-standardized,450,Other pharynx cancer,98,Tobacco,2,Percent,1990,2023,-0.04869974697645562,0.5646387871947236,-0.42082980062000147
1,All Population,1,Deaths,142,Iran (Islamic Republic of),3,Both,27,Age-standardized,456,Pancreatic cancer,98,Tobacco,2,Percent,1990,2023,-0.03686794275534558,0.4973914063989971,-0.42829183679382915
1,All Population,1,Deaths,150,Oman,3,Both,27,Age-standardized,487,Leukemia,98,Tobacco,2,Percent,1990,2023,-0.2990608709109409,0.08323573999417887,-0.5722870458438863
1,All Population,1,Deaths,351,Guam,3,Both,27,Age-standardized,429,Breast cancer,98,Tobacco,2,Percent,1990,2023,-0.0702754413830602,0.12165909901725364,-0.23477435516963985
1,All Population,1,Deaths,351,Guam,3,Both,27,Age-standardized,438,Prostate cancer,98,Tobacco,2,Percent,1990,2023,-0.010352296007799374,0.6538439599813541,-0.40987971575854903
1,All Population,1,Deaths,351,Guam,3,Both,27,Age-standardized,441,Colon and rectum cancer,98,Tobacco,2,Percent,1990,2023,-0.10205641670493949,0.2439154898203984,-0.3374969539960135
1,All Population,1,Deaths,185,Rwanda,3,Both,27,Age-standardized,423,Larynx cancer,98,Tobacco,2,Percent,1990,2023,0.09142995735837267,0.399415182236585,-0.12613030333808956
1,All Population,1,Deaths,198,Zimbabwe,3,Both,27,Age-standardized,432,Cervical cancer,98,Tobacco,2,Percent,1990,2023,-0.4225118823108053,0.8782362383052705,-0.8295443365751122
1,All Population,1,Deaths,132,Panama,3,Both,27,Age-standardized,471,Kidney cancer,98,Tobacco,2,Percent,1990,2023,-0.5210802775170369,-0.17600199364345875,-0.7446119961526266
1,All Population,1,Deaths,176,Comoros,3,Both,27,Age-standardized,444,Lip and oral cavity cancer,98,Tobacco,2,Percent,1990,2023,-0.1346361145339039,0.36183352612550335,-0.44825916133159327
1,All Population,1,Deaths,176,Comoros,3,Both,27,Age-standardized,447,Nasopharynx cancer,98,Tobacco,2,Percent,1990,2023,-0.13310209063114922,0.5084688021380539,-0.491492562923681
1,All Population,1,Deaths,182,Malawi,3,Both,27,Age-standardized,414,Stomach cancer,98,Tobacco,2,Percent,1990,2023,-0.12612691517931304,0.5013209563172655,-0.4645026148660328
1,All Population,1,Deaths,182,Malawi,3,Both,27,Age-standardized,417,Liver cancer,98,Tobacco,2,Percent,1990,2023,-0.10438535841290791,0.3938447781119617,-0.4343929855405964
1,All Population,1,Deaths,185,Rwanda,3,Both,27,Age-standardized,426,"Tracheal, bronchus, and lung cancer",98,Tobacco,2,Percent,1990,2023,0.08768524245501955,0.4594650560794167,-0.1897842353234075
1,All Population,1,Deaths,185,Rwanda,3,Both,27,Age-standardized,450,Other pharynx cancer,98,Tobacco,2,Percent,1990,2023,0.08358594314761843,0.4855941599293359,-0.23761123577353507
1,All Population,1,Deaths,320,Cook Islands,3,Both,27,Age-standardized,432,Cervical cancer,98,Tobacco,2,Percent,1990,2023,-0.18962013212013112,0.4564055626932353,-0.5803143587530764
1,All Population,1,Deaths,320,Cook Islands,3,Both,27,Age-standardized,438,Prostate cancer,98,Tobacco,2,Percent,1990,2023,-0.15896289646990613,0.5353217790343535,-0.569359245374033
1,All Population,1,Deaths,351,Guam,3,Both,27,Age-standardized,471,Kidney cancer,98,Tobacco,2,Percent,1990,2023,-0.2593533301009733,0.10503429076298108,-0.48520890877398665
1,All Population,1,Deaths,351,Guam,3,Both,27,Age-standardized,474,Bladder cancer,98,Tobacco,2,Percent,1990,2023,-0.05976982494932979,0.2555634503392294,-0.28818353167615823
1,All Population,1,Deaths,144,Jordan,3,Both,27,Age-standardized,423,Larynx cancer,98,Tobacco,2,Percent,1990,2023,0.013355778985935424,0.12595887894976965,-0.09301340100320808
1,All Population,1,Deaths,182,Malawi,3,Both,27,Age-standardized,429,Breast cancer,98,Tobacco,2,Percent,1990,2023,-0.12573683812591202,0.0672093090317084,-0.29506649430064535
1,All Population,1,Deaths,176,Comoros,3,Both,27,Age-standardized,487,Leukemia,98,Tobacco,2,Percent,1990,2023,-0.12433730518706744,0.5400632030193238,-0.5068612879907477
1,All Population,1,Deaths,218,Togo,3,Both,27,Age-standardized,414,Stomach cancer,98,Tobacco,2,Percent,1990,2023,-0.37992608594348665,0.16462197452072946,-0.7088901560291054
1,All Population,1,Deaths,218,Togo,3,Both,27,Age-standardized,426,"Tracheal, bronchus, and lung cancer",98,Tobacco,2,Percent,1990,2023,-0.25791209960371625,0.07671969104296926,-0.4903027926506163
1,All Population,1,Deaths,130,Mexico,3,Both,27,Age-standardized,441,Colon and rectum cancer,98,Tobacco,2,Percent,1990,2023,-0.44636338232642525,-0.24352749145569622,-0.5841192995436125
1,All Population,1,Deaths,190,Uganda,3,Both,27,Age-standardized,411,Esophageal cancer,98,Tobacco,2,Percent,1990,2023,0.0071121004110655485,0.578610092534124,-0.4089821112251063
1,All Population,1,Deaths,190,Uganda,3,Both,27,Age-standardized,414,Stomach cancer,98,Tobacco,2,Percent,1990,2023,-0.015554392426258732,0.7015262541667773,-0.4494587112547576
1,All Population,1,Deaths,298,American Samoa,3,Both,27,Age-standardized,441,Colon and rectum cancer,98,Tobacco,2,Percent,1990,2023,-0.1348076718460552,0.48457725296682064,-0.5267599469816735
1,All Population,1,Deaths,298,American Samoa,3,Both,27,Age-standardized,444,Lip and oral cavity cancer,98,Tobacco,2,Percent,1990,2023,-0.13328362175865902,0.46190647920379657,-0.5314409362315401
1,All Population,1,Deaths,144,Jordan,3,Both,27,Age-standardized,447,Nasopharynx cancer,98,Tobacco,2,Percent,1990,2023,-0.05977143527509661,0.26201721949698353,-0.2761619293433678
1,All Population,1,Deaths,144,Jordan,3,Both,27,Age-standardized,450,Other pharynx cancer,98,Tobacco,2,Percent,1990,2023,-0.017799151209204587,0.22889521041386832,-0.21759689782135777
1,All Population,1,Deaths,180,Kenya,3,Both,27,Age-standardized,447,Nasopharynx cancer,98,Tobacco,2,Percent,1990,2023,-0.1859346365611384,0.2943829552352026,-0.49846897891469155
1,All Population,1,Deaths,180,Kenya,3,Both,27,Age-standardized,450,Other pharynx cancer,98,Tobacco,2,Percent,1990,2023,-0.16209303356504887,0.27316256124020816,-0.4406239699067265
1,All Population,1,Deaths,218,Togo,3,Both,27,Age-standardized,429,Breast cancer,98,Tobacco,2,Percent,1990,2023,-0.20863841635422298,0.022697737745761188,-0.3808209368374228
1,All Population,1,Deaths,218,Togo,3,Both,27,Age-standardized,456,Pancreatic cancer,98,Tobacco,2,Percent,1990,2023,-0.4132383926620454,0.05440561993807649,-0.7122639150967283
1,All Population,1,Deaths,298,American Samoa,3,Both,27,Age-standardized,426,"Tracheal, bronchus, and lung cancer",98,Tobacco,2,Percent,1990,2023,-0.11401038136243313,0.13418385437184674,-0.3016313713279801
1,All Population,1,Deaths,182,Malawi,3,Both,27,Age-standardized,471,Kidney cancer,98,Tobacco,2,Percent,1990,2023,-0.2610894503325109,0.38599563819277327,-0.5867736867407056
1,All Population,1,Deaths,182,Malawi,3,Both,27,Age-standardized,474,Bladder cancer,98,Tobacco,2,Percent,1990,2023,-0.24723298632884813,0.23422511442894808,-0.5673461089286722
1,All Population,1,Deaths,185,Rwanda,3,Both,27,Age-standardized,456,Pancreatic cancer,98,Tobacco,2,Percent,1990,2023,0.12422647960789901,0.9607997557858714,-0.38924264399978803
1,All Population,1,Deaths,298,American Samoa,3,Both,27,Age-standardized,429,Breast cancer,98,Tobacco,2,Percent,1990,2023,-0.12259671490866116,0.10508154994639107,-0.3064011263830956
1,All Population,1,Deaths,298,American Samoa,3,Both,27,Age-standardized,456,Pancreatic cancer,98,Tobacco,2,Percent,1990,2023,-0.18476831384324469,0.3096565978839846,-0.5139481675249807
1,All Population,1,Deaths,218,Togo,3,Both,27,Age-standardized,471,Kidney cancer,98,Tobacco,2,Percent,1990,2023,-0.2252235864238567,0.618562395110993,-0.6130138673974224
1,All Population,1,Deaths,181,Madagascar,3,Both,27,Age-standardized,432,Cervical cancer,98,Tobacco,2,Percent,1990,2023,-0.3924520486611407,0.8983647993537448,-0.8307518230405438
1,All Population,1,Deaths,130,Mexico,3,Both,27,Age-standardized,444,Lip and oral cavity cancer,98,Tobacco,2,Percent,1990,2023,-0.5313171225278229,-0.3935153573207528,-0.6338817028187365
1,All Population,1,Deaths,320,Cook Islands,3,Both,27,Age-standardized,441,Colon and rectum cancer,98,Tobacco,2,Percent,1990,2023,-0.2696526863454879,0.24438655001182283,-0.6036130296170529
1,All Population,1,Deaths,320,Cook Islands,3,Both,27,Age-standardized,474,Bladder cancer,98,Tobacco,2,Percent,1990,2023,-0.2979165961628998,0.1774033091671918,-0.602323573680505
1,All Population,1,Deaths,212,Mauritania,3,Both,27,Age-standardized,423,Larynx cancer,98,Tobacco,2,Percent,1990,2023,-0.08754538198856683,0.17858150550373203,-0.31435071451070074
1,All Population,1,Deaths,212,Mauritania,3,Both,27,Age-standardized,444,Lip and oral cavity cancer,98,Tobacco,2,Percent,1990,2023,-0.22659050819965876,0.30076732486585833,-0.5968748489201288
1,All Population,1,Deaths,298,American Samoa,3,Both,27,Age-standardized,471,Kidney cancer,98,Tobacco,2,Percent,1990,2023,-0.23944895263729046,0.12861729278246575,-0.5039612137193922
1,All Population,1,Deaths,201,Burkina Faso,3,Both,27,Age-standardized,487,Leukemia,98,Tobacco,2,Percent,1990,2023,0.1825339136865578,1.2020973127717842,-0.39251077645707355
1,All Population,1,Deaths,177,Djibouti,3,Both,27,Age-standardized,444,Lip and oral cavity cancer,98,Tobacco,2,Percent,1990,2023,0.16371308716026287,0.9328078625154697,-0.2666064194568597
1,All Population,1,Deaths,195,Namibia,3,Both,27,Age-standardized,444,Lip and oral cavity cancer,98,Tobacco,2,Percent,1990,2023,-0.10440939462719799,0.40954195321185205,-0.4581683189966101
1,All Population,1,Deaths,195,Namibia,3,Both,27,Age-standardized,447,Nasopharynx cancer,98,Tobacco,2,Percent,1990,2023,-0.12916768647568114,0.3314736525161439,-0.4684854870357352
1,All Population,1,Deaths,161,Bangladesh,3,Both,27,Age-standardized,423,Larynx cancer,98,Tobacco,2,Percent,1990,2023,-0.00302370980754178,0.08036716615467962,-0.06695929743969999
1,All Population,1,Deaths,130,Mexico,3,Both,27,Age-standardized,487,Leukemia,98,Tobacco,2,Percent,1990,2023,-0.5373451770193242,-0.3641081655799803,-0.648776528993772
1,All Population,1,Deaths,212,Mauritania,3,Both,27,Age-standardized,447,Nasopharynx cancer,98,Tobacco,2,Percent,1990,2023,-0.29332158928059343,0.13341743722237498,-0.5819091467100745
1,All Population,1,Deaths,212,Mauritania,3,Both,27,Age-standardized,450,Other pharynx cancer,98,Tobacco,2,Percent,1990,2023,-0.18670817569643958,0.2403285089813502,-0.5018924521333243
1,All Population,1,Deaths,212,Mauritania,3,Both,27,Age-standardized,487,Leukemia,98,Tobacco,2,Percent,1990,2023,0.11547110801904666,1.0256276272084914,-0.461920438080053
1,All Population,1,Deaths,178,Eritrea,3,Both,27,Age-standardized,429,Breast cancer,98,Tobacco,2,Percent,1990,2023,-0.024957593245904644,0.24785109609790845,-0.24270103400312354
1,All Population,1,Deaths,178,Eritrea,3,Both,27,Age-standardized,432,Cervical cancer,98,Tobacco,2,Percent,1990,2023,-0.07618658133582258,2.1670274737529844,-0.7574930050052449
1,All Population,1,Deaths,178,Eritrea,3,Both,27,Age-standardized,471,Kidney cancer,98,Tobacco,2,Percent,1990,2023,-0.03454884841928151,0.9230757901317674,-0.5124971927260688
1,All Population,1,Deaths,195,Namibia,3,Both,27,Age-standardized,487,Leukemia,98,Tobacco,2,Percent,1990,2023,-0.21871760415481506,0.40499377586710306,-0.5523896303828478
1,All Population,1,Deaths,161,Bangladesh,3,Both,27,Age-standardized,447,Nasopharynx cancer,98,Tobacco,2,Percent,1990,2023,0.013143780383743264,0.34131703666588126,-0.20851833192067093
1,All Population,1,Deaths,190,Uganda,3,Both,27,Age-standardized,429,Breast cancer,98,Tobacco,2,Percent,1990,2023,-0.07763215303634068,0.14831196110543962,-0.2851697242654689
1,All Population,1,Deaths,190,Uganda,3,Both,27,Age-standardized,471,Kidney cancer,98,Tobacco,2,Percent,1990,2023,0.07218849917725267,0.9830266025078492,-0.42008158457378464
1,All Population,1,Deaths,206,Gambia,3,Both,27,Age-standardized,444,Lip and oral cavity cancer,98,Tobacco,2,Percent,1990,2023,-0.37231624737736296,0.01629611486724355,-0.6355304718353569
1,All Population,1,Deaths,177,Djibouti,3,Both,27,Age-standardized,447,Nasopharynx cancer,98,Tobacco,2,Percent,1990,2023,0.13166750721541287,0.8158225719198418,-0.2897269576963004
1,All Population,1,Deaths,177,Djibouti,3,Both,27,Age-standardized,487,Leukemia,98,Tobacco,2,Percent,1990,2023,0.30663527453633116,1.4644643979124452,-0.2656359298175105
1,All Population,1,Deaths,178,Eritrea,3,Both,27,Age-standardized,474,Bladder cancer,98,Tobacco,2,Percent,1990,2023,-0.08589779863602771,0.8901748984960967,-0.5384563257508211
1,All Population,1,Deaths,206,Gambia,3,Both,27,Age-standardized,447,Nasopharynx cancer,98,Tobacco,2,Percent,1990,2023,-0.3878178339734886,-0.035181563127956186,-0.5992518810394726
1,All Population,1,Deaths,180,Kenya,3,Both,27,Age-standardized,456,Pancreatic cancer,98,Tobacco,2,Percent,1990,2023,-0.24544879042176035,0.32006374978858787,-0.5731206780409769
1,All Population,1,Deaths,180,Kenya,3,Both,27,Age-standardized,471,Kidney cancer,98,Tobacco,2,Percent,1990,2023,-0.10828615334688464,0.6291880796792182,-0.5038241117751413
1,All Population,1,Deaths,200,Benin,3,Both,27,Age-standardized,417,Liver cancer,98,Tobacco,2,Percent,1990,2023,-0.31430515047793706,0.10180624118470541,-0.6085091090763561
1,All Population,1,Deaths,165,Pakistan,3,Both,27,Age-standardized,444,Lip and oral cavity cancer,98,Tobacco,2,Percent,1990,2023,-0.15820953053862172,0.21338373710229938,-0.43382210366005713
1,All Population,1,Deaths,165,Pakistan,3,Both,27,Age-standardized,447,Nasopharynx cancer,98,Tobacco,2,Percent,1990,2023,-0.1800268119042338,0.2577203811791051,-0.4774055997083875
1,All Population,1,Deaths,148,Morocco,3,Both,27,Age-standardized,417,Liver cancer,98,Tobacco,2,Percent,1990,2023,-0.2203550136455921,0.23040933423537122,-0.5661246415431073
1,All Population,1,Deaths,200,Benin,3,Both,27,Age-standardized,432,Cervical cancer,98,Tobacco,2,Percent,1990,2023,-0.3620637561108828,1.3938110331561444,-0.8377050585006245
1,All Population,1,Deaths,200,Benin,3,Both,27,Age-standardized,438,Prostate cancer,98,Tobacco,2,Percent,1990,2023,-0.2295352692231754,0.3601316958178158,-0.5492931432941459
1,All Population,1,Deaths,161,Bangladesh,3,Both,27,Age-standardized,450,Other pharynx cancer,98,Tobacco,2,Percent,1990,2023,-0.005997411437459053,0.14292365231024137,-0.12168388716490819
1,All Population,1,Deaths,190,Uganda,3,Both,27,Age-standardized,417,Liver cancer,98,Tobacco,2,Percent,1990,2023,-0.05703074558403215,0.4942779721267536,-0.4224796161492058
1,All Population,1,Deaths,165,Pakistan,3,Both,27,Age-standardized,487,Leukemia,98,Tobacco,2,Percent,1990,2023,-0.276900929870557,0.09614099218203837,-0.549342426311661
1,All Population,1,Deaths,200,Benin,3,Both,27,Age-standardized,441,Colon and rectum cancer,98,Tobacco,2,Percent,1990,2023,-0.3228654343269143,0.15836937440773274,-0.6544856874254733
1,All Population,1,Deaths,148,Morocco,3,Both,27,Age-standardized,432,Cervical cancer,98,Tobacco,2,Percent,1990,2023,-0.3602788125597724,1.2216443536127293,-0.8291000996624518
1,All Population,1,Deaths,187,Somalia,3,Both,27,Age-standardized,429,Breast cancer,98,Tobacco,2,Percent,1990,2023,-0.09852463821595808,0.15196490188487285,-0.2874123736219672
1,All Population,1,Deaths,187,Somalia,3,Both,27,Age-standardized,456,Pancreatic cancer,98,Tobacco,2,Percent,1990,2023,-0.13554159140509778,0.642913531847191,-0.5257634355944173
1,All Population,1,Deaths,148,Morocco,3,Both,27,Age-standardized,438,Prostate cancer,98,Tobacco,2,Percent,1990,2023,-0.33234853622242205,-0.00039663307914197116,-0.5626304762465828
1,All Population,1,Deaths,148,Morocco,3,Both,27,Age-standardized,441,Colon and rectum cancer,98,Tobacco,2,Percent,1990,2023,-0.16782162820245589,0.4152959655468914,-0.5136893517629779
1,All Population,1,Deaths,148,Morocco,3,Both,27,Age-standardized,474,Bladder cancer,98,Tobacco,2,Percent,1990,2023,-0.29507370309589415,0.02444159519888045,-0.5198498864384331
1,All Population,1,Deaths,181,Madagascar,3,Both,27,Age-standardized,438,Prostate cancer,98,Tobacco,2,Percent,1990,2023,-0.39436540604306586,-0.00034321015130711564,-0.6368438964456737
1,All Population,1,Deaths,181,Madagascar,3,Both,27,Age-standardized,441,Colon and rectum cancer,98,Tobacco,2,Percent,1990,2023,-0.3127526041347255,0.18184936703016197,-0.5930661096653702
1,All Population,1,Deaths,181,Madagascar,3,Both,27,Age-standardized,474,Bladder cancer,98,Tobacco,2,Percent,1990,2023,-0.40080957781438964,0.018302288082113143,-0.6682013514842917
1,All Population,1,Deaths,198,Zimbabwe,3,Both,27,Age-standardized,438,Prostate cancer,98,Tobacco,2,Percent,1990,2023,-0.47039367665248144,-0.1105212550837195,-0.6686778652164456
1,All Population,1,Deaths,198,Zimbabwe,3,Both,27,Age-standardized,474,Bladder cancer,98,Tobacco,2,Percent,1990,2023,-0.2817384222963196,0.17740857385058548,-0.5638426749975027
1,All Population,1,Deaths,212,Mauritania,3,Both,27,Age-standardized,411,Esophageal cancer,98,Tobacco,2,Percent,1990,2023,-0.09270846780728816,0.5830377350783432,-0.4560001853635104
1,All Population,1,Deaths,212,Mauritania,3,Both,27,Age-standardized,414,Stomach cancer,98,Tobacco,2,Percent,1990,2023,-0.2140484045995626,0.3508721329473293,-0.5873707857090971
1,All Population,1,Deaths,212,Mauritania,3,Both,27,Age-standardized,417,Liver cancer,98,Tobacco,2,Percent,1990,2023,-0.1711634080336054,0.3725696188181472,-0.49353724697050505
1,All Population,1,Deaths,212,Mauritania,3,Both,27,Age-standardized,429,Breast cancer,98,Tobacco,2,Percent,1990,2023,-0.20175417087610772,-0.025244468410632978,-0.34636134212105557
1,All Population,1,Deaths,187,Somalia,3,Both,27,Age-standardized,471,Kidney cancer,98,Tobacco,2,Percent,1990,2023,0.05189302924370972,1.0124730027346331,-0.42659882407744437
1,All Population,1,Deaths,214,Nigeria,3,Both,27,Age-standardized,411,Esophageal cancer,98,Tobacco,2,Percent,1990,2023,-0.2441936415494173,0.2899221734081023,-0.5834973210977261
1,All Population,1,Deaths,214,Nigeria,3,Both,27,Age-standardized,414,Stomach cancer,98,Tobacco,2,Percent,1990,2023,-0.4223704472551923,0.09700385842357463,-0.7361218164100686
1,All Population,1,Deaths,202,Cameroon,3,Both,27,Age-standardized,423,Larynx cancer,98,Tobacco,2,Percent,1990,2023,-0.12175805520383953,0.13946425038063623,-0.355306879202611
1,All Population,1,Deaths,202,Cameroon,3,Both,27,Age-standardized,447,Nasopharynx cancer,98,Tobacco,2,Percent,1990,2023,-0.29219332792866615,0.08508923564116481,-0.5684016850316702
1,All Population,1,Deaths,212,Mauritania,3,Both,27,Age-standardized,432,Cervical cancer,98,Tobacco,2,Percent,1990,2023,-0.17244389740075933,2.0310762766435735,-0.7915294709899415
1,All Population,1,Deaths,212,Mauritania,3,Both,27,Age-standardized,471,Kidney cancer,98,Tobacco,2,Percent,1990,2023,-0.11343361842105706,0.5987984121077333,-0.5169412133041057
1,All Population,1,Deaths,184,Mozambique,3,Both,27,Age-standardized,432,Cervical cancer,98,Tobacco,2,Percent,1990,2023,0.2231161582609951,2.0054595551852183,-0.4748123877058966
1,All Population,1,Deaths,413,Tokelau,3,Both,27,Age-standardized,414,Stomach cancer,98,Tobacco,2,Percent,1990,2023,-0.1173159247363808,0.4368083969225687,-0.5021217590355862
1,All Population,1,Deaths,169,Central African Republic,3,Both,27,Age-standardized,411,Esophageal cancer,98,Tobacco,2,Percent,1990,2023,-0.12529547209007905,0.5425000246628944,-0.5290633218387799
1,All Population,1,Deaths,202,Cameroon,3,Both,27,Age-standardized,411,Esophageal cancer,98,Tobacco,2,Percent,1990,2023,-0.15448078556685702,0.33533836594785765,-0.4835067921182112
1,All Population,1,Deaths,202,Cameroon,3,Both,27,Age-standardized,426,"Tracheal, bronchus, and lung cancer",98,Tobacco,2,Percent,1990,2023,-0.21047429574150267,0.16302689664060158,-0.45884419804502097
1,All Population,1,Deaths,183,Mauritius,3,Both,27,Age-standardized,444,Lip and oral cavity cancer,98,Tobacco,2,Percent,1990,2023,-0.14914780500423933,0.10320933698809048,-0.36010053391665303
1,All Population,1,Deaths,202,Cameroon,3,Both,27,Age-standardized,450,Other pharynx cancer,98,Tobacco,2,Percent,1990,2023,-0.22713943963236324,0.12641922778112447,-0.5067481485347128
1,All Population,1,Deaths,212,Mauritania,3,Both,27,Age-standardized,474,Bladder cancer,98,Tobacco,2,Percent,1990,2023,-0.1663593117455288,0.40744886947566283,-0.5260074206655928
1,All Population,1,Deaths,178,Eritrea,3,Both,27,Age-standardized,411,Esophageal cancer,98,Tobacco,2,Percent,1990,2023,-0.0015651677646191004,0.96592326563937,-0.44568969401716746
1,All Population,1,Deaths,413,Tokelau,3,Both,27,Age-standardized,417,Liver cancer,98,Tobacco,2,Percent,1990,2023,-0.008066771057099638,0.49331705430047557,-0.35107279704759453
1,All Population,1,Deaths,413,Tokelau,3,Both,27,Age-standardized,429,Breast cancer,98,Tobacco,2,Percent,1990,2023,0.07073952505031539,0.31976472108752085,-0.14142213584967153
1,All Population,1,Deaths,169,Central African Republic,3,Both,27,Age-standardized,414,Stomach cancer,98,Tobacco,2,Percent,1990,2023,-0.18361004879610687,0.6003743070577093,-0.6028550771651342
1,All Population,1,Deaths,169,Central African Republic,3,Both,27,Age-standardized,417,Liver cancer,98,Tobacco,2,Percent,1990,2023,-0.153201980986853,0.4993697003067565,-0.5409816503043688
1,All Population,1,Deaths,298,American Samoa,3,Both,27,Age-standardized,487,Leukemia,98,Tobacco,2,Percent,1990,2023,-0.3517712336592507,0.144638395273074,-0.6409204815816193
1,All Population,1,Deaths,202,Cameroon,3,Both,27,Age-standardized,456,Pancreatic cancer,98,Tobacco,2,Percent,1990,2023,-0.31620228378763543,0.20706930723697983,-0.6401616299938209
1,All Population,1,Deaths,218,Togo,3,Both,27,Age-standardized,444,Lip and oral cavity cancer,98,Tobacco,2,Percent,1990,2023,-0.3218067514559239,0.24860507752646502,-0.6296094389909939
1,All Population,1,Deaths,178,Eritrea,3,Both,27,Age-standardized,426,"Tracheal, bronchus, and lung cancer",98,Tobacco,2,Percent,1990,2023,-0.04284006228239212,0.4505627908917812,-0.3641686541795305
1,All Population,1,Deaths,413,Tokelau,3,Both,27,Age-standardized,432,Cervical cancer,98,Tobacco,2,Percent,1990,2023,0.11266783330278883,1.1401611610138742,-0.4321403976465066
1,All Population,1,Deaths,413,Tokelau,3,Both,27,Age-standardized,438,Prostate cancer,98,Tobacco,2,Percent,1990,2023,-0.1699839176941201,0.2432627722424528,-0.4562431899836074
1,All Population,1,Deaths,393,Saint Kitts and Nevis,3,Both,27,Age-standardized,414,Stomach cancer,98,Tobacco,2,Percent,1990,2023,-0.31786271115559844,0.1751486904820329,-0.620261521173888
1,All Population,1,Deaths,184,Mozambique,3,Both,27,Age-standardized,474,Bladder cancer,98,Tobacco,2,Percent,1990,2023,0.20806898696712017,1.2786403452186514,-0.3782815888022637
1,All Population,1,Deaths,189,United Republic of Tanzania,3,Both,27,Age-standardized,444,Lip and oral cavity cancer,98,Tobacco,2,Percent,1990,2023,-0.23322181764316546,0.10300167849719762,-0.5086364629247606
1,All Population,1,Deaths,169,Central African Republic,3,Both,27,Age-standardized,429,Breast cancer,98,Tobacco,2,Percent,1990,2023,-0.13886999820092666,0.07933673684506565,-0.31498868572172806
1,All Population,1,Deaths,169,Central African Republic,3,Both,27,Age-standardized,432,Cervical cancer,98,Tobacco,2,Percent,1990,2023,-0.2872665221930621,0.9775939835482025,-0.7760364285495809
1,All Population,1,Deaths,200,Benin,3,Both,27,Age-standardized,423,Larynx cancer,98,Tobacco,2,Percent,1990,2023,-0.1680005740568481,0.10670810077759585,-0.41826493283638
1,All Population,1,Deaths,218,Togo,3,Both,27,Age-standardized,487,Leukemia,98,Tobacco,2,Percent,1990,2023,-0.065181183216531,1.7054466609437742,-0.5879215114822935
1,All Population,1,Deaths,178,Eritrea,3,Both,27,Age-standardized,456,Pancreatic cancer,98,Tobacco,2,Percent,1990,2023,-0.06837496529829191,0.7896492790776319,-0.5361547879417546
1,All Population,1,Deaths,413,Tokelau,3,Both,27,Age-standardized,474,Bladder cancer,98,Tobacco,2,Percent,1990,2023,-0.15722742884245045,0.2531545030495588,-0.4562108454064231
1,All Population,1,Deaths,393,Saint Kitts and Nevis,3,Both,27,Age-standardized,417,Liver cancer,98,Tobacco,2,Percent,1990,2023,-0.05149229496091701,0.44930861198232896,-0.43362623017204516
1,All Population,1,Deaths,204,Chad,3,Both,27,Age-standardized,441,Colon and rectum cancer,98,Tobacco,2,Percent,1990,2023,-0.24837391672647396,0.43999137989986203,-0.6241066137016679
1,All Population,1,Deaths,169,Central African Republic,3,Both,27,Age-standardized,471,Kidney cancer,98,Tobacco,2,Percent,1990,2023,-0.004731553308432686,0.8583291617267571,-0.47012095469957005
1,All Population,1,Deaths,169,Central African Republic,3,Both,27,Age-standardized,474,Bladder cancer,98,Tobacco,2,Percent,1990,2023,-0.1210880063522874,0.5888859447066486,-0.5258952196782741
1,All Population,1,Deaths,393,Saint Kitts and Nevis,3,Both,27,Age-standardized,429,Breast cancer,98,Tobacco,2,Percent,1990,2023,-0.08614911136789526,0.18820664923006603,-0.31594272679706314
1,All Population,1,Deaths,393,Saint Kitts and Nevis,3,Both,27,Age-standardized,432,Cervical cancer,98,Tobacco,2,Percent,1990,2023,-0.21002581701583994,1.0029644096951156,-0.7337535315444975
1,All Population,1,Deaths,374,Niue,3,Both,27,Age-standardized,414,Stomach cancer,98,Tobacco,2,Percent,1990,2023,-0.1435174898080823,0.47421426405431744,-0.5371391923401062
1,All Population,1,Deaths,422,United States Virgin Islands,3,Both,27,Age-standardized,444,Lip and oral cavity cancer,98,Tobacco,2,Percent,1990,2023,-0.23163631012742944,0.09362450118179691,-0.4260425081851127
1,All Population,1,Deaths,422,United States Virgin Islands,3,Both,27,Age-standardized,447,Nasopharynx cancer,98,Tobacco,2,Percent,1990,2023,-0.31524690757813073,0.09342304278806055,-0.5299706005920273
1,All Population,1,Deaths,157,Yemen,3,Both,27,Age-standardized,444,Lip and oral cavity cancer,98,Tobacco,2,Percent,1990,2023,-0.2082860703192561,0.0948381147113738,-0.4413943960939512
1,All Population,1,Deaths,393,Saint Kitts and Nevis,3,Both,27,Age-standardized,471,Kidney cancer,98,Tobacco,2,Percent,1990,2023,-0.2503555319407557,0.27367161513164767,-0.5931753598737366
1,All Population,1,Deaths,393,Saint Kitts and Nevis,3,Both,27,Age-standardized,474,Bladder cancer,98,Tobacco,2,Percent,1990,2023,-0.24096904595597218,0.24328695709317966,-0.5690349368832267
1,All Population,1,Deaths,216,Senegal,3,Both,27,Age-standardized,438,Prostate cancer,98,Tobacco,2,Percent,1990,2023,-0.3145786519639124,0.018745321830709875,-0.5719230042513387
1,All Population,1,Deaths,422,United States Virgin Islands,3,Both,27,Age-standardized,487,Leukemia,98,Tobacco,2,Percent,1990,2023,-0.42601298788816283,-0.0877243088148894,-0.6097754143868408
1,All Population,1,Deaths,216,Senegal,3,Both,27,Age-standardized,441,Colon and rectum cancer,98,Tobacco,2,Percent,1990,2023,-0.36123522113020357,0.0899343396029728,-0.6216443345956979
1,All Population,1,Deaths,157,Yemen,3,Both,27,Age-standardized,447,Nasopharynx cancer,98,Tobacco,2,Percent,1990,2023,-0.2551586398535969,0.05528665533379055,-0.49341790467964547
1,All Population,1,Deaths,157,Yemen,3,Both,27,Age-standardized,487,Leukemia,98,Tobacco,2,Percent,1990,2023,-0.10640885697667203,0.4953443322156161,-0.48117600423555024
1,All Population,1,Deaths,422,United States Virgin Islands,3,Both,27,Age-standardized,411,Esophageal cancer,98,Tobacco,2,Percent,1990,2023,-0.26736712730134576,0.0985372011208083,-0.4698620538729799
1,All Population,1,Deaths,422,United States Virgin Islands,3,Both,27,Age-standardized,414,Stomach cancer,98,Tobacco,2,Percent,1990,2023,-0.3436935306313969,0.001546932912695754,-0.5515777062749639
1,All Population,1,Deaths,422,United States Virgin Islands,3,Both,27,Age-standardized,426,"Tracheal, bronchus, and lung cancer",98,Tobacco,2,Percent,1990,2023,-0.17847232712330005,0.04475627323674178,-0.32438668727491693
1,All Population,1,Deaths,422,United States Virgin Islands,3,Both,27,Age-standardized,429,Breast cancer,98,Tobacco,2,Percent,1990,2023,-0.03290885897410442,0.25284184161445583,-0.24534432576497567
1,All Population,1,Deaths,197,Eswatini,3,Both,27,Age-standardized,411,Esophageal cancer,98,Tobacco,2,Percent,1990,2023,-0.23778642679963657,0.39144695496129134,-0.5917796845226679
1,All Population,1,Deaths,197,Eswatini,3,Both,27,Age-standardized,414,Stomach cancer,98,Tobacco,2,Percent,1990,2023,-0.2813497021005251,0.4014808525224759,-0.6222984981264115
1,All Population,1,Deaths,197,Eswatini,3,Both,27,Age-standardized,426,"Tracheal, bronchus, and lung cancer",98,Tobacco,2,Percent,1990,2023,-0.24650759294347374,0.13062153950482974,-0.4829501432112121
1,All Population,1,Deaths,216,Senegal,3,Both,27,Age-standardized,487,Leukemia,98,Tobacco,2,Percent,1990,2023,-0.12320679182277844,0.6235081830793783,-0.510020827149118
1,All Population,1,Deaths,183,Mauritius,3,Both,27,Age-standardized,447,Nasopharynx cancer,98,Tobacco,2,Percent,1990,2023,-0.21710981839882032,0.044481912089942295,-0.4180081895570531
1,All Population,1,Deaths,183,Mauritius,3,Both,27,Age-standardized,487,Leukemia,98,Tobacco,2,Percent,1990,2023,-0.2060359126991382,0.1025126751267725,-0.47085338256284986
1,All Population,1,Deaths,422,United States Virgin Islands,3,Both,27,Age-standardized,471,Kidney cancer,98,Tobacco,2,Percent,1990,2023,-0.3165729758788819,0.021523619243771032,-0.5002325821569913
1,All Population,1,Deaths,422,United States Virgin Islands,3,Both,27,Age-standardized,474,Bladder cancer,98,Tobacco,2,Percent,1990,2023,-0.21424576830794395,0.08911268363183641,-0.4463731756127055
1,All Population,1,Deaths,186,Seychelles,3,Both,27,Age-standardized,414,Stomach cancer,98,Tobacco,2,Percent,1990,2023,-0.06385380429544453,0.5897408110050669,-0.42323907429444285
1,All Population,1,Deaths,186,Seychelles,3,Both,27,Age-standardized,417,Liver cancer,98,Tobacco,2,Percent,1990,2023,0.005916775620091221,0.4782564130874766,-0.3737742404848528
1,All Population,1,Deaths,206,Gambia,3,Both,27,Age-standardized,423,Larynx cancer,98,Tobacco,2,Percent,1990,2023,-0.1896622430656822,0.00564816627075264,-0.36576462685674244
1,All Population,1,Deaths,197,Eswatini,3,Both,27,Age-standardized,429,Breast cancer,98,Tobacco,2,Percent,1990,2023,-0.1493075134805204,0.08667857631750633,-0.32931764959424564
1,All Population,1,Deaths,197,Eswatini,3,Both,27,Age-standardized,456,Pancreatic cancer,98,Tobacco,2,Percent,1990,2023,-0.3582715843638034,0.23265878382919558,-0.6841092841494013
1,All Population,1,Deaths,206,Gambia,3,Both,27,Age-standardized,426,"Tracheal, bronchus, and lung cancer",98,Tobacco,2,Percent,1990,2023,-0.21817579129809525,0.0069003758260301595,-0.380035012034888
1,All Population,1,Deaths,206,Gambia,3,Both,27,Age-standardized,450,Other pharynx cancer,98,Tobacco,2,Percent,1990,2023,-0.26765494388481514,0.020581465844021762,-0.49694724405347895
1,All Population,1,Deaths,179,Ethiopia,3,Both,27,Age-standardized,444,Lip and oral cavity cancer,98,Tobacco,2,Percent,1990,2023,-0.07817020588943821,0.5965895357773005,-0.46395522208541856
1,All Population,1,Deaths,179,Ethiopia,3,Both,27,Age-standardized,447,Nasopharynx cancer,98,Tobacco,2,Percent,1990,2023,-0.1263699472764063,0.6117514023640831,-0.547838355950565
1,All Population,1,Deaths,214,Nigeria,3,Both,27,Age-standardized,417,Liver cancer,98,Tobacco,2,Percent,1990,2023,-0.2980781720115255,0.10567755474398677,-0.6056444077001222
1,All Population,1,Deaths,214,Nigeria,3,Both,27,Age-standardized,429,Breast cancer,98,Tobacco,2,Percent,1990,2023,-0.27578423656712947,-0.03309073013749226,-0.47762984920488233
1,All Population,1,Deaths,197,Eswatini,3,Both,27,Age-standardized,471,Kidney cancer,98,Tobacco,2,Percent,1990,2023,-0.2981943779347325,0.4071743731929031,-0.663407214045556
1,All Population,1,Deaths,206,Gambia,3,Both,27,Age-standardized,456,Pancreatic cancer,98,Tobacco,2,Percent,1990,2023,-0.395522805997086,0.014753531956338444,-0.6378095736971514
1,All Population,1,Deaths,214,Nigeria,3,Both,27,Age-standardized,471,Kidney cancer,98,Tobacco,2,Percent,1990,2023,-0.19334265551839291,0.6030580360911018,-0.611144715911693
1,All Population,1,Deaths,186,Seychelles,3,Both,27,Age-standardized,429,Breast cancer,98,Tobacco,2,Percent,1990,2023,-0.06486811421647164,0.14176507044590553,-0.2402919118781075
1,All Population,1,Deaths,374,Niue,3,Both,27,Age-standardized,417,Liver cancer,98,Tobacco,2,Percent,1990,2023,-0.04068219976939436,0.48567322445696637,-0.39131509251226837
1,All Population,1,Deaths,147,Libya,3,Both,27,Age-standardized,417,Liver cancer,98,Tobacco,2,Percent,1990,2023,0.0984890491621308,0.9404057335256424,-0.38634037185821324
1,All Population,1,Deaths,186,Seychelles,3,Both,27,Age-standardized,432,Cervical cancer,98,Tobacco,2,Percent,1990,2023,-0.14194656822799498,1.6872250366871901,-0.7608783121616451
1,All Population,1,Deaths,186,Seychelles,3,Both,27,Age-standardized,438,Prostate cancer,98,Tobacco,2,Percent,1990,2023,-0.1846792987042384,0.24863285286749473,-0.5003261375020808
1,All Population,1,Deaths,200,Benin,3,Both,27,Age-standardized,426,"Tracheal, bronchus, and lung cancer",98,Tobacco,2,Percent,1990,2023,-0.21735573608208514,0.20721401989757332,-0.4912237491695855
1,All Population,1,Deaths,200,Benin,3,Both,27,Age-standardized,450,Other pharynx cancer,98,Tobacco,2,Percent,1990,2023,-0.2733832276409191,0.2200725459259086,-0.6133994871091145
1,All Population,1,Deaths,171,Democratic Republic of the Congo,3,Both,27,Age-standardized,411,Esophageal cancer,98,Tobacco,2,Percent,1990,2023,-0.16509415704602487,0.42550560512747587,-0.5450872956465278
1,All Population,1,Deaths,189,United Republic of Tanzania,3,Both,27,Age-standardized,447,Nasopharynx cancer,98,Tobacco,2,Percent,1990,2023,-0.13480494930543352,0.29806138474117577,-0.42508585702969537
1,All Population,1,Deaths,189,United Republic of Tanzania,3,Both,27,Age-standardized,487,Leukemia,98,Tobacco,2,Percent,1990,2023,-0.1631022257384366,0.1979789913922544,-0.46419545856687155
1,All Population,1,Deaths,380,Palau,3,Both,27,Age-standardized,432,Cervical cancer,98,Tobacco,2,Percent,1990,2023,-0.10923060216506573,1.0116447488368203,-0.6160006017001289
1,All Population,1,Deaths,200,Benin,3,Both,27,Age-standardized,456,Pancreatic cancer,98,Tobacco,2,Percent,1990,2023,-0.34069055948795834,0.2692398274756338,-0.6721917815664511
1,All Population,1,Deaths,198,Zimbabwe,3,Both,27,Age-standardized,423,Larynx cancer,98,Tobacco,2,Percent,1990,2023,-0.12741682923978315,-0.014187257425270003,-0.23593945866998522
1,All Population,1,Deaths,380,Palau,3,Both,27,Age-standardized,438,Prostate cancer,98,Tobacco,2,Percent,1990,2023,-0.16731677196861314,0.35297188061982665,-0.4837048674972921
1,All Population,1,Deaths,380,Palau,3,Both,27,Age-standardized,441,Colon and rectum cancer,98,Tobacco,2,Percent,1990,2023,-0.14198609955262165,0.7023996106933967,-0.6038636471838873
1,All Population,1,Deaths,196,South Africa,3,Both,27,Age-standardized,414,Stomach cancer,98,Tobacco,2,Percent,1990,2023,-0.3880692187605241,-0.12059164527292335,-0.5706805034129601
1,All Population,1,Deaths,196,South Africa,3,Both,27,Age-standardized,417,Liver cancer,98,Tobacco,2,Percent,1990,2023,-0.34719565646757805,-0.06590503707958752,-0.5294872061660348
1,All Population,1,Deaths,204,Chad,3,Both,27,Age-standardized,444,Lip and oral cavity cancer,98,Tobacco,2,Percent,1990,2023,-0.1163424825147616,0.5376944382635085,-0.48586170996087136
1,All Population,1,Deaths,298,American Samoa,3,Both,27,Age-standardized,423,Larynx cancer,98,Tobacco,2,Percent,1990,2023,-0.0882133379739827,0.06739774813436507,-0.24639235784934738
1,All Population,1,Deaths,374,Niue,3,Both,27,Age-standardized,429,Breast cancer,98,Tobacco,2,Percent,1990,2023,-0.023278820078104993,0.2541588609332478,-0.2571641220813724
1,All Population,1,Deaths,374,Niue,3,Both,27,Age-standardized,432,Cervical cancer,98,Tobacco,2,Percent,1990,2023,-0.037110296464006064,1.007307143706645,-0.546497899690023
1,All Population,1,Deaths,202,Cameroon,3,Both,27,Age-standardized,471,Kidney cancer,98,Tobacco,2,Percent,1990,2023,-0.12603453704415585,0.5086631619595845,-0.5188664953270653
1,All Population,1,Deaths,171,Democratic Republic of the Congo,3,Both,27,Age-standardized,426,"Tracheal, bronchus, and lung cancer",98,Tobacco,2,Percent,1990,2023,-0.0999596075558622,0.3720641247471856,-0.39327117942033796
1,All Population,1,Deaths,173,Gabon,3,Both,27,Age-standardized,423,Larynx cancer,98,Tobacco,2,Percent,1990,2023,0.37247822242977147,0.9269278212446322,-0.04854935702129144
1,All Population,1,Deaths,204,Chad,3,Both,27,Age-standardized,487,Leukemia,98,Tobacco,2,Percent,1990,2023,0.011951970324402457,1.0944985625988721,-0.48431720594775063
1,All Population,1,Deaths,194,Lesotho,3,Both,27,Age-standardized,411,Esophageal cancer,98,Tobacco,2,Percent,1990,2023,-0.28783949640658396,0.16036521349883698,-0.573755002498349
1,All Population,1,Deaths,298,American Samoa,3,Both,27,Age-standardized,447,Nasopharynx cancer,98,Tobacco,2,Percent,1990,2023,-0.22319058488830565,0.15603606381524612,-0.4873369302381425
1,All Population,1,Deaths,298,American Samoa,3,Both,27,Age-standardized,450,Other pharynx cancer,98,Tobacco,2,Percent,1990,2023,-0.0980387148129728,0.23024705386987268,-0.36714997852707576
1,All Population,1,Deaths,175,Burundi,3,Both,27,Age-standardized,411,Esophageal cancer,98,Tobacco,2,Percent,1990,2023,-0.20461611441306904,0.32491956396083865,-0.5397766022607511
1,All Population,1,Deaths,175,Burundi,3,Both,27,Age-standardized,414,Stomach cancer,98,Tobacco,2,Percent,1990,2023,-0.14161402700786918,0.5444044387348469,-0.5422788504419235
1,All Population,1,Deaths,175,Burundi,3,Both,27,Age-standardized,417,Liver cancer,98,Tobacco,2,Percent,1990,2023,-0.06721006905559333,0.6686872610745535,-0.4645427371740791
1,All Population,1,Deaths,155,Türkiye,3,Both,27,Age-standardized,423,Larynx cancer,98,Tobacco,2,Percent,1990,2023,-0.03923772296679748,0.07820198742177274,-0.1319344558882794
1,All Population,1,Deaths,171,Democratic Republic of the Congo,3,Both,27,Age-standardized,429,Breast cancer,98,Tobacco,2,Percent,1990,2023,-0.045830814165454634,0.19630210052470443,-0.2225410799257647
1,All Population,1,Deaths,171,Democratic Republic of the Congo,3,Both,27,Age-standardized,456,Pancreatic cancer,98,Tobacco,2,Percent,1990,2023,-0.16431778062119484,0.5572254292884915,-0.591399220925181
1,All Population,1,Deaths,196,South Africa,3,Both,27,Age-standardized,429,Breast cancer,98,Tobacco,2,Percent,1990,2023,-0.3253131786797534,-0.24113316163953713,-0.40183513994740494
1,All Population,1,Deaths,147,Libya,3,Both,27,Age-standardized,432,Cervical cancer,98,Tobacco,2,Percent,1990,2023,0.12787295874415178,3.283845944724489,-0.7178235718060133
1,All Population,1,Deaths,175,Burundi,3,Both,27,Age-standardized,429,Breast cancer,98,Tobacco,2,Percent,1990,2023,-0.3149425542050474,-0.11901635718832468,-0.47475721518090425
1,All Population,1,Deaths,173,Gabon,3,Both,27,Age-standardized,447,Nasopharynx cancer,98,Tobacco,2,Percent,1990,2023,0.46124787677804685,1.4875298089597864,-0.17141797271817236
1,All Population,1,Deaths,320,Cook Islands,3,Both,27,Age-standardized,444,Lip and oral cavity cancer,98,Tobacco,2,Percent,1990,2023,-0.28593757095808575,0.010112653576566405,-0.5209074141181995
1,All Population,1,Deaths,155,Türkiye,3,Both,27,Age-standardized,447,Nasopharynx cancer,98,Tobacco,2,Percent,1990,2023,-0.1997576070272272,0.06763498824157786,-0.3769956270281956
1,All Population,1,Deaths,186,Seychelles,3,Both,27,Age-standardized,474,Bladder cancer,98,Tobacco,2,Percent,1990,2023,-0.09399692164142573,0.3344021092677874,-0.4231495805818319
1,All Population,1,Deaths,198,Zimbabwe,3,Both,27,Age-standardized,447,Nasopharynx cancer,98,Tobacco,2,Percent,1990,2023,-0.32397282537924105,0.05002344727077982,-0.5547425457049184
1,All Population,1,Deaths,214,Nigeria,3,Both,27,Age-standardized,444,Lip and oral cavity cancer,98,Tobacco,2,Percent,1990,2023,-0.4600492446114562,0.011408126878763006,-0.7441303119589899
1,All Population,1,Deaths,196,South Africa,3,Both,27,Age-standardized,423,Larynx cancer,98,Tobacco,2,Percent,1990,2023,-0.16730863767199586,-0.08509612701042767,-0.24591443254951662
1,All Population,1,Deaths,196,South Africa,3,Both,27,Age-standardized,444,Lip and oral cavity cancer,98,Tobacco,2,Percent,1990,2023,-0.32118146715389023,-0.14522128070312113,-0.46313625945139913
1,All Population,1,Deaths,196,South Africa,3,Both,27,Age-standardized,447,Nasopharynx cancer,98,Tobacco,2,Percent,1990,2023,-0.35869432791069383,-0.15146473282282696,-0.5131168159249915
1,All Population,1,Deaths,218,Togo,3,Both,27,Age-standardized,423,Larynx cancer,98,Tobacco,2,Percent,1990,2023,-0.15984884359617468,0.09675061723533368,-0.3722051903003203
1,All Population,1,Deaths,196,South Africa,3,Both,27,Age-standardized,432,Cervical cancer,98,Tobacco,2,Percent,1990,2023,-0.45968934850197046,-0.1591458647498737,-0.6556856462558487
1,All Population,1,Deaths,196,South Africa,3,Both,27,Age-standardized,471,Kidney cancer,98,Tobacco,2,Percent,1990,2023,-0.4286675601878074,-0.18073520203584917,-0.6016159173398861
1,All Population,1,Deaths,198,Zimbabwe,3,Both,27,Age-standardized,450,Other pharynx cancer,98,Tobacco,2,Percent,1990,2023,-0.19966600249017577,-0.020098924204270813,-0.3726470314983367
1,All Population,1,Deaths,320,Cook Islands,3,Both,27,Age-standardized,447,Nasopharynx cancer,98,Tobacco,2,Percent,1990,2023,-0.2747671316758973,0.07615105726040691,-0.4962625237902144
1,All Population,1,Deaths,320,Cook Islands,3,Both,27,Age-standardized,487,Leukemia,98,Tobacco,2,Percent,1990,2023,-0.339857132444841,0.1526657408400422,-0.6167413035652074
1,All Population,1,Deaths,214,Nigeria,3,Both,27,Age-standardized,474,Bladder cancer,98,Tobacco,2,Percent,1990,2023,-0.4747820059001638,-0.029859885452038652,-0.7340826251302117
1,All Population,1,Deaths,196,South Africa,3,Both,27,Age-standardized,474,Bladder cancer,98,Tobacco,2,Percent,1990,2023,-0.40935183299856837,-0.20948771810958094,-0.5648901903741735
1,All Population,1,Deaths,214,Nigeria,3,Both,27,Age-standardized,447,Nasopharynx cancer,98,Tobacco,2,Percent,1990,2023,-0.3616735306983637,0.06268936561809951,-0.6404248090975541
1,All Population,1,Deaths,214,Nigeria,3,Both,27,Age-standardized,487,Leukemia,98,Tobacco,2,Percent,1990,2023,-0.01190574427481045,0.9399445924712684,-0.5391068612953905
1,All Population,1,Deaths,173,Gabon,3,Both,27,Age-standardized,450,Other pharynx cancer,98,Tobacco,2,Percent,1990,2023,0.4576328467696588,1.4017424771074443,-0.14495764070162975
1,All Population,1,Deaths,218,Togo,3,Both,27,Age-standardized,447,Nasopharynx cancer,98,Tobacco,2,Percent,1990,2023,-0.3262338355549167,0.09718233998798159,-0.618706837242853
1,All Population,1,Deaths,196,South Africa,3,Both,27,Age-standardized,450,Other pharynx cancer,98,Tobacco,2,Percent,1990,2023,-0.22832492714520833,-0.07651727406950642,-0.35988728572664586
1,All Population,1,Deaths,196,South Africa,3,Both,27,Age-standardized,487,Leukemia,98,Tobacco,2,Percent,1990,2023,-0.5214507917513316,-0.3241599407899172,-0.6809343203582666
1,All Population,1,Deaths,171,Democratic Republic of the Congo,3,Both,27,Age-standardized,471,Kidney cancer,98,Tobacco,2,Percent,1990,2023,-0.033143021364801135,0.7573129700646033,-0.4756884910489056
1,All Population,1,Deaths,367,Monaco,3,Both,27,Age-standardized,432,Cervical cancer,98,Tobacco,2,Percent,1990,2023,-0.1950445415970753,0.6980634549604464,-0.6379965521583342
1,All Population,1,Deaths,367,Monaco,3,Both,27,Age-standardized,438,Prostate cancer,98,Tobacco,2,Percent,1990,2023,-0.24519001816435188,0.06724063928162846,-0.5080808246717411
1,All Population,1,Deaths,367,Monaco,3,Both,27,Age-standardized,441,Colon and rectum cancer,98,Tobacco,2,Percent,1990,2023,-0.23185029848775462,0.30290267736170307,-0.573936803060039
1,All Population,1,Deaths,153,Syrian Arab Republic,3,Both,27,Age-standardized,444,Lip and oral cavity cancer,98,Tobacco,2,Percent,1990,2023,-0.29085521576186424,0.10545106332017247,-0.5717724189218136
1,All Population,1,Deaths,208,Guinea,3,Both,27,Age-standardized,423,Larynx cancer,98,Tobacco,2,Percent,1990,2023,-0.06715344947080154,0.27658991371688346,-0.29693064295750043
1,All Population,1,Deaths,218,Togo,3,Both,27,Age-standardized,450,Other pharynx cancer,98,Tobacco,2,Percent,1990,2023,-0.27230972783225665,0.18205579675312428,-0.5658755558235425
1,All Population,1,Deaths,210,Liberia,3,Both,27,Age-standardized,426,"Tracheal, bronchus, and lung cancer",98,Tobacco,2,Percent,1990,2023,-0.1430042680448922,0.20470839577870667,-0.4155876270432305
1,All Population,1,Deaths,367,Monaco,3,Both,27,Age-standardized,444,Lip and oral cavity cancer,98,Tobacco,2,Percent,1990,2023,-0.23417128324816658,0.20846405482622113,-0.5207388320735089
1,All Population,1,Deaths,367,Monaco,3,Both,27,Age-standardized,447,Nasopharynx cancer,98,Tobacco,2,Percent,1990,2023,-0.19023575367990694,0.31887071670754585,-0.48143637809685164
1,All Population,1,Deaths,208,Guinea,3,Both,27,Age-standardized,447,Nasopharynx cancer,98,Tobacco,2,Percent,1990,2023,-0.1619483906948032,0.40035824129773584,-0.5235573896897417
1,All Population,1,Deaths,191,Zambia,3,Both,27,Age-standardized,423,Larynx cancer,98,Tobacco,2,Percent,1990,2023,-0.1658723935276174,0.10424923009790805,-0.3912782583001316
1,All Population,1,Deaths,191,Zambia,3,Both,27,Age-standardized,444,Lip and oral cavity cancer,98,Tobacco,2,Percent,1990,2023,-0.25969407718180665,0.22580259583735296,-0.5939959623799422
1,All Population,1,Deaths,175,Burundi,3,Both,27,Age-standardized,432,Cervical cancer,98,Tobacco,2,Percent,1990,2023,-0.2862237376129348,1.1901388428976323,-0.8050501453467627
1,All Population,1,Deaths,175,Burundi,3,Both,27,Age-standardized,471,Kidney cancer,98,Tobacco,2,Percent,1990,2023,-0.10667402315007808,0.635462255094488,-0.5396128820000857
1,All Population,1,Deaths,155,Türkiye,3,Both,27,Age-standardized,450,Other pharynx cancer,98,Tobacco,2,Percent,1990,2023,-0.11848733111203165,0.17021142142343712,-0.31673750198790257
1,All Population,1,Deaths,153,Syrian Arab Republic,3,Both,27,Age-standardized,447,Nasopharynx cancer,98,Tobacco,2,Percent,1990,2023,-0.271852181345102,0.10104242411377817,-0.5412246970271523
1,All Population,1,Deaths,153,Syrian Arab Republic,3,Both,27,Age-standardized,487,Leukemia,98,Tobacco,2,Percent,1990,2023,-0.1208207690940613,0.42324882620510557,-0.45246066805993396
1,All Population,1,Deaths,380,Palau,3,Both,27,Age-standardized,423,Larynx cancer,98,Tobacco,2,Percent,1990,2023,-0.05099205330409471,0.07339317080930918,-0.18661175244067638
1,All Population,1,Deaths,191,Zambia,3,Both,27,Age-standardized,447,Nasopharynx cancer,98,Tobacco,2,Percent,1990,2023,-0.1989077085678883,0.30819714306275836,-0.5506227772746479
1,All Population,1,Deaths,191,Zambia,3,Both,27,Age-standardized,450,Other pharynx cancer,98,Tobacco,2,Percent,1990,2023,-0.1971949602115591,0.2051332238158453,-0.5051319763753137
1,All Population,1,Deaths,208,Guinea,3,Both,27,Age-standardized,450,Other pharynx cancer,98,Tobacco,2,Percent,1990,2023,-0.13801957993654826,0.45774206734630646,-0.4672211165522614
1,All Population,1,Deaths,374,Niue,3,Both,27,Age-standardized,471,Kidney cancer,98,Tobacco,2,Percent,1990,2023,-0.13253179131273266,0.2884913722803866,-0.4281989684876217
1,All Population,1,Deaths,374,Niue,3,Both,27,Age-standardized,474,Bladder cancer,98,Tobacco,2,Percent,1990,2023,-0.15903584698483955,0.26951494468216153,-0.47504128534020074
1,All Population,1,Deaths,179,Ethiopia,3,Both,27,Age-standardized,487,Leukemia,98,Tobacco,2,Percent,1990,2023,0.05679352358416643,1.1400802215747483,-0.4530765960096041
1,All Population,1,Deaths,211,Mali,3,Both,27,Age-standardized,411,Esophageal cancer,98,Tobacco,2,Percent,1990,2023,0.36194967209168016,1.4332773178544764,-0.2204089431714376
1,All Population,1,Deaths,211,Mali,3,Both,27,Age-standardized,414,Stomach cancer,98,Tobacco,2,Percent,1990,2023,0.40053584205718784,1.4352061772646545,-0.2727059633174491
1,All Population,1,Deaths,214,Nigeria,3,Both,27,Age-standardized,423,Larynx cancer,98,Tobacco,2,Percent,1990,2023,-0.2249890170406735,0.15700777348621398,-0.49179491533591985
1,All Population,1,Deaths,380,Palau,3,Both,27,Age-standardized,426,"Tracheal, bronchus, and lung cancer",98,Tobacco,2,Percent,1990,2023,-0.1377282294904848,0.16933443442983243,-0.347324928541498
1,All Population,1,Deaths,367,Monaco,3,Both,27,Age-standardized,487,Leukemia,98,Tobacco,2,Percent,1990,2023,-0.09724690693337207,0.3142980217425224,-0.44932920955000544
1,All Population,1,Deaths,175,Burundi,3,Both,27,Age-standardized,474,Bladder cancer,98,Tobacco,2,Percent,1990,2023,-0.251620297271997,0.3076445443434286,-0.5968408612545184
1,All Population,1,Deaths,216,Senegal,3,Both,27,Age-standardized,423,Larynx cancer,98,Tobacco,2,Percent,1990,2023,-0.22425901650141405,-0.045274258868063286,-0.3958012041062794
1,All Population,1,Deaths,216,Senegal,3,Both,27,Age-standardized,444,Lip and oral cavity cancer,98,Tobacco,2,Percent,1990,2023,-0.41383374066842854,-0.04271952048258296,-0.6691492529444745
1,All Population,1,Deaths,216,Senegal,3,Both,27,Age-standardized,447,Nasopharynx cancer,98,Tobacco,2,Percent,1990,2023,-0.4294164526455028,-0.1387588665845285,-0.6015905099053925
1,All Population,1,Deaths,216,Senegal,3,Both,27,Age-standardized,450,Other pharynx cancer,98,Tobacco,2,Percent,1990,2023,-0.3368423551433861,-0.0815117849932786,-0.5350844757423376
1,All Population,1,Deaths,163,India,3,Both,27,Age-standardized,423,Larynx cancer,98,Tobacco,2,Percent,1990,2023,-0.13015951658783723,-0.03660553725642927,-0.2100544227979354
1,All Population,1,Deaths,163,India,3,Both,27,Age-standardized,444,Lip and oral cavity cancer,98,Tobacco,2,Percent,1990,2023,-0.1843672538272678,0.04229476296839839,-0.39642953650165424
1,All Population,1,Deaths,194,Lesotho,3,Both,27,Age-standardized,426,"Tracheal, bronchus, and lung cancer",98,Tobacco,2,Percent,1990,2023,-0.15190288746482816,0.09591007294501921,-0.34351034464174246
1,All Population,1,Deaths,163,India,3,Both,27,Age-standardized,447,Nasopharynx cancer,98,Tobacco,2,Percent,1990,2023,-0.18576565055944816,0.17039709224246896,-0.4415822140417836
1,All Population,1,Deaths,163,India,3,Both,27,Age-standardized,450,Other pharynx cancer,98,Tobacco,2,Percent,1990,2023,-0.17843386443882855,-0.015624649209015812,-0.3340755645291811
1,All Population,1,Deaths,163,India,3,Both,27,Age-standardized,487,Leukemia,98,Tobacco,2,Percent,1990,2023,-0.23377156687416065,0.16467684228184065,-0.49524248747877536
1,All Population,1,Deaths,216,Senegal,3,Both,27,Age-standardized,426,"Tracheal, bronchus, and lung cancer",98,Tobacco,2,Percent,1990,2023,-0.29055853332940607,-0.10314780970630374,-0.4529404209625259
1,All Population,1,Deaths,413,Tokelau,3,Both,27,Age-standardized,423,Larynx cancer,98,Tobacco,2,Percent,1990,2023,-0.05557653552701483,0.0993451114296181,-0.19317012302669817
1,All Population,1,Deaths,413,Tokelau,3,Both,27,Age-standardized,447,Nasopharynx cancer,98,Tobacco,2,Percent,1990,2023,-0.1558291904193694,0.2472848322002053,-0.4200546609780917
1,All Population,1,Deaths,211,Mali,3,Both,27,Age-standardized,438,Prostate cancer,98,Tobacco,2,Percent,1990,2023,0.569964278070794,1.8322233063405176,-0.06298577345402669
1,All Population,1,Deaths,211,Mali,3,Both,27,Age-standardized,441,Colon and rectum cancer,98,Tobacco,2,Percent,1990,2023,0.3716636052673007,1.515093329366083,-0.2811549152055259
1,All Population,1,Deaths,194,Lesotho,3,Both,27,Age-standardized,414,Stomach cancer,98,Tobacco,2,Percent,1990,2023,-0.17029859529270705,0.7024623312034024,-0.5691501391721459
1,All Population,1,Deaths,194,Lesotho,3,Both,27,Age-standardized,417,Liver cancer,98,Tobacco,2,Percent,1990,2023,0.017146396894609166,1.5035110928297306,-0.5543950951008039
1,All Population,1,Deaths,380,Palau,3,Both,27,Age-standardized,411,Esophageal cancer,98,Tobacco,2,Percent,1990,2023,-0.15794712717857828,0.2537882071655868,-0.40865246914272024
1,All Population,1,Deaths,194,Lesotho,3,Both,27,Age-standardized,429,Breast cancer,98,Tobacco,2,Percent,1990,2023,0.09357392857030263,0.29443007328979276,-0.09541211615307155
1,All Population,1,Deaths,194,Lesotho,3,Both,27,Age-standardized,432,Cervical cancer,98,Tobacco,2,Percent,1990,2023,-0.3151798881644862,0.9398660731556756,-0.7916328129597424
1,All Population,1,Deaths,216,Senegal,3,Both,27,Age-standardized,456,Pancreatic cancer,98,Tobacco,2,Percent,1990,2023,-0.43879597749626537,-0.11499703398463186,-0.6738851641473442
1,All Population,1,Deaths,194,Lesotho,3,Both,27,Age-standardized,471,Kidney cancer,98,Tobacco,2,Percent,1990,2023,-0.42659224525635187,-0.019142987115173392,-0.6761815247774589
1,All Population,1,Deaths,200,Benin,3,Both,27,Age-standardized,444,Lip and oral cavity cancer,98,Tobacco,2,Percent,1990,2023,-0.18646828660613585,0.3632657653415501,-0.5539622548811963
1,All Population,1,Deaths,367,Monaco,3,Both,27,Age-standardized,423,Larynx cancer,98,Tobacco,2,Percent,1990,2023,-0.08280690058077866,0.02387082051735168,-0.19247728327838518
1,All Population,1,Deaths,367,Monaco,3,Both,27,Age-standardized,426,"Tracheal, bronchus, and lung cancer",98,Tobacco,2,Percent,1990,2023,-0.13877979281784844,0.05609258648914664,-0.2942146941683541
1,All Population,1,Deaths,380,Palau,3,Both,27,Age-standardized,414,Stomach cancer,98,Tobacco,2,Percent,1990,2023,-0.22247963592967468,0.35833478084628206,-0.5580750061938325
1,All Population,1,Deaths,380,Palau,3,Both,27,Age-standardized,417,Liver cancer,98,Tobacco,2,Percent,1990,2023,-0.08774497151185481,0.3081667677969194,-0.4021753143468791
1,All Population,1,Deaths,194,Lesotho,3,Both,27,Age-standardized,474,Bladder cancer,98,Tobacco,2,Percent,1990,2023,-0.225697636662941,0.3751618901674078,-0.5577241725937044
1,All Population,1,Deaths,422,United States Virgin Islands,3,Both,27,Age-standardized,423,Larynx cancer,98,Tobacco,2,Percent,1990,2023,-0.13967337780182043,0.01938831299290779,-0.25801263299255794
1,All Population,1,Deaths,367,Monaco,3,Both,27,Age-standardized,450,Other pharynx cancer,98,Tobacco,2,Percent,1990,2023,-0.13830099153629732,0.15060604622371881,-0.3823678480670504
1,All Population,1,Deaths,367,Monaco,3,Both,27,Age-standardized,456,Pancreatic cancer,98,Tobacco,2,Percent,1990,2023,-0.22926296998526058,0.3972422203092135,-0.5687213983989671
1,All Population,1,Deaths,380,Palau,3,Both,27,Age-standardized,429,Breast cancer,98,Tobacco,2,Percent,1990,2023,-0.06021254665500361,0.15641252100519024,-0.26467268749702455
1,All Population,1,Deaths,214,Nigeria,3,Both,27,Age-standardized,426,"Tracheal, bronchus, and lung cancer",98,Tobacco,2,Percent,1990,2023,-0.334576381326418,0.05055593438789535,-0.5805138670057508
1,All Population,1,Deaths,214,Nigeria,3,Both,27,Age-standardized,450,Other pharynx cancer,98,Tobacco,2,Percent,1990,2023,-0.2988093081005113,0.11464352465574364,-0.5900511626401994
1,All Population,1,Deaths,380,Palau,3,Both,27,Age-standardized,471,Kidney cancer,98,Tobacco,2,Percent,1990,2023,-0.09871125716588153,0.31204755321283545,-0.4037245723424888
1,All Population,1,Deaths,214,Nigeria,3,Both,27,Age-standardized,456,Pancreatic cancer,98,Tobacco,2,Percent,1990,2023,-0.49012111954741155,-0.02920559087438168,-0.7448317391051102
1,All Population,1,Deaths,380,Palau,3,Both,27,Age-standardized,474,Bladder cancer,98,Tobacco,2,Percent,1990,2023,-0.1419881812090424,0.19193681374009253,-0.3998789734140547
1,All Population,1,Deaths,210,Liberia,3,Both,27,Age-standardized,456,Pancreatic cancer,98,Tobacco,2,Percent,1990,2023,-0.2467583096795785,0.2711812979387787,-0.5966637154905299
1,All Population,1,Deaths,194,Lesotho,3,Both,27,Age-standardized,438,Prostate cancer,98,Tobacco,2,Percent,1990,2023,-0.36753064521792206,0.18253010114220813,-0.65507923619264
1,All Population,1,Deaths,194,Lesotho,3,Both,27,Age-standardized,441,Colon and rectum cancer,98,Tobacco,2,Percent,1990,2023,0.019881014813949778,1.005607559144031,-0.4463618656553055
1,All Population,1,Deaths,349,Greenland,3,Both,27,Age-standardized,411,Esophageal cancer,98,Tobacco,2,Percent,1990,2023,-0.1362720614699067,0.19771035079059943,-0.4007552027654026
1,All Population,1,Deaths,349,Greenland,3,Both,27,Age-standardized,414,Stomach cancer,98,Tobacco,2,Percent,1990,2023,-0.18482684457009715,0.27435600251372855,-0.5234307358170056
1,All Population,1,Deaths,305,Bermuda,3,Both,27,Age-standardized,432,Cervical cancer,98,Tobacco,2,Percent,1990,2023,-0.13042928232121587,0.6804923246007175,-0.6012672044458318
1,All Population,1,Deaths,305,Bermuda,3,Both,27,Age-standardized,438,Prostate cancer,98,Tobacco,2,Percent,1990,2023,-0.38212521818777745,-0.02258929689799198,-0.6216949630391699
1,All Population,1,Deaths,380,Palau,3,Both,27,Age-standardized,450,Other pharynx cancer,98,Tobacco,2,Percent,1990,2023,-0.0015306115219731427,0.60182452206839,-0.3858422283488321
1,All Population,1,Deaths,380,Palau,3,Both,27,Age-standardized,456,Pancreatic cancer,98,Tobacco,2,Percent,1990,2023,-0.18365596708676155,0.6564347457760631,-0.6426344559958119
1,All Population,1,Deaths,209,Guinea-Bissau,3,Both,27,Age-standardized,417,Liver cancer,98,Tobacco,2,Percent,1990,2023,0.5070239335205512,1.5136826447306888,-0.1335861599643795
1,All Population,1,Deaths,349,Greenland,3,Both,27,Age-standardized,429,Breast cancer,98,Tobacco,2,Percent,1990,2023,-0.22155020747597692,0.12798574696698328,-0.46540262059476856
1,All Population,1,Deaths,374,Niue,3,Both,27,Age-standardized,423,Larynx cancer,98,Tobacco,2,Percent,1990,2023,-0.04946503235840506,0.1291935806945501,-0.21929194873847954
1,All Population,1,Deaths,194,Lesotho,3,Both,27,Age-standardized,487,Leukemia,98,Tobacco,2,Percent,1990,2023,-0.5956097743152475,-0.2458530637965891,-0.7810123915545081
1,All Population,1,Deaths,194,Lesotho,3,Both,27,Age-standardized,456,Pancreatic cancer,98,Tobacco,2,Percent,1990,2023,-0.05582949576736601,0.7081774392557596,-0.467803505737466
1,All Population,1,Deaths,305,Bermuda,3,Both,27,Age-standardized,441,Colon and rectum cancer,98,Tobacco,2,Percent,1990,2023,-0.19664335786935863,0.30122650491506753,-0.5312350177775949
1,All Population,1,Deaths,305,Bermuda,3,Both,27,Age-standardized,474,Bladder cancer,98,Tobacco,2,Percent,1990,2023,-0.2437443392635827,0.08942262311713176,-0.5205573691241987
1,All Population,1,Deaths,211,Mali,3,Both,27,Age-standardized,487,Leukemia,98,Tobacco,2,Percent,1990,2023,0.6107656277404169,2.132881997270452,-0.15246362424582716
1,All Population,1,Deaths,349,Greenland,3,Both,27,Age-standardized,471,Kidney cancer,98,Tobacco,2,Percent,1990,2023,-0.13005243234174635,0.33363222956737193,-0.4668207649564055
1,All Population,1,Deaths,349,Greenland,3,Both,27,Age-standardized,474,Bladder cancer,98,Tobacco,2,Percent,1990,2023,-0.12641829795646195,0.3189260735255809,-0.43117737289466357
1,All Population,1,Deaths,202,Cameroon,3,Both,27,Age-standardized,441,Colon and rectum cancer,98,Tobacco,2,Percent,1990,2023,-0.2680456217517494,0.339363053544692,-0.6006053577664936
1,All Population,1,Deaths,209,Guinea-Bissau,3,Both,27,Age-standardized,432,Cervical cancer,98,Tobacco,2,Percent,1990,2023,0.2894726810612586,2.58866425851042,-0.6085699328874101
1,All Population,1,Deaths,209,Guinea-Bissau,3,Both,27,Age-standardized,438,Prostate cancer,98,Tobacco,2,Percent,1990,2023,0.6917038209715178,1.9698794960857826,-0.050087525161883695
1,All Population,1,Deaths,209,Guinea-Bissau,3,Both,27,Age-standardized,441,Colon and rectum cancer,98,Tobacco,2,Percent,1990,2023,0.4281420897327018,1.594541664087863,-0.2978505961094196
1,All Population,1,Deaths,305,Bermuda,3,Both,27,Age-standardized,423,Larynx cancer,98,Tobacco,2,Percent,1990,2023,-0.12426431981169843,0.03558341875380096,-0.27002239110269755
1,All Population,1,Deaths,374,Niue,3,Both,27,Age-standardized,447,Nasopharynx cancer,98,Tobacco,2,Percent,1990,2023,-0.19015268489061538,0.2548059773061625,-0.47779405865630764
1,All Population,1,Deaths,374,Niue,3,Both,27,Age-standardized,450,Other pharynx cancer,98,Tobacco,2,Percent,1990,2023,-0.055889227022776246,0.3375771493449869,-0.3564412871338084
1,All Population,1,Deaths,393,Saint Kitts and Nevis,3,Both,27,Age-standardized,423,Larynx cancer,98,Tobacco,2,Percent,1990,2023,-0.15887543523254796,0.0339058753561955,-0.3254510491568767
1,All Population,1,Deaths,393,Saint Kitts and Nevis,3,Both,27,Age-standardized,444,Lip and oral cavity cancer,98,Tobacco,2,Percent,1990,2023,-0.2960203973723544,0.1328564999134562,-0.604741499923946
1,All Population,1,Deaths,209,Guinea-Bissau,3,Both,27,Age-standardized,474,Bladder cancer,98,Tobacco,2,Percent,1990,2023,0.9151246806845001,2.597587102984833,0.04024148792426885
1,All Population,1,Deaths,202,Cameroon,3,Both,27,Age-standardized,444,Lip and oral cavity cancer,98,Tobacco,2,Percent,1990,2023,-0.15851496292117317,0.3442051164796921,-0.495051467782627
1,All Population,1,Deaths,201,Burkina Faso,3,Both,27,Age-standardized,414,Stomach cancer,98,Tobacco,2,Percent,1990,2023,-0.21848789304124103,0.34214567136269625,-0.596144647202967
1,All Population,1,Deaths,201,Burkina Faso,3,Both,27,Age-standardized,417,Liver cancer,98,Tobacco,2,Percent,1990,2023,-0.11245374996853574,0.6045625736684495,-0.4656352140010328
1,All Population,1,Deaths,393,Saint Kitts and Nevis,3,Both,27,Age-standardized,447,Nasopharynx cancer,98,Tobacco,2,Percent,1990,2023,-0.31563627062040167,0.23025199621407083,-0.6306138841073639
1,All Population,1,Deaths,393,Saint Kitts and Nevis,3,Both,27,Age-standardized,450,Other pharynx cancer,98,Tobacco,2,Percent,1990,2023,-0.2111025614437077,0.1421936952938462,-0.5182492005028003
1,All Population,1,Deaths,207,Ghana,3,Both,27,Age-standardized,417,Liver cancer,98,Tobacco,2,Percent,1990,2023,-0.06186151115601171,0.5023845824413498,-0.4544639303403324
1,All Population,1,Deaths,217,Sierra Leone,3,Both,27,Age-standardized,438,Prostate cancer,98,Tobacco,2,Percent,1990,2023,-0.37299450259561007,0.03515292359693994,-0.6209462021388357
1,All Population,1,Deaths,217,Sierra Leone,3,Both,27,Age-standardized,441,Colon and rectum cancer,98,Tobacco,2,Percent,1990,2023,-0.30410956934196837,0.2288006433338795,-0.6015742912974806
1,All Population,1,Deaths,305,Bermuda,3,Both,27,Age-standardized,426,"Tracheal, bronchus, and lung cancer",98,Tobacco,2,Percent,1990,2023,-0.1906449271765476,0.030280400167840206,-0.38613482006895217
1,All Population,1,Deaths,305,Bermuda,3,Both,27,Age-standardized,450,Other pharynx cancer,98,Tobacco,2,Percent,1990,2023,-0.18305290785602546,0.0836470220841667,-0.42857800758618775
1,All Population,1,Deaths,393,Saint Kitts and Nevis,3,Both,27,Age-standardized,487,Leukemia,98,Tobacco,2,Percent,1990,2023,-0.28172453097473005,0.31854944489075,-0.6065833756045695
1,All Population,1,Deaths,205,Côte d'Ivoire,3,Both,27,Age-standardized,414,Stomach cancer,98,Tobacco,2,Percent,1990,2023,0.052580382928566864,0.9917142200230067,-0.4937916780720157
1,All Population,1,Deaths,201,Burkina Faso,3,Both,27,Age-standardized,429,Breast cancer,98,Tobacco,2,Percent,1990,2023,-0.1251587655105887,0.0625914574356052,-0.2712899130038955
1,All Population,1,Deaths,201,Burkina Faso,3,Both,27,Age-standardized,432,Cervical cancer,98,Tobacco,2,Percent,1990,2023,-0.06719536734740164,2.349245316352144,-0.7475745838357574
1,All Population,1,Deaths,213,Niger,3,Both,27,Age-standardized,487,Leukemia,98,Tobacco,2,Percent,1990,2023,0.3362050781918676,1.5139788178936138,-0.2848513227505129
1,All Population,1,Deaths,413,Tokelau,3,Both,27,Age-standardized,450,Other pharynx cancer,98,Tobacco,2,Percent,1990,2023,-0.05469931288112466,0.31859523608602897,-0.3291370615912251
1,All Population,1,Deaths,305,Bermuda,3,Both,27,Age-standardized,456,Pancreatic cancer,98,Tobacco,2,Percent,1990,2023,-0.1483628896765651,0.35459646795702765,-0.5001934916241536
1,All Population,1,Deaths,416,Tuvalu,3,Both,27,Age-standardized,432,Cervical cancer,98,Tobacco,2,Percent,1990,2023,0.014195656055220952,1.371903279165489,-0.5316982273789084
1,All Population,1,Deaths,416,Tuvalu,3,Both,27,Age-standardized,438,Prostate cancer,98,Tobacco,2,Percent,1990,2023,-0.14765016466621309,0.3518456087594292,-0.4733555692551397
1,All Population,1,Deaths,201,Burkina Faso,3,Both,27,Age-standardized,471,Kidney cancer,98,Tobacco,2,Percent,1990,2023,-0.019759960096774748,0.7057183512359428,-0.4638721964352391
1,All Population,1,Deaths,201,Burkina Faso,3,Both,27,Age-standardized,474,Bladder cancer,98,Tobacco,2,Percent,1990,2023,-0.20563274623758762,0.3701347969894109,-0.5637096588956696
1,All Population,1,Deaths,217,Sierra Leone,3,Both,27,Age-standardized,487,Leukemia,98,Tobacco,2,Percent,1990,2023,-0.2768759965254567,0.29410916977127377,-0.5998108209590671
1,All Population,1,Deaths,213,Niger,3,Both,27,Age-standardized,411,Esophageal cancer,98,Tobacco,2,Percent,1990,2023,0.174888120160772,1.170322726980465,-0.31753585512936644
1,All Population,1,Deaths,213,Niger,3,Both,27,Age-standardized,414,Stomach cancer,98,Tobacco,2,Percent,1990,2023,0.19941358459094122,1.1499968505777174,-0.37206852294619935
1,All Population,1,Deaths,212,Mauritania,3,Both,27,Age-standardized,426,"Tracheal, bronchus, and lung cancer",98,Tobacco,2,Percent,1990,2023,-0.16347754891313035,0.14591066000275096,-0.3881840785912053
1,All Population,1,Deaths,191,Zambia,3,Both,27,Age-standardized,414,Stomach cancer,98,Tobacco,2,Percent,1990,2023,-0.30450864765913277,0.3756974988557524,-0.6780652016185996
1,All Population,1,Deaths,202,Cameroon,3,Both,27,Age-standardized,487,Leukemia,98,Tobacco,2,Percent,1990,2023,0.026373136510641982,0.9854146117107556,-0.5453632600507511
1,All Population,1,Deaths,393,Saint Kitts and Nevis,3,Both,27,Age-standardized,438,Prostate cancer,98,Tobacco,2,Percent,1990,2023,-0.3699481927664614,0.03143158897310414,-0.6145713197366678
1,All Population,1,Deaths,393,Saint Kitts and Nevis,3,Both,27,Age-standardized,441,Colon and rectum cancer,98,Tobacco,2,Percent,1990,2023,-0.1676340686834793,0.3989202508831472,-0.5307561648585367
1,All Population,1,Deaths,191,Zambia,3,Both,27,Age-standardized,417,Liver cancer,98,Tobacco,2,Percent,1990,2023,-0.2786953871486402,0.33585067940856406,-0.6240158905932804
1,All Population,1,Deaths,191,Zambia,3,Both,27,Age-standardized,429,Breast cancer,98,Tobacco,2,Percent,1990,2023,-0.22977776400988298,-0.06493426662373665,-0.3998418149326862
1,All Population,1,Deaths,422,United States Virgin Islands,3,Both,27,Age-standardized,450,Other pharynx cancer,98,Tobacco,2,Percent,1990,2023,-0.17787722245123766,0.147537786657761,-0.3807029515626301
1,All Population,1,Deaths,422,United States Virgin Islands,3,Both,27,Age-standardized,456,Pancreatic cancer,98,Tobacco,2,Percent,1990,2023,-0.12330265802576051,0.35847283089667004,-0.402357311592486
1,All Population,1,Deaths,396,San Marino,3,Both,27,Age-standardized,417,Liver cancer,98,Tobacco,2,Percent,1990,2023,-0.2404045464275118,0.09323040634172713,-0.4995938545461699
1,All Population,1,Deaths,191,Zambia,3,Both,27,Age-standardized,432,Cervical cancer,98,Tobacco,2,Percent,1990,2023,-0.4785536896446658,0.6799918695938831,-0.8408046431895346
1,All Population,1,Deaths,191,Zambia,3,Both,27,Age-standardized,471,Kidney cancer,98,Tobacco,2,Percent,1990,2023,-0.3942317213873311,0.2416616116265751,-0.729380421864988
1,All Population,1,Deaths,396,San Marino,3,Both,27,Age-standardized,432,Cervical cancer,98,Tobacco,2,Percent,1990,2023,-0.10333731076260871,0.7678419472916254,-0.5940029866520313
1,All Population,1,Deaths,210,Liberia,3,Both,27,Age-standardized,423,Larynx cancer,98,Tobacco,2,Percent,1990,2023,-0.08263064632739403,0.2057991064446071,-0.3431744148174818
1,All Population,1,Deaths,210,Liberia,3,Both,27,Age-standardized,444,Lip and oral cavity cancer,98,Tobacco,2,Percent,1990,2023,-0.2315426716862269,0.355835592642005,-0.578157067362484
1,All Population,1,Deaths,210,Liberia,3,Both,27,Age-standardized,447,Nasopharynx cancer,98,Tobacco,2,Percent,1990,2023,-0.2712323525518578,0.14285645400998817,-0.5667939118239287
1,All Population,1,Deaths,191,Zambia,3,Both,27,Age-standardized,474,Bladder cancer,98,Tobacco,2,Percent,1990,2023,-0.3867476285983245,0.33848915148176567,-0.7232301088923291
1,All Population,1,Deaths,396,San Marino,3,Both,27,Age-standardized,438,Prostate cancer,98,Tobacco,2,Percent,1990,2023,-0.2546280765676422,0.04220916084608384,-0.5075982857367367
1,All Population,1,Deaths,396,San Marino,3,Both,27,Age-standardized,441,Colon and rectum cancer,98,Tobacco,2,Percent,1990,2023,-0.2800058653447211,0.23627081129569422,-0.5832882081661022
1,All Population,1,Deaths,396,San Marino,3,Both,27,Age-standardized,474,Bladder cancer,98,Tobacco,2,Percent,1990,2023,-0.3035777302197959,-0.0214963238653702,-0.5347497904950173
1,All Population,1,Deaths,205,Côte d'Ivoire,3,Both,27,Age-standardized,417,Liver cancer,98,Tobacco,2,Percent,1990,2023,0.038734487805279764,0.8594508675404335,-0.4030937270324839
1,All Population,1,Deaths,186,Seychelles,3,Both,27,Age-standardized,423,Larynx cancer,98,Tobacco,2,Percent,1990,2023,-0.008391081076694852,0.11916795968479993,-0.12958215406074572
1,All Population,1,Deaths,186,Seychelles,3,Both,27,Age-standardized,447,Nasopharynx cancer,98,Tobacco,2,Percent,1990,2023,-0.13620150625262248,0.26159474936315485,-0.43673874772790433
1,All Population,1,Deaths,203,Cabo Verde,3,Both,27,Age-standardized,417,Liver cancer,98,Tobacco,2,Percent,1990,2023,-0.090440579918088,0.5948924659005651,-0.4962468425431267
1,All Population,1,Deaths,182,Malawi,3,Both,27,Age-standardized,432,Cervical cancer,98,Tobacco,2,Percent,1990,2023,-0.25884976981959157,0.7003031678774267,-0.6735990970155419
1,All Population,1,Deaths,413,Tokelau,3,Both,27,Age-standardized,441,Colon and rectum cancer,98,Tobacco,2,Percent,1990,2023,-0.034886466597471154,0.69878232556483,-0.4649108171664802
1,All Population,1,Deaths,186,Seychelles,3,Both,27,Age-standardized,450,Other pharynx cancer,98,Tobacco,2,Percent,1990,2023,-0.07936655374425385,0.15042777158492882,-0.29403745862935354
1,All Population,1,Deaths,203,Cabo Verde,3,Both,27,Age-standardized,432,Cervical cancer,98,Tobacco,2,Percent,1990,2023,-0.23266571456868784,1.2676864844760047,-0.7794709630432981
1,All Population,1,Deaths,203,Cabo Verde,3,Both,27,Age-standardized,438,Prostate cancer,98,Tobacco,2,Percent,1990,2023,-0.11635866868261138,0.41726314787201385,-0.47257428455501305
1,All Population,1,Deaths,204,Chad,3,Both,27,Age-standardized,411,Esophageal cancer,98,Tobacco,2,Percent,1990,2023,-0.11353704748199035,0.5482760890530759,-0.48981722667768757
1,All Population,1,Deaths,182,Malawi,3,Both,27,Age-standardized,438,Prostate cancer,98,Tobacco,2,Percent,1990,2023,-0.09986848644386515,0.5605311306566845,-0.4870047499986401
1,All Population,1,Deaths,182,Malawi,3,Both,27,Age-standardized,441,Colon and rectum cancer,98,Tobacco,2,Percent,1990,2023,-0.15394219400317885,0.5212092698566019,-0.5079956728513482
1,All Population,1,Deaths,203,Cabo Verde,3,Both,27,Age-standardized,474,Bladder cancer,98,Tobacco,2,Percent,1990,2023,-0.1245569879853773,0.41374594394399244,-0.4786789172908234
1,All Population,1,Deaths,200,Benin,3,Both,27,Age-standardized,447,Nasopharynx cancer,98,Tobacco,2,Percent,1990,2023,-0.21771752359776478,0.3744149318968989,-0.5750566566456018
1,All Population,1,Deaths,200,Benin,3,Both,27,Age-standardized,487,Leukemia,98,Tobacco,2,Percent,1990,2023,-0.03182609054937015,0.7859104554541742,-0.505433443752199
1,All Population,1,Deaths,204,Chad,3,Both,27,Age-standardized,423,Larynx cancer,98,Tobacco,2,Percent,1990,2023,-0.11919559325267291,0.16283159195611085,-0.3541467384158877
1,All Population,1,Deaths,413,Tokelau,3,Both,27,Age-standardized,444,Lip and oral cavity cancer,98,Tobacco,2,Percent,1990,2023,-0.08588128125122188,0.41027840820586037,-0.4212132082087531
1,All Population,1,Deaths,204,Chad,3,Both,27,Age-standardized,414,Stomach cancer,98,Tobacco,2,Percent,1990,2023,-0.23807913156880997,0.49332847143111525,-0.6126773539259894
1,All Population,1,Deaths,204,Chad,3,Both,27,Age-standardized,426,"Tracheal, bronchus, and lung cancer",98,Tobacco,2,Percent,1990,2023,-0.15685629145124969,0.24273416299491465,-0.3968047542148061
1,All Population,1,Deaths,207,Ghana,3,Both,27,Age-standardized,432,Cervical cancer,98,Tobacco,2,Percent,1990,2023,-0.2176594581281167,1.798814772911826,-0.8036607035493694
1,All Population,1,Deaths,207,Ghana,3,Both,27,Age-standardized,438,Prostate cancer,98,Tobacco,2,Percent,1990,2023,-0.3533110875949973,0.11113016939290879,-0.6644304604881522
1,All Population,1,Deaths,413,Tokelau,3,Both,27,Age-standardized,487,Leukemia,98,Tobacco,2,Percent,1990,2023,-0.19497575416182877,0.38676131762322424,-0.5173055896011879
1,All Population,1,Deaths,416,Tuvalu,3,Both,27,Age-standardized,441,Colon and rectum cancer,98,Tobacco,2,Percent,1990,2023,0.03802744534169396,0.8296633721806727,-0.41430329923680803
1,All Population,1,Deaths,204,Chad,3,Both,27,Age-standardized,429,Breast cancer,98,Tobacco,2,Percent,1990,2023,-0.16093657017468502,0.09411738550807158,-0.3557971165474577
1,All Population,1,Deaths,204,Chad,3,Both,27,Age-standardized,456,Pancreatic cancer,98,Tobacco,2,Percent,1990,2023,-0.2629008483432259,0.41854657448155475,-0.6346512241074572
1,All Population,1,Deaths,204,Chad,3,Both,27,Age-standardized,447,Nasopharynx cancer,98,Tobacco,2,Percent,1990,2023,-0.16891244033707659,0.3768656589714974,-0.4964642789042513
1,All Population,1,Deaths,305,Bermuda,3,Both,27,Age-standardized,411,Esophageal cancer,98,Tobacco,2,Percent,1990,2023,-0.26958063803706067,0.11182524496090093,-0.5196568664530399
1,All Population,1,Deaths,305,Bermuda,3,Both,27,Age-standardized,414,Stomach cancer,98,Tobacco,2,Percent,1990,2023,-0.311646042626746,0.11287129029382313,-0.5769021728986132
1,All Population,1,Deaths,195,Namibia,3,Both,27,Age-standardized,411,Esophageal cancer,98,Tobacco,2,Percent,1990,2023,-0.13480399839868518,0.40300516922947915,-0.4853404250330518
1,All Population,1,Deaths,204,Chad,3,Both,27,Age-standardized,471,Kidney cancer,98,Tobacco,2,Percent,1990,2023,-0.08424662178077463,0.70201787622798,-0.4791617157606438
1,All Population,1,Deaths,213,Niger,3,Both,27,Age-standardized,417,Liver cancer,98,Tobacco,2,Percent,1990,2023,0.1724096450563652,0.9380515048806807,-0.3005607747976964
1,All Population,1,Deaths,212,Mauritania,3,Both,27,Age-standardized,456,Pancreatic cancer,98,Tobacco,2,Percent,1990,2023,-0.24310246755177986,0.4042248016649509,-0.5933206492424226
1,All Population,1,Deaths,204,Chad,3,Both,27,Age-standardized,450,Other pharynx cancer,98,Tobacco,2,Percent,1990,2023,-0.1510992037250982,0.3189385749722594,-0.4868502520037279
1,All Population,1,Deaths,189,United Republic of Tanzania,3,Both,27,Age-standardized,411,Esophageal cancer,98,Tobacco,2,Percent,1990,2023,-0.21535175056625222,0.23912540042609431,-0.5021745064122088
1,All Population,1,Deaths,189,United Republic of Tanzania,3,Both,27,Age-standardized,414,Stomach cancer,98,Tobacco,2,Percent,1990,2023,-0.21059194823542685,0.14328358837531988,-0.46748525215351805
1,All Population,1,Deaths,210,Liberia,3,Both,27,Age-standardized,450,Other pharynx cancer,98,Tobacco,2,Percent,1990,2023,-0.17792065497175064,0.1786466848638669,-0.4860224529556815
1,All Population,1,Deaths,213,Niger,3,Both,27,Age-standardized,429,Breast cancer,98,Tobacco,2,Percent,1990,2023,0.18776703983576326,0.5393568862749475,-0.05834588463467397
1,All Population,1,Deaths,213,Niger,3,Both,27,Age-standardized,432,Cervical cancer,98,Tobacco,2,Percent,1990,2023,0.8940274093617859,5.35395111681023,-0.4895024229968965
1,All Population,1,Deaths,170,Congo,3,Both,27,Age-standardized,411,Esophageal cancer,98,Tobacco,2,Percent,1990,2023,0.3481724358493535,1.5396264247861926,-0.2838971730959402
1,All Population,1,Deaths,305,Bermuda,3,Both,27,Age-standardized,417,Liver cancer,98,Tobacco,2,Percent,1990,2023,-0.06668056375190891,0.38246182732484896,-0.4005490140195648
1,All Population,1,Deaths,213,Niger,3,Both,27,Age-standardized,471,Kidney cancer,98,Tobacco,2,Percent,1990,2023,0.27375626554033367,1.248562803418828,-0.2683912915482439
1,All Population,1,Deaths,213,Niger,3,Both,27,Age-standardized,474,Bladder cancer,98,Tobacco,2,Percent,1990,2023,0.1992725836203747,1.1596138796054605,-0.34271873540305836
1,All Population,1,Deaths,189,United Republic of Tanzania,3,Both,27,Age-standardized,417,Liver cancer,98,Tobacco,2,Percent,1990,2023,-0.12412552935455376,0.156139155445123,-0.379061461806941
1,All Population,1,Deaths,195,Namibia,3,Both,27,Age-standardized,414,Stomach cancer,98,Tobacco,2,Percent,1990,2023,-0.1721455568106737,0.4577161908979719,-0.5304454523637872
1,All Population,1,Deaths,170,Congo,3,Both,27,Age-standardized,414,Stomach cancer,98,Tobacco,2,Percent,1990,2023,0.36980354728741077,1.6115035601630538,-0.324464136929823
1,All Population,1,Deaths,170,Congo,3,Both,27,Age-standardized,426,"Tracheal, bronchus, and lung cancer",98,Tobacco,2,Percent,1990,2023,0.16998750961137743,0.7888678077328699,-0.19991111825756266
1,All Population,1,Deaths,349,Greenland,3,Both,27,Age-standardized,444,Lip and oral cavity cancer,98,Tobacco,2,Percent,1990,2023,-0.13290355583745028,0.2845133124334116,-0.4535584398581523
1,All Population,1,Deaths,213,Niger,3,Both,27,Age-standardized,423,Larynx cancer,98,Tobacco,2,Percent,1990,2023,0.11896486328239658,0.6195992883855357,-0.2519450954229223
1,All Population,1,Deaths,189,United Republic of Tanzania,3,Both,27,Age-standardized,429,Breast cancer,98,Tobacco,2,Percent,1990,2023,-0.2621123213395649,-0.08301104432689409,-0.4089397973767058
1,All Population,1,Deaths,349,Greenland,3,Both,27,Age-standardized,447,Nasopharynx cancer,98,Tobacco,2,Percent,1990,2023,-0.15286867295341788,0.2503136183844378,-0.44694953474018295
1,All Population,1,Deaths,170,Congo,3,Both,27,Age-standardized,429,Breast cancer,98,Tobacco,2,Percent,1990,2023,0.23475240842262382,0.5869741797767931,-0.027565434083185354
1,All Population,1,Deaths,207,Ghana,3,Both,27,Age-standardized,474,Bladder cancer,98,Tobacco,2,Percent,1990,2023,-0.19126518589919514,0.41057739900264434,-0.5646659248683208
1,All Population,1,Deaths,376,Northern Mariana Islands,3,Both,27,Age-standardized,441,Colon and rectum cancer,98,Tobacco,2,Percent,1990,2023,-0.21702086142141955,0.3478456396486692,-0.5638308416958969
1,All Population,1,Deaths,189,United Republic of Tanzania,3,Both,27,Age-standardized,471,Kidney cancer,98,Tobacco,2,Percent,1990,2023,-0.12213014913614072,0.4737827092476475,-0.5053650843937814
1,All Population,1,Deaths,189,United Republic of Tanzania,3,Both,27,Age-standardized,474,Bladder cancer,98,Tobacco,2,Percent,1990,2023,-0.2586838622977926,0.21128357016203,-0.5651219185537606
1,All Population,1,Deaths,349,Greenland,3,Both,27,Age-standardized,487,Leukemia,98,Tobacco,2,Percent,1990,2023,-0.045875073689458215,0.43531200548688964,-0.3919592594876119
1,All Population,1,Deaths,305,Bermuda,3,Both,27,Age-standardized,429,Breast cancer,98,Tobacco,2,Percent,1990,2023,-0.21117893437897406,0.01457943319632036,-0.42107655394711574
1,All Population,1,Deaths,205,Côte d'Ivoire,3,Both,27,Age-standardized,432,Cervical cancer,98,Tobacco,2,Percent,1990,2023,-0.35013870866190194,1.3016021511790532,-0.838479255341818
1,All Population,1,Deaths,205,Côte d'Ivoire,3,Both,27,Age-standardized,438,Prostate cancer,98,Tobacco,2,Percent,1990,2023,-0.047748302316899735,0.5392338423355963,-0.45687907057615706
1,All Population,1,Deaths,205,Côte d'Ivoire,3,Both,27,Age-standardized,474,Bladder cancer,98,Tobacco,2,Percent,1990,2023,0.07735080066298435,0.8522841118294975,-0.4022162838069776
1,All Population,1,Deaths,305,Bermuda,3,Both,27,Age-standardized,471,Kidney cancer,98,Tobacco,2,Percent,1990,2023,-0.2533634987271433,0.11890628962484023,-0.516518136865097
1,All Population,1,Deaths,435,South Sudan,3,Both,27,Age-standardized,438,Prostate cancer,98,Tobacco,2,Percent,1990,2023,0.4614634838582485,1.5684140222699918,-0.14403743408481576
1,All Population,1,Deaths,195,Namibia,3,Both,27,Age-standardized,429,Breast cancer,98,Tobacco,2,Percent,1990,2023,-0.1459513881861851,0.04812693740394798,-0.29495678808599046
1,All Population,1,Deaths,435,South Sudan,3,Both,27,Age-standardized,441,Colon and rectum cancer,98,Tobacco,2,Percent,1990,2023,0.04345882598972943,0.8683625720119735,-0.4431923860325861
1,All Population,1,Deaths,213,Niger,3,Both,27,Age-standardized,444,Lip and oral cavity cancer,98,Tobacco,2,Percent,1990,2023,0.069674399371834,0.9421422524233077,-0.4093426600683894
1,All Population,1,Deaths,213,Niger,3,Both,27,Age-standardized,447,Nasopharynx cancer,98,Tobacco,2,Percent,1990,2023,0.007267005354096638,0.8829968823397767,-0.45429060981110136
1,All Population,1,Deaths,435,South Sudan,3,Both,27,Age-standardized,444,Lip and oral cavity cancer,98,Tobacco,2,Percent,1990,2023,-0.004670784109611523,0.7438837151225122,-0.41535170634775603
1,All Population,1,Deaths,385,Puerto Rico,3,Both,27,Age-standardized,444,Lip and oral cavity cancer,98,Tobacco,2,Percent,1990,2023,-0.18649845614485494,0.06734421776202804,-0.355183848025356
1,All Population,1,Deaths,385,Puerto Rico,3,Both,27,Age-standardized,447,Nasopharynx cancer,98,Tobacco,2,Percent,1990,2023,-0.19044944949083698,0.14102870672125087,-0.41231301731496717
1,All Population,1,Deaths,385,Puerto Rico,3,Both,27,Age-standardized,487,Leukemia,98,Tobacco,2,Percent,1990,2023,-0.16460790859033458,0.21286793168963364,-0.3902796613223652
1,All Population,1,Deaths,149,Palestine,3,Both,27,Age-standardized,417,Liver cancer,98,Tobacco,2,Percent,1990,2023,0.030194383956556672,0.5531074419875834,-0.29490266144511923
1,All Population,1,Deaths,184,Mozambique,3,Both,27,Age-standardized,423,Larynx cancer,98,Tobacco,2,Percent,1990,2023,0.18564162403487597,0.6393697315115526,-0.15168865061016124
1,All Population,1,Deaths,184,Mozambique,3,Both,27,Age-standardized,447,Nasopharynx cancer,98,Tobacco,2,Percent,1990,2023,0.098036415041807,0.8476166349053065,-0.3086200413194319
1,All Population,1,Deaths,184,Mozambique,3,Both,27,Age-standardized,450,Other pharynx cancer,98,Tobacco,2,Percent,1990,2023,0.20579967543120606,0.7445635154940322,-0.24676698184000578
1,All Population,1,Deaths,149,Palestine,3,Both,27,Age-standardized,432,Cervical cancer,98,Tobacco,2,Percent,1990,2023,-0.211377159192066,1.2368182548962605,-0.7271895207823541
1,All Population,1,Deaths,149,Palestine,3,Both,27,Age-standardized,438,Prostate cancer,98,Tobacco,2,Percent,1990,2023,-0.07196490651345193,0.42855770879721244,-0.4095942904407035
1,All Population,1,Deaths,215,Sao Tome and Principe,3,Both,27,Age-standardized,411,Esophageal cancer,98,Tobacco,2,Percent,1990,2023,0.5345935264725871,1.7428071832176553,-0.12844674645706725
1,All Population,1,Deaths,149,Palestine,3,Both,27,Age-standardized,441,Colon and rectum cancer,98,Tobacco,2,Percent,1990,2023,0.05758101616719105,0.5714767449988587,-0.25996052680941056
1,All Population,1,Deaths,149,Palestine,3,Both,27,Age-standardized,474,Bladder cancer,98,Tobacco,2,Percent,1990,2023,-0.010434452577937195,0.223191598212345,-0.19580172615262614
1,All Population,1,Deaths,374,Niue,3,Both,27,Age-standardized,438,Prostate cancer,98,Tobacco,2,Percent,1990,2023,-0.12488830335017555,0.3772713640600193,-0.44278664255034694
1,All Population,1,Deaths,215,Sao Tome and Principe,3,Both,27,Age-standardized,426,"Tracheal, bronchus, and lung cancer",98,Tobacco,2,Percent,1990,2023,0.2660022625879688,1.0110312617299317,-0.23159345503269002
1,All Population,1,Deaths,180,Kenya,3,Both,27,Age-standardized,441,Colon and rectum cancer,98,Tobacco,2,Percent,1990,2023,-0.21456403561305643,0.463801111555772,-0.5797046490791
1,All Population,1,Deaths,180,Kenya,3,Both,27,Age-standardized,444,Lip and oral cavity cancer,98,Tobacco,2,Percent,1990,2023,-0.17990324741568087,0.3443326438421275,-0.5202727880750021
1,All Population,1,Deaths,215,Sao Tome and Principe,3,Both,27,Age-standardized,456,Pancreatic cancer,98,Tobacco,2,Percent,1990,2023,0.23294929095544942,1.2894906368041485,-0.38119905304675183
1,All Population,1,Deaths,349,Greenland,3,Both,27,Age-standardized,423,Larynx cancer,98,Tobacco,2,Percent,1990,2023,-0.05311928417403661,0.051778836526955994,-0.15867437076197285
1,All Population,1,Deaths,435,South Sudan,3,Both,27,Age-standardized,423,Larynx cancer,98,Tobacco,2,Percent,1990,2023,0.03987012618229739,0.5922360115048075,-0.33630884396812355
1,All Population,1,Deaths,195,Namibia,3,Both,27,Age-standardized,471,Kidney cancer,98,Tobacco,2,Percent,1990,2023,-0.20674564455341105,0.5916592275493168,-0.5961983943333764
1,All Population,1,Deaths,385,Puerto Rico,3,Both,27,Age-standardized,411,Esophageal cancer,98,Tobacco,2,Percent,1990,2023,-0.16878753866361804,0.1103065961911793,-0.36382823127849584
1,All Population,1,Deaths,385,Puerto Rico,3,Both,27,Age-standardized,414,Stomach cancer,98,Tobacco,2,Percent,1990,2023,-0.2588645956255338,0.020005643039258787,-0.45831186672096147
1,All Population,1,Deaths,435,South Sudan,3,Both,27,Age-standardized,487,Leukemia,98,Tobacco,2,Percent,1990,2023,0.07616332717864306,1.0029267527214227,-0.4436038611917325
1,All Population,1,Deaths,385,Puerto Rico,3,Both,27,Age-standardized,417,Liver cancer,98,Tobacco,2,Percent,1990,2023,-0.0848480422449888,0.19299271092126813,-0.2883255546849839
1,All Population,1,Deaths,385,Puerto Rico,3,Both,27,Age-standardized,429,Breast cancer,98,Tobacco,2,Percent,1990,2023,-0.18351986194628134,0.05793572180172392,-0.3479120501442934
1,All Population,1,Deaths,369,Nauru,3,Both,27,Age-standardized,411,Esophageal cancer,98,Tobacco,2,Percent,1990,2023,-0.0926278044765577,0.3036097285866305,-0.35626519570758264
1,All Population,1,Deaths,374,Niue,3,Both,27,Age-standardized,441,Colon and rectum cancer,98,Tobacco,2,Percent,1990,2023,-0.07589213410518181,0.6065466867329725,-0.510364160535778
1,All Population,1,Deaths,178,Eritrea,3,Both,27,Age-standardized,423,Larynx cancer,98,Tobacco,2,Percent,1990,2023,0.0076943430249843715,0.49246527676144664,-0.3341558266319702
1,All Population,1,Deaths,178,Eritrea,3,Both,27,Age-standardized,444,Lip and oral cavity cancer,98,Tobacco,2,Percent,1990,2023,-0.05504474624235888,0.7740346764850706,-0.4955464818605238
1,All Population,1,Deaths,369,Nauru,3,Both,27,Age-standardized,426,"Tracheal, bronchus, and lung cancer",98,Tobacco,2,Percent,1990,2023,-0.051617363496151265,0.16656380847536534,-0.20214151091748148
1,All Population,1,Deaths,178,Eritrea,3,Both,27,Age-standardized,447,Nasopharynx cancer,98,Tobacco,2,Percent,1990,2023,-0.10520157881134075,0.7859485515505108,-0.5362288067943773
1,All Population,1,Deaths,178,Eritrea,3,Both,27,Age-standardized,450,Other pharynx cancer,98,Tobacco,2,Percent,1990,2023,-0.07398243822236276,0.5503431580089301,-0.45511897998070944
1,All Population,1,Deaths,435,South Sudan,3,Both,27,Age-standardized,411,Esophageal cancer,98,Tobacco,2,Percent,1990,2023,-0.03887134050860968,0.6679884259217568,-0.46207171378857564
1,All Population,1,Deaths,369,Nauru,3,Both,27,Age-standardized,456,Pancreatic cancer,98,Tobacco,2,Percent,1990,2023,-0.04782608382927615,0.46804932343085054,-0.3832310112150773
1,All Population,1,Deaths,435,South Sudan,3,Both,27,Age-standardized,426,"Tracheal, bronchus, and lung cancer",98,Tobacco,2,Percent,1990,2023,0.054136888840008716,0.5963229275930518,-0.2988376832651566
1,All Population,1,Deaths,198,Zimbabwe,3,Both,27,Age-standardized,411,Esophageal cancer,98,Tobacco,2,Percent,1990,2023,-0.25058579586724733,0.06039429525533904,-0.4752355523222007
1,All Population,1,Deaths,369,Nauru,3,Both,27,Age-standardized,471,Kidney cancer,98,Tobacco,2,Percent,1990,2023,-0.15793794530854963,0.34351348678532606,-0.446628718755811
1,All Population,1,Deaths,180,Kenya,3,Both,27,Age-standardized,487,Leukemia,98,Tobacco,2,Percent,1990,2023,-0.13966693189286167,0.5033833681821764,-0.5428599767713321
1,All Population,1,Deaths,435,South Sudan,3,Both,27,Age-standardized,456,Pancreatic cancer,98,Tobacco,2,Percent,1990,2023,-0.005674915153862282,0.8641772432050219,-0.4969273100206081
1,All Population,1,Deaths,385,Puerto Rico,3,Both,27,Age-standardized,471,Kidney cancer,98,Tobacco,2,Percent,1990,2023,-0.2325600572053231,0.05066675781184658,-0.4092510371832656
1,All Population,1,Deaths,435,South Sudan,3,Both,27,Age-standardized,471,Kidney cancer,98,Tobacco,2,Percent,1990,2023,0.2052571431484312,1.2818152849420943,-0.3824323869611014
1,All Population,1,Deaths,374,Niue,3,Both,27,Age-standardized,444,Lip and oral cavity cancer,98,Tobacco,2,Percent,1990,2023,-0.11073217423343501,0.36017211871228016,-0.4679778249743387
1,All Population,1,Deaths,151,Qatar,3,Both,27,Age-standardized,441,Colon and rectum cancer,98,Tobacco,2,Percent,1990,2023,-0.0014030867148294179,1.0247363445930628,-0.4690280731004882
1,All Population,1,Deaths,151,Qatar,3,Both,27,Age-standardized,444,Lip and oral cavity cancer,98,Tobacco,2,Percent,1990,2023,-0.36737687857415763,0.03856638428412546,-0.6580569875492334
1,All Population,1,Deaths,376,Northern Mariana Islands,3,Both,27,Age-standardized,444,Lip and oral cavity cancer,98,Tobacco,2,Percent,1990,2023,-0.21592104012359217,0.1500842952549967,-0.503213377478523
1,All Population,1,Deaths,376,Northern Mariana Islands,3,Both,27,Age-standardized,487,Leukemia,98,Tobacco,2,Percent,1990,2023,-0.36286828120560394,0.10436279647240006,-0.6481000927700333
1,All Population,1,Deaths,196,South Africa,3,Both,27,Age-standardized,438,Prostate cancer,98,Tobacco,2,Percent,1990,2023,-0.5074512756939573,-0.2809129827543,-0.6694311130815415
1,All Population,1,Deaths,196,South Africa,3,Both,27,Age-standardized,441,Colon and rectum cancer,98,Tobacco,2,Percent,1990,2023,-0.3545380211688295,-0.06870863097840808,-0.5379517587171799
1,All Population,1,Deaths,374,Niue,3,Both,27,Age-standardized,487,Leukemia,98,Tobacco,2,Percent,1990,2023,-0.1940890555444705,0.36073032451396625,-0.5355400676593132
1,All Population,1,Deaths,151,Qatar,3,Both,27,Age-standardized,487,Leukemia,98,Tobacco,2,Percent,1990,2023,-0.2780340409854827,0.13791259261255137,-0.5332471398859113
1,All Population,1,Deaths,216,Senegal,3,Both,27,Age-standardized,411,Esophageal cancer,98,Tobacco,2,Percent,1990,2023,-0.32260053577126163,0.06176410269416105,-0.5529373571918939
1,All Population,1,Deaths,216,Senegal,3,Both,27,Age-standardized,414,Stomach cancer,98,Tobacco,2,Percent,1990,2023,-0.4058514648895703,0.021587116039281574,-0.6555276665545741
1,All Population,1,Deaths,376,Northern Mariana Islands,3,Both,27,Age-standardized,411,Esophageal cancer,98,Tobacco,2,Percent,1990,2023,-0.3223569502616705,0.08897596825028586,-0.5838544638928527
1,All Population,1,Deaths,172,Equatorial Guinea,3,Both,27,Age-standardized,423,Larynx cancer,98,Tobacco,2,Percent,1990,2023,0.11205588799435132,0.546717698653453,-0.19014554402008996
1,All Population,1,Deaths,435,South Sudan,3,Both,27,Age-standardized,447,Nasopharynx cancer,98,Tobacco,2,Percent,1990,2023,-0.06992033618710279,0.704941019894157,-0.4622765386017028
1,All Population,1,Deaths,435,South Sudan,3,Both,27,Age-standardized,450,Other pharynx cancer,98,Tobacco,2,Percent,1990,2023,-0.018705182280073875,0.5489341132885573,-0.42184704327359057
1,All Population,1,Deaths,369,Nauru,3,Both,27,Age-standardized,441,Colon and rectum cancer,98,Tobacco,2,Percent,1990,2023,-0.021020575789477126,0.5575639742553529,-0.4129580488541834
1,All Population,1,Deaths,215,Sao Tome and Principe,3,Both,27,Age-standardized,438,Prostate cancer,98,Tobacco,2,Percent,1990,2023,0.07580232235470705,0.8506037122869317,-0.38375654741347415
1,All Population,1,Deaths,215,Sao Tome and Principe,3,Both,27,Age-standardized,441,Colon and rectum cancer,98,Tobacco,2,Percent,1990,2023,0.19494406175732543,1.0828887614501153,-0.3307906045578616
1,All Population,1,Deaths,369,Nauru,3,Both,27,Age-standardized,444,Lip and oral cavity cancer,98,Tobacco,2,Percent,1990,2023,-0.09938888181581756,0.3779222662733309,-0.4257217811613374
1,All Population,1,Deaths,369,Nauru,3,Both,27,Age-standardized,487,Leukemia,98,Tobacco,2,Percent,1990,2023,-0.13798069980100358,0.4606125150547531,-0.47707117890675904
1,All Population,1,Deaths,215,Sao Tome and Principe,3,Both,27,Age-standardized,444,Lip and oral cavity cancer,98,Tobacco,2,Percent,1990,2023,0.2986697010174599,1.4092528704101182,-0.2842265479142916
1,All Population,1,Deaths,197,Eswatini,3,Both,27,Age-standardized,444,Lip and oral cavity cancer,98,Tobacco,2,Percent,1990,2023,-0.2088922790007946,0.3132820188148265,-0.5720985385042017
1,All Population,1,Deaths,349,Greenland,3,Both,27,Age-standardized,426,"Tracheal, bronchus, and lung cancer",98,Tobacco,2,Percent,1990,2023,-0.08914500323193805,0.09775580767638051,-0.2749369436089744
1,All Population,1,Deaths,349,Greenland,3,Both,27,Age-standardized,450,Other pharynx cancer,98,Tobacco,2,Percent,1990,2023,-0.09246560053262308,0.14671593392323082,-0.3041226312340871
1,All Population,1,Deaths,349,Greenland,3,Both,27,Age-standardized,456,Pancreatic cancer,98,Tobacco,2,Percent,1990,2023,-0.14276989323833783,0.47733431821750244,-0.5243627656157388
1,All Population,1,Deaths,216,Senegal,3,Both,27,Age-standardized,417,Liver cancer,98,Tobacco,2,Percent,1990,2023,-0.3360571344841217,-0.058516586816437635,-0.5474812166437466
1,All Population,1,Deaths,216,Senegal,3,Both,27,Age-standardized,429,Breast cancer,98,Tobacco,2,Percent,1990,2023,-0.35498408451885627,-0.2363957278756016,-0.4467423506701182
1,All Population,1,Deaths,215,Sao Tome and Principe,3,Both,27,Age-standardized,487,Leukemia,98,Tobacco,2,Percent,1990,2023,0.7717373785606635,2.8131783617188697,-0.19772630335100566
1,All Population,1,Deaths,212,Mauritania,3,Both,27,Age-standardized,438,Prostate cancer,98,Tobacco,2,Percent,1990,2023,-0.1786082082363766,0.3563616113260758,-0.5267922432952118
1,All Population,1,Deaths,172,Equatorial Guinea,3,Both,27,Age-standardized,426,"Tracheal, bronchus, and lung cancer",98,Tobacco,2,Percent,1990,2023,-0.0011120638823833963,0.47556454808229287,-0.28092947100299026
1,All Population,1,Deaths,172,Equatorial Guinea,3,Both,27,Age-standardized,450,Other pharynx cancer,98,Tobacco,2,Percent,1990,2023,0.11168456287965277,0.7812027805893548,-0.295955997529336
1,All Population,1,Deaths,215,Sao Tome and Principe,3,Both,27,Age-standardized,423,Larynx cancer,98,Tobacco,2,Percent,1990,2023,0.23396074878497106,0.7722802644173632,-0.1633523909658633
1,All Population,1,Deaths,215,Sao Tome and Principe,3,Both,27,Age-standardized,447,Nasopharynx cancer,98,Tobacco,2,Percent,1990,2023,0.15916651546884178,1.052492637428529,-0.3207523333067345
1,All Population,1,Deaths,215,Sao Tome and Principe,3,Both,27,Age-standardized,450,Other pharynx cancer,98,Tobacco,2,Percent,1990,2023,0.20628720261602784,1.0365894084985081,-0.3076142765131938
1,All Population,1,Deaths,351,Guam,3,Both,27,Age-standardized,444,Lip and oral cavity cancer,98,Tobacco,2,Percent,1990,2023,0.14442978331786316,0.5351596238837192,-0.14581690135693667
1,All Population,1,Deaths,351,Guam,3,Both,27,Age-standardized,447,Nasopharynx cancer,98,Tobacco,2,Percent,1990,2023,-0.30339709147454635,-0.035754885741499945,-0.5116597871938176
1,All Population,1,Deaths,172,Equatorial Guinea,3,Both,27,Age-standardized,456,Pancreatic cancer,98,Tobacco,2,Percent,1990,2023,0.012147642649913873,0.9072054228279838,-0.4712377220480116
1,All Population,1,Deaths,212,Mauritania,3,Both,27,Age-standardized,441,Colon and rectum cancer,98,Tobacco,2,Percent,1990,2023,-0.1869832920457254,0.4282801977038655,-0.5634920796626776
1,All Population,1,Deaths,376,Northern Mariana Islands,3,Both,27,Age-standardized,426,"Tracheal, bronchus, and lung cancer",98,Tobacco,2,Percent,1990,2023,-0.1754309098070348,0.03144698958148161,-0.339354829820987
1,All Population,1,Deaths,197,Eswatini,3,Both,27,Age-standardized,487,Leukemia,98,Tobacco,2,Percent,1990,2023,-0.3570868033728788,0.3233508314566991,-0.7153535711063054
1,All Population,1,Deaths,376,Northern Mariana Islands,3,Both,27,Age-standardized,456,Pancreatic cancer,98,Tobacco,2,Percent,1990,2023,-0.3416932569247375,0.08686549033162456,-0.5942518737912517
1,All Population,1,Deaths,351,Guam,3,Both,27,Age-standardized,487,Leukemia,98,Tobacco,2,Percent,1990,2023,-0.23883491970931653,0.283787039766372,-0.5189594972384488
1,All Population,1,Deaths,369,Nauru,3,Both,27,Age-standardized,414,Stomach cancer,98,Tobacco,2,Percent,1990,2023,-0.06979122496185651,0.48848552922166294,-0.4451667930746511
1,All Population,1,Deaths,369,Nauru,3,Both,27,Age-standardized,417,Liver cancer,98,Tobacco,2,Percent,1990,2023,-0.03475118120527572,0.36565969514798635,-0.3515792594267799
1,All Population,1,Deaths,396,San Marino,3,Both,27,Age-standardized,423,Larynx cancer,98,Tobacco,2,Percent,1990,2023,-0.10788362023466908,-0.006078745684237465,-0.20866007321437866
1,All Population,1,Deaths,376,Northern Mariana Islands,3,Both,27,Age-standardized,471,Kidney cancer,98,Tobacco,2,Percent,1990,2023,-0.2068090347512338,0.2729761884177933,-0.48226050519909586
1,All Population,1,Deaths,369,Nauru,3,Both,27,Age-standardized,429,Breast cancer,98,Tobacco,2,Percent,1990,2023,0.0021415155141122112,0.20663471986086723,-0.18161844509791022
1,All Population,1,Deaths,369,Nauru,3,Both,27,Age-standardized,432,Cervical cancer,98,Tobacco,2,Percent,1990,2023,0.01595993533237163,0.5202585240773686,-0.32167650365368955
1,All Population,1,Deaths,369,Nauru,3,Both,27,Age-standardized,438,Prostate cancer,98,Tobacco,2,Percent,1990,2023,-0.18793518798241665,0.4277069606087875,-0.5528870488546884
1,All Population,1,Deaths,217,Sierra Leone,3,Both,27,Age-standardized,423,Larynx cancer,98,Tobacco,2,Percent,1990,2023,-0.17652365502580344,0.009501541813397631,-0.34671378449830653
1,All Population,1,Deaths,210,Liberia,3,Both,27,Age-standardized,438,Prostate cancer,98,Tobacco,2,Percent,1990,2023,-0.17101441740367657,0.3087579364627371,-0.49423843588771355
1,All Population,1,Deaths,210,Liberia,3,Both,27,Age-standardized,441,Colon and rectum cancer,98,Tobacco,2,Percent,1990,2023,-0.21634678459889928,0.3446690114572108,-0.5775597446462196
1,All Population,1,Deaths,369,Nauru,3,Both,27,Age-standardized,474,Bladder cancer,98,Tobacco,2,Percent,1990,2023,-0.11911315595590323,0.30900679174215895,-0.39977818627736156
1,All Population,1,Deaths,216,Senegal,3,Both,27,Age-standardized,432,Cervical cancer,98,Tobacco,2,Percent,1990,2023,-0.5955518720711455,0.7173709562341753,-0.9080971537621766
1,All Population,1,Deaths,216,Senegal,3,Both,27,Age-standardized,471,Kidney cancer,98,Tobacco,2,Percent,1990,2023,-0.3054173919030762,0.1628974632917337,-0.613993052269561
1,All Population,1,Deaths,217,Sierra Leone,3,Both,27,Age-standardized,444,Lip and oral cavity cancer,98,Tobacco,2,Percent,1990,2023,-0.26411341669522703,0.13909771079312513,-0.5523664768346944
1,All Population,1,Deaths,217,Sierra Leone,3,Both,27,Age-standardized,447,Nasopharynx cancer,98,Tobacco,2,Percent,1990,2023,-0.26760923609669146,0.06417598506385358,-0.5107043216566027
1,All Population,1,Deaths,217,Sierra Leone,3,Both,27,Age-standardized,450,Other pharynx cancer,98,Tobacco,2,Percent,1990,2023,-0.21721295865034146,0.07411877436364869,-0.4508942073125297
1,All Population,1,Deaths,385,Puerto Rico,3,Both,27,Age-standardized,432,Cervical cancer,98,Tobacco,2,Percent,1990,2023,-0.10745079521123663,0.5513333929019774,-0.42473381948000044
1,All Population,1,Deaths,385,Puerto Rico,3,Both,27,Age-standardized,438,Prostate cancer,98,Tobacco,2,Percent,1990,2023,-0.10090430537169696,0.4731372668759613,-0.4679037812163587
1,All Population,1,Deaths,193,Botswana,3,Both,27,Age-standardized,423,Larynx cancer,98,Tobacco,2,Percent,1990,2023,0.03504876764868301,0.18995291231554312,-0.11239565135807321
1,All Population,1,Deaths,193,Botswana,3,Both,27,Age-standardized,444,Lip and oral cavity cancer,98,Tobacco,2,Percent,1990,2023,0.05181668725527339,0.47317207510258624,-0.2720760127568763
1,All Population,1,Deaths,320,Cook Islands,3,Both,27,Age-standardized,411,Esophageal cancer,98,Tobacco,2,Percent,1990,2023,-0.3009116244049603,-0.02503727992553033,-0.5327421975035572
1,All Population,1,Deaths,320,Cook Islands,3,Both,27,Age-standardized,414,Stomach cancer,98,Tobacco,2,Percent,1990,2023,-0.28383273752105237,0.1336266806679862,-0.5772417079085502
1,All Population,1,Deaths,320,Cook Islands,3,Both,27,Age-standardized,426,"Tracheal, bronchus, and lung cancer",98,Tobacco,2,Percent,1990,2023,-0.17186179755510667,0.038045023787157475,-0.3286426411957355
1,All Population,1,Deaths,200,Benin,3,Both,27,Age-standardized,411,Esophageal cancer,98,Tobacco,2,Percent,1990,2023,-0.22285867073116836,0.27623001436769457,-0.5663072453896785
1,All Population,1,Deaths,385,Puerto Rico,3,Both,27,Age-standardized,441,Colon and rectum cancer,98,Tobacco,2,Percent,1990,2023,-0.12715151677399963,0.1474651915030467,-0.32825390163912094
1,All Population,1,Deaths,385,Puerto Rico,3,Both,27,Age-standardized,474,Bladder cancer,98,Tobacco,2,Percent,1990,2023,-0.13381803036362339,0.13764302989726945,-0.3163423970531828
1,All Population,1,Deaths,202,Cameroon,3,Both,27,Age-standardized,414,Stomach cancer,98,Tobacco,2,Percent,1990,2023,-0.2613146582847893,0.30647035497659614,-0.6139906605519851
1,All Population,1,Deaths,202,Cameroon,3,Both,27,Age-standardized,417,Liver cancer,98,Tobacco,2,Percent,1990,2023,-0.2509899344413167,0.2018054967409782,-0.5534480231152915
1,All Population,1,Deaths,218,Togo,3,Both,27,Age-standardized,417,Liver cancer,98,Tobacco,2,Percent,1990,2023,-0.31229540708922177,0.10711142451954517,-0.6195600946085351
1,All Population,1,Deaths,193,Botswana,3,Both,27,Age-standardized,447,Nasopharynx cancer,98,Tobacco,2,Percent,1990,2023,0.10780353822553082,0.6900500308400668,-0.28990100469419616
1,All Population,1,Deaths,193,Botswana,3,Both,27,Age-standardized,450,Other pharynx cancer,98,Tobacco,2,Percent,1990,2023,0.06066691798739359,0.3699877519140645,-0.20275838538479288
1,All Population,1,Deaths,202,Cameroon,3,Both,27,Age-standardized,429,Breast cancer,98,Tobacco,2,Percent,1990,2023,-0.3404040458128756,-0.17399705621425965,-0.4697239258536505
1,All Population,1,Deaths,320,Cook Islands,3,Both,27,Age-standardized,429,Breast cancer,98,Tobacco,2,Percent,1990,2023,-0.16742037575919977,0.04601641765561794,-0.3429583860683104
1,All Population,1,Deaths,320,Cook Islands,3,Both,27,Age-standardized,456,Pancreatic cancer,98,Tobacco,2,Percent,1990,2023,-0.2676860099607978,0.0909537875916905,-0.5322157139691553
1,All Population,1,Deaths,320,Cook Islands,3,Both,27,Age-standardized,471,Kidney cancer,98,Tobacco,2,Percent,1990,2023,-0.3227044508290016,0.04197447531109826,-0.5765132703271073
1,All Population,1,Deaths,218,Togo,3,Both,27,Age-standardized,432,Cervical cancer,98,Tobacco,2,Percent,1990,2023,-0.4699760357661159,0.8967921026025525,-0.8711640261073459
1,All Population,1,Deaths,176,Comoros,3,Both,27,Age-standardized,417,Liver cancer,98,Tobacco,2,Percent,1990,2023,-0.14712161108294525,0.4495369483443341,-0.49735896738051716
1,All Population,1,Deaths,218,Togo,3,Both,27,Age-standardized,438,Prostate cancer,98,Tobacco,2,Percent,1990,2023,-0.3603897779010413,0.08328922017726342,-0.675470997416169
1,All Population,1,Deaths,218,Togo,3,Both,27,Age-standardized,441,Colon and rectum cancer,98,Tobacco,2,Percent,1990,2023,-0.38762765622616857,0.20691733258674008,-0.6967298463142994
1,All Population,1,Deaths,218,Togo,3,Both,27,Age-standardized,474,Bladder cancer,98,Tobacco,2,Percent,1990,2023,-0.35651366263081946,0.1181902274309193,-0.6506494930989575
1,All Population,1,Deaths,200,Benin,3,Both,27,Age-standardized,414,Stomach cancer,98,Tobacco,2,Percent,1990,2023,-0.3202365982202891,0.2081363220326375,-0.6413509986352901
1,All Population,1,Deaths,522,Sudan,3,Both,27,Age-standardized,441,Colon and rectum cancer,98,Tobacco,2,Percent,1990,2023,0.06795921013663385,0.9691034082014647,-0.4274727597895969
1,All Population,1,Deaths,522,Sudan,3,Both,27,Age-standardized,411,Esophageal cancer,98,Tobacco,2,Percent,1990,2023,0.09110531758936473,1.0401106138880287,-0.3856000409788634
1,All Population,1,Deaths,522,Sudan,3,Both,27,Age-standardized,426,"Tracheal, bronchus, and lung cancer",98,Tobacco,2,Percent,1990,2023,-0.0182759917319312,0.37009471437977254,-0.27801795105467986
1,All Population,1,Deaths,422,United States Virgin Islands,3,Both,27,Age-standardized,417,Liver cancer,98,Tobacco,2,Percent,1990,2023,-0.16336375536898104,0.22641188294880862,-0.41323631814123896
1,All Population,1,Deaths,416,Tuvalu,3,Both,27,Age-standardized,423,Larynx cancer,98,Tobacco,2,Percent,1990,2023,-0.031173017201882716,0.13724541732850476,-0.17541070520080437
1,All Population,1,Deaths,198,Zimbabwe,3,Both,27,Age-standardized,414,Stomach cancer,98,Tobacco,2,Percent,1990,2023,-0.26271935987282113,0.27150506102170535,-0.5588023600379225
1,All Population,1,Deaths,198,Zimbabwe,3,Both,27,Age-standardized,426,"Tracheal, bronchus, and lung cancer",98,Tobacco,2,Percent,1990,2023,-0.20242029094603978,-0.02199629478238789,-0.34540781648009494
1,All Population,1,Deaths,522,Sudan,3,Both,27,Age-standardized,444,Lip and oral cavity cancer,98,Tobacco,2,Percent,1990,2023,-0.07843818932593992,0.5776257220956937,-0.4723337255281948
1,All Population,1,Deaths,200,Benin,3,Both,27,Age-standardized,429,Breast cancer,98,Tobacco,2,Percent,1990,2023,-0.2597971772612304,-0.06929068181665231,-0.4163267865917387
1,All Population,1,Deaths,216,Senegal,3,Both,27,Age-standardized,474,Bladder cancer,98,Tobacco,2,Percent,1990,2023,-0.37935126507329653,-0.006107848155804692,-0.6263142088193564
1,All Population,1,Deaths,522,Sudan,3,Both,27,Age-standardized,456,Pancreatic cancer,98,Tobacco,2,Percent,1990,2023,0.0011950502986301345,0.7915008681460313,-0.4643125515647578
1,All Population,1,Deaths,522,Sudan,3,Both,27,Age-standardized,471,Kidney cancer,98,Tobacco,2,Percent,1990,2023,0.1232381771603546,0.9712283112434046,-0.3429087968073377
1,All Population,1,Deaths,214,Nigeria,3,Both,27,Age-standardized,432,Cervical cancer,98,Tobacco,2,Percent,1990,2023,-0.7385549136906328,-0.2215562232302451,-0.9261598218011682
1,All Population,1,Deaths,214,Nigeria,3,Both,27,Age-standardized,438,Prostate cancer,98,Tobacco,2,Percent,1990,2023,-0.16469635554289058,0.4023598966833283,-0.573940131449977
1,All Population,1,Deaths,522,Sudan,3,Both,27,Age-standardized,487,Leukemia,98,Tobacco,2,Percent,1990,2023,0.3186637924172673,1.621960705594992,-0.24132577023213272
1,All Population,1,Deaths,198,Zimbabwe,3,Both,27,Age-standardized,429,Breast cancer,98,Tobacco,2,Percent,1990,2023,-0.17896498271566558,0.029530732163597504,-0.34915568932745406
1,All Population,1,Deaths,198,Zimbabwe,3,Both,27,Age-standardized,456,Pancreatic cancer,98,Tobacco,2,Percent,1990,2023,-0.2811260955309615,0.13560456680209593,-0.5898389334038736
1,All Population,1,Deaths,416,Tuvalu,3,Both,27,Age-standardized,426,"Tracheal, bronchus, and lung cancer",98,Tobacco,2,Percent,1990,2023,-0.03462056046532555,0.2064661682365711,-0.20205420725981693
1,All Population,1,Deaths,416,Tuvalu,3,Both,27,Age-standardized,450,Other pharynx cancer,98,Tobacco,2,Percent,1990,2023,-0.005416430907130865,0.39867171185737005,-0.2883577888485034
1,All Population,1,Deaths,200,Benin,3,Both,27,Age-standardized,471,Kidney cancer,98,Tobacco,2,Percent,1990,2023,-0.11649721743178966,0.5068992925438458,-0.556018980691876
1,All Population,1,Deaths,200,Benin,3,Both,27,Age-standardized,474,Bladder cancer,98,Tobacco,2,Percent,1990,2023,-0.2719973779156245,0.2560919625586344,-0.6030283592129889
1,All Population,1,Deaths,198,Zimbabwe,3,Both,27,Age-standardized,471,Kidney cancer,98,Tobacco,2,Percent,1990,2023,-0.3907712663794024,0.0028317707014445742,-0.6241528685589866
1,All Population,1,Deaths,214,Nigeria,3,Both,27,Age-standardized,441,Colon and rectum cancer,98,Tobacco,2,Percent,1990,2023,-0.4786398269426407,0.014703872984275255,-0.7461857123145925
1,All Population,1,Deaths,298,American Samoa,3,Both,27,Age-standardized,417,Liver cancer,98,Tobacco,2,Percent,1990,2023,-0.10668111034795194,0.41385845365461915,-0.4560195174376713
1,All Population,1,Deaths,176,Comoros,3,Both,27,Age-standardized,432,Cervical cancer,98,Tobacco,2,Percent,1990,2023,-0.12370287270162066,1.8349397124806104,-0.7669455569125807
1,All Population,1,Deaths,176,Comoros,3,Both,27,Age-standardized,438,Prostate cancer,98,Tobacco,2,Percent,1990,2023,-0.31487253560632666,0.22978298471097358,-0.6436642537963541
1,All Population,1,Deaths,176,Comoros,3,Both,27,Age-standardized,441,Colon and rectum cancer,98,Tobacco,2,Percent,1990,2023,-0.17432162601091514,0.4648171477415868,-0.5464372613304271
1,All Population,1,Deaths,376,Northern Mariana Islands,3,Both,27,Age-standardized,423,Larynx cancer,98,Tobacco,2,Percent,1990,2023,-0.12333439205663428,-0.0004430816867908523,-0.25195549946035745
1,All Population,1,Deaths,298,American Samoa,3,Both,27,Age-standardized,432,Cervical cancer,98,Tobacco,2,Percent,1990,2023,-0.1270975675532615,0.8533425188615246,-0.6431244358163068
1,All Population,1,Deaths,217,Sierra Leone,3,Both,27,Age-standardized,426,"Tracheal, bronchus, and lung cancer",98,Tobacco,2,Percent,1990,2023,-0.2338806199988132,-0.003275929148212341,-0.4053520206425324
1,All Population,1,Deaths,298,American Samoa,3,Both,27,Age-standardized,438,Prostate cancer,98,Tobacco,2,Percent,1990,2023,-0.1295106588953737,0.36214339868168754,-0.4403823197391803
1,All Population,1,Deaths,298,American Samoa,3,Both,27,Age-standardized,474,Bladder cancer,98,Tobacco,2,Percent,1990,2023,-0.30027343368815546,0.09501980505183319,-0.5770106657251544
1,All Population,1,Deaths,416,Tuvalu,3,Both,27,Age-standardized,456,Pancreatic cancer,98,Tobacco,2,Percent,1990,2023,-0.01647101073617022,0.591472443985886,-0.3908845900426935
1,All Population,1,Deaths,217,Sierra Leone,3,Both,27,Age-standardized,456,Pancreatic cancer,98,Tobacco,2,Percent,1990,2023,-0.2973804427985152,0.17650375047777833,-0.5831622755513969
1,All Population,1,Deaths,376,Northern Mariana Islands,3,Both,27,Age-standardized,447,Nasopharynx cancer,98,Tobacco,2,Percent,1990,2023,-0.43226022352326327,-0.1394438272768808,-0.6490147215480966
1,All Population,1,Deaths,204,Chad,3,Both,27,Age-standardized,417,Liver cancer,98,Tobacco,2,Percent,1990,2023,-0.21335326428726045,0.32122775637662554,-0.5369351177279889
1,All Population,1,Deaths,396,San Marino,3,Both,27,Age-standardized,444,Lip and oral cavity cancer,98,Tobacco,2,Percent,1990,2023,-0.2856297658178459,0.08599992074987753,-0.5670711518855522
1,All Population,1,Deaths,396,San Marino,3,Both,27,Age-standardized,447,Nasopharynx cancer,98,Tobacco,2,Percent,1990,2023,-0.29125407259173336,0.08788682801015327,-0.5577793941719338
1,All Population,1,Deaths,176,Comoros,3,Both,27,Age-standardized,474,Bladder cancer,98,Tobacco,2,Percent,1990,2023,-0.22863825462287748,0.325862411838088,-0.5648441215193045
1,All Population,1,Deaths,204,Chad,3,Both,27,Age-standardized,432,Cervical cancer,98,Tobacco,2,Percent,1990,2023,-0.45424809456408566,1.1454246196479092,-0.8607241100338429
1,All Population,1,Deaths,213,Niger,3,Both,27,Age-standardized,426,"Tracheal, bronchus, and lung cancer",98,Tobacco,2,Percent,1990,2023,0.14256396127971838,0.6554410593094411,-0.24096056958802511
1,All Population,1,Deaths,396,San Marino,3,Both,27,Age-standardized,487,Leukemia,98,Tobacco,2,Percent,1990,2023,-0.13937144217860833,0.18487023704204894,-0.44881986534645346
1,All Population,1,Deaths,210,Liberia,3,Both,27,Age-standardized,487,Leukemia,98,Tobacco,2,Percent,1990,2023,0.0948186681070596,1.028392553147314,-0.45201565950839273
1,All Population,1,Deaths,213,Niger,3,Both,27,Age-standardized,456,Pancreatic cancer,98,Tobacco,2,Percent,1990,2023,0.1616653227950017,0.9981943309350887,-0.35007475563823326
1,All Population,1,Deaths,202,Cameroon,3,Both,27,Age-standardized,432,Cervical cancer,98,Tobacco,2,Percent,1990,2023,-0.47712550168543755,0.863226308339911,-0.8741961460749569
1,All Population,1,Deaths,202,Cameroon,3,Both,27,Age-standardized,438,Prostate cancer,98,Tobacco,2,Percent,1990,2023,-0.28612951468533954,0.10962562143023614,-0.5716391661201229
1,All Population,1,Deaths,202,Cameroon,3,Both,27,Age-standardized,474,Bladder cancer,98,Tobacco,2,Percent,1990,2023,-0.2313613790042448,0.31382798839579856,-0.5617325605389991
1,All Population,1,Deaths,422,United States Virgin Islands,3,Both,27,Age-standardized,432,Cervical cancer,98,Tobacco,2,Percent,1990,2023,-0.16360491111607867,0.633412316429534,-0.5043774909254372
1,All Population,1,Deaths,422,United States Virgin Islands,3,Both,27,Age-standardized,438,Prostate cancer,98,Tobacco,2,Percent,1990,2023,-0.12314638190354135,0.37268633349891933,-0.480937013498078
1,All Population,1,Deaths,422,United States Virgin Islands,3,Both,27,Age-standardized,441,Colon and rectum cancer,98,Tobacco,2,Percent,1990,2023,-0.13790014739150522,0.2913405793571535,-0.4030681971026569
1,All Population,1,Deaths,393,Saint Kitts and Nevis,3,Both,27,Age-standardized,411,Esophageal cancer,98,Tobacco,2,Percent,1990,2023,-0.26957229525079535,0.22300644811951337,-0.5612687966404478
1,All Population,1,Deaths,393,Saint Kitts and Nevis,3,Both,27,Age-standardized,426,"Tracheal, bronchus, and lung cancer",98,Tobacco,2,Percent,1990,2023,-0.23112264321822426,0.045648771377155783,-0.4673976145994864
1,All Population,1,Deaths,393,Saint Kitts and Nevis,3,Both,27,Age-standardized,456,Pancreatic cancer,98,Tobacco,2,Percent,1990,2023,-0.2015784395028352,0.32562152512639586,-0.5552060045726406
1,All Population,1,Deaths,204,Chad,3,Both,27,Age-standardized,438,Prostate cancer,98,Tobacco,2,Percent,1990,2023,-0.22406097661524751,0.30708142187683757,-0.5570270768216904
1,All Population,1,Deaths,204,Chad,3,Both,27,Age-standardized,474,Bladder cancer,98,Tobacco,2,Percent,1990,2023,-0.2296057919628059,0.4386235299102262,-0.5829218259525393
1,All Population,1,Deaths,522,Sudan,3,Both,27,Age-standardized,423,Larynx cancer,98,Tobacco,2,Percent,1990,2023,0.013686556010975414,0.4868828599766485,-0.28972715103188734
1,All Population,1,Deaths,376,Northern Mariana Islands,3,Both,27,Age-standardized,450,Other pharynx cancer,98,Tobacco,2,Percent,1990,2023,-0.14750047761329307,0.13307045448439153,-0.3671551877408083
1,All Population,1,Deaths,522,Sudan,3,Both,27,Age-standardized,447,Nasopharynx cancer,98,Tobacco,2,Percent,1990,2023,-0.028470925294399457,0.6993192751136297,-0.45938745218147664
1,All Population,1,Deaths,522,Sudan,3,Both,27,Age-standardized,450,Other pharynx cancer,98,Tobacco,2,Percent,1990,2023,-0.12683464038692235,0.4294106456832315,-0.49965791066570425
1,All Population,1,Deaths,396,San Marino,3,Both,27,Age-standardized,450,Other pharynx cancer,98,Tobacco,2,Percent,1990,2023,-0.1980787012918663,0.058494751909719866,-0.4476894374449403
1,All Population,1,Deaths,374,Niue,3,Both,27,Age-standardized,411,Esophageal cancer,98,Tobacco,2,Percent,1990,2023,-0.09892716203162855,0.4062029483887783,-0.40076993874613864
1,All Population,1,Deaths,374,Niue,3,Both,27,Age-standardized,426,"Tracheal, bronchus, and lung cancer",98,Tobacco,2,Percent,1990,2023,-0.0794509261017017,0.20085089845956636,-0.31126414973481953
1,All Population,1,Deaths,374,Niue,3,Both,27,Age-standardized,456,Pancreatic cancer,98,Tobacco,2,Percent,1990,2023,-0.1321831906677614,0.46179242473103843,-0.5217162356980921
1,All Population,1,Deaths,206,Gambia,3,Both,27,Age-standardized,417,Liver cancer,98,Tobacco,2,Percent,1990,2023,-0.35475364004076104,-0.03466743198901396,-0.5957456195190478
1,All Population,1,Deaths,351,Guam,3,Both,27,Age-standardized,411,Esophageal cancer,98,Tobacco,2,Percent,1990,2023,-0.17836994817179969,0.13083405673450205,-0.37575574547416557
1,All Population,1,Deaths,213,Niger,3,Both,27,Age-standardized,438,Prostate cancer,98,Tobacco,2,Percent,1990,2023,0.5208371589157815,1.5920348420273842,-0.11022370816691177
1,All Population,1,Deaths,213,Niger,3,Both,27,Age-standardized,441,Colon and rectum cancer,98,Tobacco,2,Percent,1990,2023,0.20826922726716174,1.266054953697739,-0.3705754920272149
1,All Population,1,Deaths,217,Sierra Leone,3,Both,27,Age-standardized,411,Esophageal cancer,98,Tobacco,2,Percent,1990,2023,-0.2682654495264851,0.1455122835998744,-0.5442626284801193
1,All Population,1,Deaths,413,Tokelau,3,Both,27,Age-standardized,411,Esophageal cancer,98,Tobacco,2,Percent,1990,2023,-0.1278134683171717,0.27656039631492757,-0.410918528117802
1,All Population,1,Deaths,217,Sierra Leone,3,Both,27,Age-standardized,414,Stomach cancer,98,Tobacco,2,Percent,1990,2023,-0.3033555169049563,0.15179550812377876,-0.603046221784548
1,All Population,1,Deaths,217,Sierra Leone,3,Both,27,Age-standardized,417,Liver cancer,98,Tobacco,2,Percent,1990,2023,-0.2873398560540565,0.07293961995438772,-0.5486862374089649
1,All Population,1,Deaths,217,Sierra Leone,3,Both,27,Age-standardized,429,Breast cancer,98,Tobacco,2,Percent,1990,2023,-0.2440250523916868,-0.11826479996590675,-0.35644618875517636
1,All Population,1,Deaths,217,Sierra Leone,3,Both,27,Age-standardized,432,Cervical cancer,98,Tobacco,2,Percent,1990,2023,-0.44875578799159216,0.2680234128339934,-0.7447682556193814
1,All Population,1,Deaths,416,Tuvalu,3,Both,27,Age-standardized,444,Lip and oral cavity cancer,98,Tobacco,2,Percent,1990,2023,-0.07001244459712308,0.3828164868226408,-0.39927500669226434
1,All Population,1,Deaths,413,Tokelau,3,Both,27,Age-standardized,426,"Tracheal, bronchus, and lung cancer",98,Tobacco,2,Percent,1990,2023,-0.05913975409488464,0.17933681400141238,-0.23996424556836887
1,All Population,1,Deaths,196,South Africa,3,Both,27,Age-standardized,411,Esophageal cancer,98,Tobacco,2,Percent,1990,2023,-0.3773981169106189,-0.18206751025681836,-0.5158439477987418
1,All Population,1,Deaths,196,South Africa,3,Both,27,Age-standardized,426,"Tracheal, bronchus, and lung cancer",98,Tobacco,2,Percent,1990,2023,-0.22470096347525137,-0.13554100438105907,-0.3065103655163607
1,All Population,1,Deaths,206,Gambia,3,Both,27,Age-standardized,432,Cervical cancer,98,Tobacco,2,Percent,1990,2023,-0.4362653502038484,0.7888313667378262,-0.8545571648458373
1,All Population,1,Deaths,416,Tuvalu,3,Both,27,Age-standardized,447,Nasopharynx cancer,98,Tobacco,2,Percent,1990,2023,-0.15462318160581312,0.255988019455133,-0.45045754684949346
1,All Population,1,Deaths,416,Tuvalu,3,Both,27,Age-standardized,487,Leukemia,98,Tobacco,2,Percent,1990,2023,-0.09163393499472919,0.66070618290953,-0.46474646854968027
1,All Population,1,Deaths,206,Gambia,3,Both,27,Age-standardized,438,Prostate cancer,98,Tobacco,2,Percent,1990,2023,-0.3221282431237865,0.12242795795132146,-0.5893400339121373
1,All Population,1,Deaths,206,Gambia,3,Both,27,Age-standardized,441,Colon and rectum cancer,98,Tobacco,2,Percent,1990,2023,-0.372564360990475,0.15590572674398873,-0.6352079436224057
1,All Population,1,Deaths,413,Tokelau,3,Both,27,Age-standardized,456,Pancreatic cancer,98,Tobacco,2,Percent,1990,2023,-0.07952955480679155,0.5308647649044358,-0.45998076857414016
1,All Population,1,Deaths,413,Tokelau,3,Both,27,Age-standardized,471,Kidney cancer,98,Tobacco,2,Percent,1990,2023,-0.18225612714906111,0.21642731237833293,-0.4500864678537075
1,All Population,1,Deaths,217,Sierra Leone,3,Both,27,Age-standardized,471,Kidney cancer,98,Tobacco,2,Percent,1990,2023,-0.4264828985301233,-0.05588859192674273,-0.665220399908552
1,All Population,1,Deaths,217,Sierra Leone,3,Both,27,Age-standardized,474,Bladder cancer,98,Tobacco,2,Percent,1990,2023,-0.33764501075819137,0.09331288180814425,-0.6015219419136381
1,All Population,1,Deaths,206,Gambia,3,Both,27,Age-standardized,487,Leukemia,98,Tobacco,2,Percent,1990,2023,-0.08205981819671444,0.6903837512020706,-0.5202552994456364
1,All Population,1,Deaths,380,Palau,3,Both,27,Age-standardized,444,Lip and oral cavity cancer,98,Tobacco,2,Percent,1990,2023,-0.031860699561723015,0.3847316265245491,-0.3355403641065835
1,All Population,1,Deaths,380,Palau,3,Both,27,Age-standardized,447,Nasopharynx cancer,98,Tobacco,2,Percent,1990,2023,0.07648001505889701,0.8955075150565652,-0.3940719936269296
1,All Population,1,Deaths,349,Greenland,3,Both,27,Age-standardized,417,Liver cancer,98,Tobacco,2,Percent,1990,2023,-0.08664000455125856,0.38393424163343887,-0.43572289514766427
1,All Population,1,Deaths,349,Greenland,3,Both,27,Age-standardized,432,Cervical cancer,98,Tobacco,2,Percent,1990,2023,-0.13026267484094425,0.49185039456439167,-0.5590308959677337
1,All Population,1,Deaths,349,Greenland,3,Both,27,Age-standardized,438,Prostate cancer,98,Tobacco,2,Percent,1990,2023,-0.20601783742896088,0.1657167446279171,-0.47937954589982135
1,All Population,1,Deaths,380,Palau,3,Both,27,Age-standardized,487,Leukemia,98,Tobacco,2,Percent,1990,2023,-0.04579177352907966,0.5754178175587538,-0.4252362424844532
1,All Population,1,Deaths,194,Lesotho,3,Both,27,Age-standardized,423,Larynx cancer,98,Tobacco,2,Percent,1990,2023,-0.12429067161955323,0.08332898708758985,-0.2942457519709925
1,All Population,1,Deaths,194,Lesotho,3,Both,27,Age-standardized,444,Lip and oral cavity cancer,98,Tobacco,2,Percent,1990,2023,-0.22500635901915783,0.21860820232334147,-0.4975574684661096
1,All Population,1,Deaths,194,Lesotho,3,Both,27,Age-standardized,447,Nasopharynx cancer,98,Tobacco,2,Percent,1990,2023,-0.24599086563469127,0.2525127249087501,-0.5463890976358463
1,All Population,1,Deaths,194,Lesotho,3,Both,27,Age-standardized,450,Other pharynx cancer,98,Tobacco,2,Percent,1990,2023,-0.037509326388530585,0.43181578369037343,-0.32270133453885086
1,All Population,1,Deaths,208,Guinea,3,Both,27,Age-standardized,414,Stomach cancer,98,Tobacco,2,Percent,1990,2023,-0.1503727571579312,0.5781919079158192,-0.5848438630170868
1,All Population,1,Deaths,208,Guinea,3,Both,27,Age-standardized,417,Liver cancer,98,Tobacco,2,Percent,1990,2023,-0.13724689078427654,0.5278521185467383,-0.5175075205788953
1,All Population,1,Deaths,208,Guinea,3,Both,27,Age-standardized,429,Breast cancer,98,Tobacco,2,Percent,1990,2023,-0.12794204085029756,0.07032821543911691,-0.2798355510671814
1,All Population,1,Deaths,208,Guinea,3,Both,27,Age-standardized,432,Cervical cancer,98,Tobacco,2,Percent,1990,2023,-0.11609770264331595,1.970970488443235,-0.7675941775071529
1,All Population,1,Deaths,198,Zimbabwe,3,Both,27,Age-standardized,441,Colon and rectum cancer,98,Tobacco,2,Percent,1990,2023,-0.254907879156917,0.3166242802842043,-0.5855058739581173
1,All Population,1,Deaths,208,Guinea,3,Both,27,Age-standardized,438,Prostate cancer,98,Tobacco,2,Percent,1990,2023,-0.0353729703076794,0.6864388555603034,-0.4428469439150075
1,All Population,1,Deaths,208,Guinea,3,Both,27,Age-standardized,474,Bladder cancer,98,Tobacco,2,Percent,1990,2023,-0.11272771454169338,0.4827965223494429,-0.502100180312634
1,All Population,1,Deaths,198,Zimbabwe,3,Both,27,Age-standardized,444,Lip and oral cavity cancer,98,Tobacco,2,Percent,1990,2023,-0.2837568356770571,0.0032683512168025413,-0.5083928842185829
1,All Population,1,Deaths,196,South Africa,3,Both,27,Age-standardized,456,Pancreatic cancer,98,Tobacco,2,Percent,1990,2023,-0.3488952187070826,-0.1434975733917219,-0.5165801388905706
1,All Population,1,Deaths,349,Greenland,3,Both,27,Age-standardized,441,Colon and rectum cancer,98,Tobacco,2,Percent,1990,2023,-0.12432467445031037,0.5710886600633337,-0.5396483063062267
1,All Population,1,Deaths,198,Zimbabwe,3,Both,27,Age-standardized,487,Leukemia,98,Tobacco,2,Percent,1990,2023,-0.45189083761089305,-0.04965765975507299,-0.6871572922702096
1,All Population,1,Deaths,305,Bermuda,3,Both,27,Age-standardized,444,Lip and oral cavity cancer,98,Tobacco,2,Percent,1990,2023,-0.2807599295198686,0.11452890579985638,-0.5675244052884927
1,All Population,1,Deaths,305,Bermuda,3,Both,27,Age-standardized,447,Nasopharynx cancer,98,Tobacco,2,Percent,1990,2023,-0.32796821381430596,0.09804050350376299,-0.5732191640013824
1,All Population,1,Deaths,367,Monaco,3,Both,27,Age-standardized,411,Esophageal cancer,98,Tobacco,2,Percent,1990,2023,-0.16486573994111156,0.3332665586866986,-0.45365724041153493
1,All Population,1,Deaths,367,Monaco,3,Both,27,Age-standardized,414,Stomach cancer,98,Tobacco,2,Percent,1990,2023,-0.20420458613318043,0.32354368674116857,-0.5317807865449977
1,All Population,1,Deaths,305,Bermuda,3,Both,27,Age-standardized,487,Leukemia,98,Tobacco,2,Percent,1990,2023,-0.3228674161523061,0.11816102137944912,-0.6039736867793594
1,All Population,1,Deaths,367,Monaco,3,Both,27,Age-standardized,417,Liver cancer,98,Tobacco,2,Percent,1990,2023,-0.15715412992650374,0.24709913851152845,-0.46778195083548035
1,All Population,1,Deaths,367,Monaco,3,Both,27,Age-standardized,429,Breast cancer,98,Tobacco,2,Percent,1990,2023,-0.2979718206211652,0.09267364603561469,-0.5632932776880337
1,All Population,1,Deaths,367,Monaco,3,Both,27,Age-standardized,471,Kidney cancer,98,Tobacco,2,Percent,1990,2023,-0.2063890156325723,0.2750474514623428,-0.5141298683453018
1,All Population,1,Deaths,367,Monaco,3,Both,27,Age-standardized,474,Bladder cancer,98,Tobacco,2,Percent,1990,2023,-0.2695415231055145,0.08804577831491384,-0.524717057142104
1,All Population,1,Deaths,215,Sao Tome and Principe,3,Both,27,Age-standardized,414,Stomach cancer,98,Tobacco,2,Percent,1990,2023,0.2890159384443693,1.3123841472704774,-0.31564772352192605
1,All Population,1,Deaths,215,Sao Tome and Principe,3,Both,27,Age-standardized,417,Liver cancer,98,Tobacco,2,Percent,1990,2023,0.12159428308451431,0.820974242710123,-0.33386623114934294
1,All Population,1,Deaths,215,Sao Tome and Principe,3,Both,27,Age-standardized,429,Breast cancer,98,Tobacco,2,Percent,1990,2023,0.11415799980083835,0.47934741054392016,-0.15053489654060184
1,All Population,1,Deaths,215,Sao Tome and Principe,3,Both,27,Age-standardized,432,Cervical cancer,98,Tobacco,2,Percent,1990,2023,0.1473510219017811,2.357991078952572,-0.6543854906197221
1,All Population,1,Deaths,215,Sao Tome and Principe,3,Both,27,Age-standardized,471,Kidney cancer,98,Tobacco,2,Percent,1990,2023,0.5395179184737441,1.8689179043213189,-0.10161021088871618
1,All Population,1,Deaths,215,Sao Tome and Principe,3,Both,27,Age-standardized,474,Bladder cancer,98,Tobacco,2,Percent,1990,2023,0.37342265367799604,1.3731169848232854,-0.24144149088539907
1,All Population,1,Deaths,435,South Sudan,3,Both,27,Age-standardized,414,Stomach cancer,98,Tobacco,2,Percent,1990,2023,0.023093432241769716,0.9182275150428192,-0.4756549334089487
1,All Population,1,Deaths,435,South Sudan,3,Both,27,Age-standardized,417,Liver cancer,98,Tobacco,2,Percent,1990,2023,0.04403427549366091,0.8456379835250023,-0.4183355749657305
1,All Population,1,Deaths,376,Northern Mariana Islands,3,Both,27,Age-standardized,414,Stomach cancer,98,Tobacco,2,Percent,1990,2023,-0.23241963159370332,0.31147390890830584,-0.5667284578808985
1,All Population,1,Deaths,376,Northern Mariana Islands,3,Both,27,Age-standardized,417,Liver cancer,98,Tobacco,2,Percent,1990,2023,-0.27764796546924214,0.13940022381254,-0.56917800303946
1,All Population,1,Deaths,376,Northern Mariana Islands,3,Both,27,Age-standardized,429,Breast cancer,98,Tobacco,2,Percent,1990,2023,-0.13267450259001023,0.05967391673759392,-0.3163686279892661
1,All Population,1,Deaths,376,Northern Mariana Islands,3,Both,27,Age-standardized,432,Cervical cancer,98,Tobacco,2,Percent,1990,2023,-0.05868127772042245,1.3305563096596447,-0.6470421237520853
1,All Population,1,Deaths,376,Northern Mariana Islands,3,Both,27,Age-standardized,438,Prostate cancer,98,Tobacco,2,Percent,1990,2023,-0.2499222372818773,0.164341595365801,-0.527641830554458
1,All Population,1,Deaths,435,South Sudan,3,Both,27,Age-standardized,429,Breast cancer,98,Tobacco,2,Percent,1990,2023,0.027334149315196773,0.3347258001997961,-0.19640557898227093
1,All Population,1,Deaths,435,South Sudan,3,Both,27,Age-standardized,432,Cervical cancer,98,Tobacco,2,Percent,1990,2023,0.1778497012329868,2.6231737056370523,-0.6609308943985763
1,All Population,1,Deaths,435,South Sudan,3,Both,27,Age-standardized,474,Bladder cancer,98,Tobacco,2,Percent,1990,2023,0.008784927128024284,0.8758652374026821,-0.5055890925522794
1,All Population,1,Deaths,385,Puerto Rico,3,Both,27,Age-standardized,423,Larynx cancer,98,Tobacco,2,Percent,1990,2023,-0.07308273721391688,0.03963150449725624,-0.16007194729554983
1,All Population,1,Deaths,416,Tuvalu,3,Both,27,Age-standardized,411,Esophageal cancer,98,Tobacco,2,Percent,1990,2023,-0.04156691212694678,0.4379806167961085,-0.3346798094538745
1,All Population,1,Deaths,416,Tuvalu,3,Both,27,Age-standardized,414,Stomach cancer,98,Tobacco,2,Percent,1990,2023,-0.033743835848753366,0.6233498793949392,-0.43996595420842416
1,All Population,1,Deaths,416,Tuvalu,3,Both,27,Age-standardized,417,Liver cancer,98,Tobacco,2,Percent,1990,2023,0.03947682041157213,0.6438328244098136,-0.32998528465915783
1,All Population,1,Deaths,385,Puerto Rico,3,Both,27,Age-standardized,426,"Tracheal, bronchus, and lung cancer",98,Tobacco,2,Percent,1990,2023,-0.14937773694235285,-0.008605906900281962,-0.25861189538993556
1,All Population,1,Deaths,385,Puerto Rico,3,Both,27,Age-standardized,450,Other pharynx cancer,98,Tobacco,2,Percent,1990,2023,-0.13283438492447205,0.060298543299126,-0.2747938491579131
1,All Population,1,Deaths,385,Puerto Rico,3,Both,27,Age-standardized,456,Pancreatic cancer,98,Tobacco,2,Percent,1990,2023,-0.16209051800203153,0.09991850772456422,-0.3444290646723587
1,All Population,1,Deaths,416,Tuvalu,3,Both,27,Age-standardized,429,Breast cancer,98,Tobacco,2,Percent,1990,2023,0.054112997649457616,0.22991876887123402,-0.11558634269887055
1,All Population,1,Deaths,416,Tuvalu,3,Both,27,Age-standardized,471,Kidney cancer,98,Tobacco,2,Percent,1990,2023,-0.1444350248156231,0.3176284534082618,-0.4359269546530582
1,All Population,1,Deaths,416,Tuvalu,3,Both,27,Age-standardized,474,Bladder cancer,98,Tobacco,2,Percent,1990,2023,-0.10964916440769522,0.35476542133927486,-0.41193564751537926
1,All Population,1,Deaths,396,San Marino,3,Both,27,Age-standardized,411,Esophageal cancer,98,Tobacco,2,Percent,1990,2023,-0.18780795444536255,0.05185928650791378,-0.3985925613004201
1,All Population,1,Deaths,376,Northern Mariana Islands,3,Both,27,Age-standardized,474,Bladder cancer,98,Tobacco,2,Percent,1990,2023,-0.43431155193422855,-0.16465875771086608,-0.6545016144905248
1,All Population,1,Deaths,369,Nauru,3,Both,27,Age-standardized,423,Larynx cancer,98,Tobacco,2,Percent,1990,2023,-0.04548922729813058,0.1285319642513411,-0.18993910474476428
1,All Population,1,Deaths,369,Nauru,3,Both,27,Age-standardized,447,Nasopharynx cancer,98,Tobacco,2,Percent,1990,2023,-0.11420109256986019,0.28394459264251726,-0.3970663886717458
1,All Population,1,Deaths,369,Nauru,3,Both,27,Age-standardized,450,Other pharynx cancer,98,Tobacco,2,Percent,1990,2023,-0.06378186218700835,0.230433418553102,-0.3069466824290612
1,All Population,1,Deaths,396,San Marino,3,Both,27,Age-standardized,414,Stomach cancer,98,Tobacco,2,Percent,1990,2023,-0.2662039701704619,0.16651725106769846,-0.5702178791148891
1,All Population,1,Deaths,396,San Marino,3,Both,27,Age-standardized,426,"Tracheal, bronchus, and lung cancer",98,Tobacco,2,Percent,1990,2023,-0.1624134786268277,0.017682991169852873,-0.31947136195359493
1,All Population,1,Deaths,396,San Marino,3,Both,27,Age-standardized,429,Breast cancer,98,Tobacco,2,Percent,1990,2023,-0.22539449975602724,0.14093932966422584,-0.5088472098122808
1,All Population,1,Deaths,396,San Marino,3,Both,27,Age-standardized,456,Pancreatic cancer,98,Tobacco,2,Percent,1990,2023,-0.273352733521382,0.21004553025367528,-0.5937465870681827
1,All Population,1,Deaths,396,San Marino,3,Both,27,Age-standardized,471,Kidney cancer,98,Tobacco,2,Percent,1990,2023,-0.23678029788698887,0.15480783807832255,-0.535464542457596
1,All Population,1,Deaths,522,Sudan,3,Both,27,Age-standardized,414,Stomach cancer,98,Tobacco,2,Percent,1990,2023,0.018184256892719616,0.8239238309641107,-0.490234985149741
1,All Population,1,Deaths,522,Sudan,3,Both,27,Age-standardized,417,Liver cancer,98,Tobacco,2,Percent,1990,2023,0.010116459848501479,0.6876898944838541,-0.45678422975933836
1,All Population,1,Deaths,522,Sudan,3,Both,27,Age-standardized,429,Breast cancer,98,Tobacco,2,Percent,1990,2023,0.01918229820298808,0.2421558018248293,-0.16673251670132938
1,All Population,1,Deaths,522,Sudan,3,Both,27,Age-standardized,432,Cervical cancer,98,Tobacco,2,Percent,1990,2023,-0.2534315735625978,1.2472699336801147,-0.7823745670881727
1,All Population,1,Deaths,522,Sudan,3,Both,27,Age-standardized,438,Prostate cancer,98,Tobacco,2,Percent,1990,2023,0.28713820305928883,0.9697363292756338,-0.21379183541649155
1,All Population,1,Deaths,522,Sudan,3,Both,27,Age-standardized,474,Bladder cancer,98,Tobacco,2,Percent,1990,2023,0.015642386353271604,0.6814088415354573,-0.3887322311627005
